title,year,rating,votes,genre,movie_age,decade,rating_category,votes_category
Avatar,2009,7.2,11800,Action Adventure Fantasy Science Fiction,17,2000,Good,Popular
Pirates Of The Caribbean: At World'S End,2007,6.9,4500,Adventure Fantasy Action,19,2000,Average,Moderate
Spectre,2015,6.3,4466,Action Adventure Crime,11,2010,Average,Moderate
The Dark Knight Rises,2012,7.6,9106,Action Crime Drama Thriller,14,2010,Good,Moderate
John Carter,2012,6.1,2124,Action Adventure Science Fiction,14,2010,Average,Moderate
Spider-Man 3,2007,5.9,3576,Fantasy Action Adventure,19,2000,Poor,Moderate
Tangled,2010,7.4,3330,Animation Family,16,2010,Good,Moderate
Avengers: Age Of Ultron,2015,7.3,6767,Action Adventure Science Fiction,11,2010,Good,Moderate
Harry Potter And The Half-Blood Prince,2009,7.4,5293,Adventure Fantasy Family,17,2000,Good,Moderate
Batman V Superman: Dawn Of Justice,2016,5.7,7004,Action Adventure Fantasy,10,2010,Poor,Moderate
Superman Returns,2006,5.4,1400,Adventure Fantasy Action Science Fiction,20,2000,Poor,Moderate
Quantum Of Solace,2008,6.1,2965,Adventure Action Thriller Crime,18,2000,Average,Moderate
Pirates Of The Caribbean: Dead Man'S Chest,2006,7.0,5246,Adventure Fantasy Action,20,2000,Average,Moderate
The Lone Ranger,2013,5.9,2311,Action Adventure Western,13,2010,Poor,Moderate
Man Of Steel,2013,6.5,6359,Action Adventure Fantasy Science Fiction,13,2010,Average,Moderate
The Chronicles Of Narnia: Prince Caspian,2008,6.3,1630,Adventure Family Fantasy,18,2000,Average,Moderate
The Avengers,2012,7.4,11776,Science Fiction Action Adventure,14,2010,Good,Popular
Pirates Of The Caribbean: On Stranger Tides,2011,6.4,4948,Adventure Action Fantasy,15,2010,Average,Moderate
Men In Black 3,2012,6.2,4160,Action Comedy Science Fiction,14,2010,Average,Moderate
The Hobbit: The Battle Of The Five Armies,2014,7.1,4760,Action Adventure Fantasy,12,2010,Good,Moderate
The Amazing Spider-Man,2012,6.5,6586,Action Adventure Fantasy,14,2010,Average,Moderate
Robin Hood,2010,6.2,1398,Action Adventure,16,2010,Average,Moderate
The Hobbit: The Desolation Of Smaug,2013,7.6,4524,Adventure Fantasy,13,2010,Good,Moderate
The Golden Compass,2007,5.8,1303,Adventure Fantasy,19,2000,Poor,Moderate
King Kong,2005,6.6,2337,Adventure Drama Action,21,2000,Average,Moderate
Titanic,1997,7.5,7562,Drama Romance Thriller,29,1990,Good,Moderate
Captain America: Civil War,2016,7.1,7241,Adventure Action Science Fiction,10,2010,Good,Moderate
Battleship,2012,5.5,2114,Thriller Action Adventure Science Fiction,14,2010,Poor,Moderate
Jurassic World,2015,6.5,8662,Action Adventure Science Fiction Thriller,11,2010,Average,Moderate
Skyfall,2012,6.9,7604,Action Adventure Thriller,14,2010,Average,Moderate
Spider-Man 2,2004,6.7,4321,Action Adventure Fantasy,22,2000,Average,Moderate
Iron Man 3,2013,6.8,8806,Action Adventure Science Fiction,13,2010,Average,Moderate
Alice In Wonderland,2010,6.4,4645,Family Fantasy Adventure,16,2010,Average,Moderate
X-Men: The Last Stand,2006,6.3,3525,Adventure Action Science Fiction Thriller,20,2000,Average,Moderate
Monsters University,2013,7.0,3528,Animation Family,13,2010,Average,Moderate
Transformers: Revenge Of The Fallen,2009,6.0,3138,Science Fiction Action Adventure,17,2000,Poor,Moderate
Transformers: Age Of Extinction,2014,5.8,3095,Science Fiction Action Adventure,12,2010,Poor,Moderate
Oz: The Great And Powerful,2013,5.7,3530,Fantasy Adventure Family,13,2010,Poor,Moderate
The Amazing Spider-Man 2,2014,6.5,4179,Action Adventure Fantasy,12,2010,Average,Moderate
Tron: Legacy,2010,6.3,2841,Adventure Action Science Fiction,16,2010,Average,Moderate
Cars 2,2011,5.8,2033,Animation Family Adventure Comedy,15,2010,Poor,Moderate
Green Lantern,2011,5.1,2487,Adventure Action Thriller Science Fiction,15,2010,Poor,Moderate
Toy Story 3,2010,7.6,4597,Animation Family Comedy,16,2010,Good,Moderate
Terminator Salvation,2009,5.9,2463,Action Science Fiction Thriller,17,2000,Poor,Moderate
Furious 7,2015,7.3,4176,Action,11,2010,Good,Moderate
World War Z,2013,6.7,5560,Action Drama Horror Science Fiction Thriller,13,2010,Average,Moderate
X-Men: Days Of Future Past,2014,7.5,6032,Action Adventure Fantasy Science Fiction,12,2010,Good,Moderate
Star Trek Into Darkness,2013,7.4,4418,Action Adventure Science Fiction,13,2010,Good,Moderate
Jack The Giant Slayer,2013,5.5,2598,Action Family Fantasy,13,2010,Poor,Moderate
The Great Gatsby,2013,7.3,3769,Drama Romance,13,2010,Good,Moderate
Prince Of Persia: The Sands Of Time,2010,6.2,2317,Adventure Fantasy Action Romance,16,2010,Average,Moderate
Pacific Rim,2013,6.7,4794,Action Science Fiction Adventure,13,2010,Average,Moderate
Transformers: Dark Of The Moon,2011,6.1,3299,Action Science Fiction Adventure,15,2010,Average,Moderate
Indiana Jones And The Kingdom Of The Crystal Skull,2008,5.7,2495,Adventure Action,18,2000,Poor,Moderate
The Good Dinosaur,2015,6.6,1736,Adventure Animation Family,11,2010,Average,Moderate
Brave,2012,6.7,4641,Animation Adventure Comedy Family Action,14,2010,Average,Moderate
Star Trek Beyond,2016,6.6,2568,Action Adventure Science Fiction,10,2010,Average,Moderate
Wall·E,2008,7.8,6296,Animation Family,18,2000,Good,Moderate
Rush Hour 3,2007,6.1,783,Action Comedy Crime Thriller,19,2000,Average,Low
2012,2009,5.6,4903,Action Adventure Science Fiction,17,2000,Poor,Moderate
A Christmas Carol,2009,6.6,1095,Animation Drama,17,2000,Average,Moderate
Jupiter Ascending,2015,5.2,2768,Science Fiction Fantasy Action Adventure,11,2010,Poor,Moderate
The Legend Of Tarzan,2016,5.5,2430,Action Adventure,10,2010,Poor,Moderate
"The Chronicles Of Narnia: The Lion, The Witch And The Wardrobe",2005,6.7,2629,Adventure Family Fantasy,21,2000,Average,Moderate
X-Men: Apocalypse,2016,6.4,4721,Science Fiction,10,2010,Average,Moderate
The Dark Knight,2008,8.2,12002,Drama Action Crime Thriller,18,2000,Excellent,Popular
Up,2009,7.7,6870,Animation Comedy Family Adventure,17,2000,Good,Moderate
Monsters Vs Aliens,2009,6.0,1423,Animation Family Adventure Science Fiction,17,2000,Poor,Moderate
Iron Man,2008,7.4,8776,Action Science Fiction Adventure,18,2000,Good,Moderate
Hugo,2011,7.0,2141,Adventure Drama Family,15,2010,Average,Moderate
Wild Wild West,1999,5.1,1020,Action Adventure Comedy Science Fiction Western,27,1990,Poor,Moderate
The Mummy: Tomb Of The Dragon Emperor,2008,5.2,1387,Adventure Action Fantasy,18,2000,Poor,Moderate
Suicide Squad,2016,5.9,7458,Action Adventure Crime Fantasy Science Fiction,10,2010,Poor,Moderate
Evan Almighty,2007,5.3,1151,Fantasy Comedy Family,19,2000,Poor,Moderate
Edge Of Tomorrow,2014,7.6,4858,Action Science Fiction,12,2010,Good,Moderate
Waterworld,1995,5.9,992,Adventure Action,31,1990,Poor,Low
G.I. Joe: The Rise Of Cobra,2009,5.6,1962,Adventure Action Thriller Science Fiction,17,2000,Poor,Moderate
Inside Out,2015,8.0,6560,Drama Comedy Animation Family,11,2010,Good,Moderate
The Jungle Book,2016,6.7,2892,Family Adventure Drama Fantasy,10,2010,Average,Moderate
Iron Man 2,2010,6.6,6849,Adventure Action Science Fiction,16,2010,Average,Moderate
Snow White And The Huntsman,2012,5.8,3118,Adventure Fantasy Drama,14,2010,Poor,Moderate
Maleficent,2014,7.0,4496,Fantasy Adventure Action Family Romance,12,2010,Average,Moderate
Dawn Of The Planet Of The Apes,2014,7.3,4410,Science Fiction Action Drama Thriller,12,2010,Good,Moderate
The Lovers,2015,4.8,34,Action Adventure Science Fiction Romance,11,2010,Poor,Low
47 Ronin,2013,5.9,1326,Drama Action Adventure Fantasy,13,2010,Poor,Moderate
Captain America: The Winter Soldier,2014,7.6,5764,Action Adventure Science Fiction,12,2010,Good,Moderate
Shrek Forever After,2010,6.0,1959,Comedy Adventure Fantasy Animation Family,16,2010,Poor,Moderate
Tomorrowland,2015,6.2,2846,Adventure Family Mystery Science Fiction,11,2010,Average,Moderate
Big Hero 6,2014,7.8,6135,Adventure Family Animation Action Comedy,12,2010,Good,Moderate
Wreck-It Ralph,2012,7.1,4570,Family Animation Comedy Adventure,14,2010,Good,Moderate
The Polar Express,2004,6.4,1474,Adventure Animation Family Fantasy,22,2000,Average,Moderate
Independence Day: Resurgence,2016,4.9,2491,Action Adventure Science Fiction,10,2010,Poor,Moderate
How To Train Your Dragon,2010,7.5,4227,Fantasy Adventure Animation Family,16,2010,Good,Moderate
Terminator 3: Rise Of The Machines,2003,5.9,2143,Action Thriller Science Fiction,23,2000,Poor,Moderate
Guardians Of The Galaxy,2014,7.9,9742,Action Science Fiction Adventure,12,2010,Good,Moderate
Interstellar,2014,8.1,10867,Adventure Drama Science Fiction,12,2010,Excellent,Popular
Inception,2010,8.1,13752,Action Thriller Science Fiction Mystery Adventure,16,2010,Excellent,Popular
Shin Godzilla,2016,6.5,143,Action Adventure Drama Horror Science Fiction,10,2010,Average,Low
The Hobbit: An Unexpected Journey,2012,7.0,8297,Adventure Fantasy Action,14,2010,Average,Moderate
The Fast And The Furious,2001,6.6,3428,Action Crime Thriller,25,2000,Average,Moderate
The Curious Case Of Benjamin Button,2008,7.3,3292,Fantasy Drama Thriller Mystery Romance,18,2000,Good,Moderate
X-Men: First Class,2011,7.1,5181,Action Science Fiction Adventure,15,2010,Good,Moderate
The Hunger Games: Mockingjay - Part 2,2015,6.6,3984,Action Adventure Science Fiction,11,2010,Average,Moderate
The Sorcerer'S Apprentice,2010,5.8,1470,Fantasy Adventure Action Comedy Drama,16,2010,Poor,Moderate
Poseidon,2006,5.5,583,Adventure Action Drama Thriller,20,2000,Poor,Low
Alice Through The Looking Glass,2016,6.5,1725,Fantasy,10,2010,Average,Moderate
Shrek The Third,2007,6.0,2278,Fantasy Adventure Animation Comedy Family,19,2000,Poor,Moderate
Warcraft,2016,6.3,2268,Action Adventure Fantasy,10,2010,Average,Moderate
Terminator Genisys,2015,5.8,3631,Science Fiction Action Thriller Adventure,11,2010,Poor,Moderate
The Chronicles Of Narnia: The Voyage Of The Dawn Treader,2010,6.2,1514,Adventure Family Fantasy,16,2010,Average,Moderate
Pearl Harbor,2001,6.6,1791,History Romance War,25,2000,Average,Moderate
Transformers,2007,6.6,4040,Adventure Science Fiction Action,19,2000,Average,Moderate
Alexander,2004,5.6,927,War History Action Adventure Drama,22,2000,Poor,Low
Harry Potter And The Order Of The Phoenix,2007,7.4,5494,Adventure Fantasy Family Mystery,19,2000,Good,Moderate
Harry Potter And The Goblet Of Fire,2005,7.5,5608,Adventure Fantasy Family,21,2000,Good,Moderate
Hancock,2008,6.2,2961,Fantasy Action,18,2000,Average,Moderate
I Am Legend,2007,6.9,4853,Drama Horror Action Thriller Science Fiction,19,2000,Average,Moderate
Charlie And The Chocolate Factory,2005,6.7,3624,Adventure Comedy Family Fantasy,21,2000,Average,Moderate
Ratatouille,2007,7.5,4369,Animation Comedy Family Fantasy,19,2000,Good,Moderate
Batman Begins,2005,7.5,7359,Action Crime Drama,21,2000,Good,Moderate
Madagascar: Escape 2 Africa,2008,6.2,1810,Family Animation,18,2000,Average,Moderate
Night At The Museum: Battle Of The Smithsonian,2009,5.9,1971,Adventure Fantasy Action Comedy Family,17,2000,Poor,Moderate
X-Men Origins: Wolverine,2009,6.2,4021,Adventure Action Thriller Science Fiction,17,2000,Average,Moderate
The Matrix Revolutions,2003,6.4,3096,Adventure Action Thriller Science Fiction,23,2000,Average,Moderate
Frozen,2013,7.3,5295,Animation Adventure Family,13,2010,Good,Moderate
The Matrix Reloaded,2003,6.7,3443,Adventure Action Thriller Science Fiction,23,2000,Average,Moderate
Thor: The Dark World,2013,6.8,4755,Action Adventure Fantasy,13,2010,Average,Moderate
Mad Max: Fury Road,2015,7.2,9427,Action Adventure Science Fiction Thriller,11,2010,Good,Moderate
Angels & Demons,2009,6.5,2129,Thriller Mystery,17,2000,Average,Moderate
Thor,2011,6.6,6525,Adventure Fantasy Action,15,2010,Average,Moderate
Bolt,2008,6.3,1750,Animation Family Adventure Comedy,18,2000,Average,Moderate
G-Force,2009,5.1,510,Fantasy Action Adventure Family Comedy,17,2000,Poor,Low
Wrath Of The Titans,2012,5.5,1431,Adventure,14,2010,Poor,Moderate
Dark Shadows,2012,5.7,2320,Comedy Fantasy,14,2010,Poor,Moderate
Mission: Impossible - Rogue Nation,2015,7.1,3224,Action Adventure Thriller,11,2010,Good,Moderate
The Wolfman,2010,5.5,549,Drama Horror Thriller,16,2010,Poor,Low
Bee Movie,2007,5.7,1171,Family Animation Adventure Comedy,19,2000,Poor,Moderate
Kung Fu Panda 2,2011,6.7,1880,Animation Family,15,2010,Average,Moderate
The Last Airbender,2010,4.7,1151,Action Adventure Family Fantasy,16,2010,Poor,Moderate
Mission: Impossible Iii,2006,6.5,2028,Adventure Action Thriller,20,2000,Average,Moderate
White House Down,2013,6.4,1891,Action Drama Thriller,13,2010,Average,Moderate
Mars Needs Moms,2011,5.5,199,Adventure Animation Family,15,2010,Poor,Low
Flushed Away,2006,6.0,874,Adventure Animation Comedy Family,20,2000,Poor,Low
Pan,2015,5.9,954,Adventure Family Fantasy,11,2010,Poor,Low
Mr. Peabody & Sherman,2014,6.7,843,Animation Adventure Family,12,2010,Average,Low
Troy,2004,6.9,2759,Adventure Drama War,22,2000,Average,Moderate
Madagascar 3: Europe'S Most Wanted,2012,6.4,1808,Animation Family,14,2010,Average,Moderate
Die Another Day,2002,5.8,1092,Adventure Action Thriller,24,2000,Poor,Moderate
Ghostbusters,2016,5.3,2142,Action Fantasy Comedy,10,2010,Poor,Moderate
Armageddon,1998,6.4,2482,Action Thriller Science Fiction Adventure,28,1990,Average,Moderate
Men In Black Ii,2002,6.0,3114,Action Adventure Comedy Science Fiction,24,2000,Poor,Moderate
Beowulf,2007,5.5,841,Adventure Action Animation,19,2000,Poor,Low
Kung Fu Panda 3,2016,6.7,1603,Action Adventure Animation Comedy Family,10,2010,Average,Moderate
Mission: Impossible - Ghost Protocol,2011,6.8,3972,Action Thriller Adventure,15,2010,Average,Moderate
Rise Of The Guardians,2012,7.1,1922,Fantasy Animation Family,14,2010,Good,Moderate
Fun With Dick And Jane,2005,5.9,627,Comedy,21,2000,Poor,Low
The Last Samurai,2003,7.3,1895,Drama Action War History,23,2000,Good,Moderate
Exodus: Gods And Kings,2014,5.6,1921,Adventure Drama Action,12,2010,Poor,Moderate
Star Trek,2009,7.4,4518,Science Fiction Action Adventure,17,2000,Good,Moderate
Spider-Man,2002,6.8,5265,Fantasy Action,24,2000,Average,Moderate
How To Train Your Dragon 2,2014,7.6,3106,Fantasy Action Adventure Animation Comedy,12,2010,Good,Moderate
Gods Of Egypt,2016,5.3,1277,Fantasy,10,2010,Poor,Moderate
Stealth,2005,4.9,331,Action,21,2000,Poor,Low
Watchmen,2009,7.0,2811,Action Mystery Science Fiction,17,2000,Average,Moderate
Lethal Weapon 4,1998,6.3,767,Action Adventure Comedy Crime Thriller,28,1990,Average,Low
Hulk,2003,5.3,1533,Drama Action Science Fiction,23,2000,Poor,Moderate
G.I. Joe: Retaliation,2013,5.4,3025,Adventure Action Science Fiction Thriller,13,2010,Poor,Moderate
Sahara,2005,5.7,434,Action Adventure Comedy Drama Mystery,21,2000,Poor,Low
Final Fantasy: The Spirits Within,2001,5.9,433,Adventure Action Animation Fantasy Science Fiction,25,2000,Poor,Low
Captain America: The First Avenger,2011,6.6,7047,Action Adventure Science Fiction,15,2010,Average,Moderate
The World Is Not Enough,1999,6.0,862,Adventure Action Thriller,27,1990,Poor,Low
Master And Commander: The Far Side Of The World,2003,6.9,790,Adventure,23,2000,Average,Low
The Twilight Saga: Breaking Dawn - Part 2,2012,6.1,2553,Adventure Fantasy Drama Romance,14,2010,Average,Moderate
Happy Feet Two,2011,5.8,373,Animation Comedy Family,15,2010,Poor,Low
The Incredible Hulk,2008,6.1,3021,Science Fiction Action Adventure,18,2000,Average,Moderate
The Bfg,2016,6.0,1000,Adventure Family Fantasy,10,2010,Poor,Low
The Revenant,2015,7.3,6396,Western Drama Adventure Thriller,11,2010,Good,Moderate
Turbo,2013,6.1,1074,Animation Family,13,2010,Average,Moderate
Rango,2011,6.6,2051,Animation Comedy Family Western Adventure,15,2010,Average,Moderate
Penguins Of Madagascar,2014,6.5,1346,Family Animation Adventure Comedy,12,2010,Average,Moderate
The Bourne Ultimatum,2007,7.3,2888,Action Drama Mystery Thriller,19,2000,Good,Moderate
Kung Fu Panda,2008,6.9,3145,Adventure Animation Family Comedy,18,2000,Average,Moderate
Ant-Man,2015,7.0,5880,Science Fiction Action Adventure,11,2010,Average,Moderate
The Hunger Games: Catching Fire,2013,7.4,6495,Adventure Action Science Fiction,13,2010,Good,Moderate
Home,2015,6.8,1519,Fantasy Comedy Animation Science Fiction Family,11,2010,Average,Moderate
War Of The Worlds,2005,6.2,2322,Adventure Thriller Science Fiction,21,2000,Average,Moderate
Bad Boys Ii,2003,6.3,1564,Adventure Action Comedy Thriller Crime,23,2000,Average,Moderate
Puss In Boots,2011,6.4,451,Action Adventure Animation Family Fantasy,15,2010,Average,Low
Salt,2010,6.2,2093,Action Mystery Thriller,16,2010,Average,Moderate
Noah,2014,5.6,2350,Drama Adventure,12,2010,Poor,Moderate
The Adventures Of Tintin,2011,6.7,2061,Adventure Animation Mystery,15,2010,Average,Moderate
Harry Potter And The Prisoner Of Azkaban,2004,7.7,5877,Adventure Fantasy Family,22,2000,Good,Moderate
Australia,2008,6.3,694,Drama,18,2000,Average,Low
After Earth,2013,5.0,2532,Science Fiction Action Adventure,13,2010,Poor,Moderate
Dinosaur,2000,6.2,542,Animation Family,26,2000,Average,Low
Night At The Museum: Secret Of The Tomb,2014,6.1,1851,Adventure Comedy Fantasy Family,12,2010,Average,Moderate
Megamind,2010,6.7,1918,Animation Action Comedy Family Science Fiction,16,2010,Average,Moderate
Harry Potter And The Philosopher'S Stone,2001,7.5,7006,Adventure Fantasy Family,25,2000,Good,Moderate
R.I.P.D.,2013,5.4,1260,Fantasy Action Comedy Crime,13,2010,Poor,Moderate
Pirates Of The Caribbean: The Curse Of The Black Pearl,2003,7.5,6985,Adventure Fantasy Action,23,2000,Good,Moderate
The Hunger Games: Mockingjay - Part 1,2014,6.6,5584,Science Fiction Adventure Thriller,12,2010,Average,Moderate
The Da Vinci Code,2006,6.5,2704,Thriller Mystery,20,2000,Average,Moderate
Rio 2,2014,6.3,978,Animation Adventure Comedy Family,12,2010,Average,Low
X2,2003,6.8,3506,Adventure Action Science Fiction Thriller,23,2000,Average,Moderate
Fast Five,2011,7.1,2438,Action Thriller Crime,15,2010,Good,Moderate
Sherlock Holmes: A Game Of Shadows,2011,7.0,3886,Adventure Action Crime Mystery,15,2010,Average,Moderate
Clash Of The Titans,2010,5.6,2233,Adventure Fantasy Action,16,2010,Poor,Moderate
Total Recall,1990,7.1,1710,Action Adventure Science Fiction,36,1990,Good,Moderate
The 13Th Warrior,1999,6.4,510,Adventure Fantasy Action,27,1990,Average,Low
The Bourne Legacy,2012,6.0,2651,Action Thriller,14,2010,Poor,Moderate
Batman & Robin,1997,4.2,1418,Action Crime Fantasy,29,1990,Poor,Moderate
How The Grinch Stole Christmas,2000,6.2,1386,Family Comedy Fantasy,26,2000,Average,Moderate
The Day After Tomorrow,2004,6.2,2392,Action Adventure Science Fiction Thriller,22,2000,Average,Moderate
Mission: Impossible Ii,2000,5.9,1928,Adventure Action Thriller,26,2000,Poor,Moderate
The Perfect Storm,2000,6.2,597,Drama,26,2000,Average,Low
Fantastic 4: Rise Of The Silver Surfer,2007,5.4,2589,Adventure Fantasy Action Thriller,19,2000,Poor,Moderate
Life Of Pi,2012,7.2,5797,Adventure Drama Action,14,2010,Good,Moderate
Ghost Rider,2007,5.2,1712,Thriller Action Fantasy Horror,19,2000,Poor,Moderate
Jason Bourne,2016,5.9,2341,Action Thriller,10,2010,Poor,Moderate
Charlie'S Angels: Full Throttle,2003,5.2,914,Action Adventure Comedy,23,2000,Poor,Low
Prometheus,2012,6.3,5080,Science Fiction Adventure Mystery,14,2010,Average,Moderate
Stuart Little 2,2002,5.4,613,Family Adventure Animation Comedy,24,2000,Poor,Low
Elysium,2013,6.4,3439,Science Fiction Action Drama Thriller,13,2010,Average,Moderate
The Chronicles Of Riddick,2004,6.3,1570,Action Science Fiction,22,2000,Average,Moderate
Robocop,2014,5.7,2342,Action Science Fiction,12,2010,Poor,Moderate
Speed Racer,2008,5.7,354,Action Family Science Fiction,18,2000,Poor,Low
How Do You Know,2010,4.9,223,Comedy Drama Romance,16,2010,Poor,Low
Knight And Day,2010,5.9,1547,Action Comedy,16,2010,Poor,Moderate
Oblivion,2013,6.4,4800,Action Science Fiction Adventure Mystery,13,2010,Average,Moderate
Star Wars: Episode Iii - Revenge Of The Sith,2005,7.1,4116,Science Fiction Adventure Action,21,2000,Good,Moderate
Star Wars: Episode Ii - Attack Of The Clones,2002,6.4,3992,Adventure Action Science Fiction,24,2000,Average,Moderate
"Monsters, Inc.",2001,7.5,5996,Animation Comedy Family,25,2000,Good,Moderate
The Wolverine,2013,6.3,4053,Action Science Fiction Adventure Fantasy,13,2010,Average,Moderate
Star Wars: Episode I - The Phantom Menace,1999,6.3,4432,Adventure Action Science Fiction,27,1990,Average,Moderate
The Croods,2013,6.8,2399,Adventure Animation Comedy Family Fantasy,13,2010,Average,Moderate
Asterix At The Olympic Games,2008,5.0,471,Fantasy Adventure Comedy Family,18,2000,Poor,Low
Windtalkers,2002,5.8,341,Drama Action History War,24,2000,Poor,Low
The Huntsman: Winter'S War,2016,6.0,1523,Action Adventure Drama,10,2010,Poor,Moderate
Teenage Mutant Ninja Turtles,2014,5.8,2636,Science Fiction Action Adventure Fantasy Comedy,12,2010,Poor,Moderate
Gravity,2013,7.3,5751,Science Fiction Thriller Drama,13,2010,Good,Moderate
Dante'S Peak,1997,5.7,428,Action Adventure Thriller,29,1990,Poor,Low
Teenage Mutant Ninja Turtles: Out Of The Shadows,2016,5.8,963,Fantasy Action Adventure Comedy,10,2010,Poor,Low
Fantastic Four,2015,4.4,2278,Action Adventure Science Fiction,11,2010,Poor,Moderate
Night At The Museum,2006,6.3,2862,Action Adventure Comedy Family Fantasy,20,2000,Average,Moderate
San Andreas,2015,6.0,2968,Action Drama Thriller,11,2010,Poor,Moderate
Tomorrow Never Dies,1997,6.0,925,Adventure Action Thriller,29,1990,Poor,Low
The Patriot,2000,6.8,1099,Drama History War Action,26,2000,Average,Moderate
Ocean'S Twelve,2004,6.4,2124,Thriller Crime,22,2000,Average,Moderate
Mr. & Mrs. Smith,2005,6.5,2965,Action Comedy Drama Thriller,21,2000,Average,Moderate
Insurgent,2015,6.2,3829,Adventure Science Fiction Thriller,11,2010,Average,Moderate
The Aviator,2004,7.0,1489,Drama,22,2000,Average,Moderate
Gulliver'S Travels,2010,4.9,621,Comedy,16,2010,Poor,Low
The Green Hornet,2011,5.5,1251,Action Crime Comedy,15,2010,Poor,Moderate
300: Rise Of An Empire,2014,6.1,2397,Action War,12,2010,Average,Moderate
The Smurfs,2011,5.5,1179,Animation Family Adventure Comedy Fantasy,15,2010,Poor,Moderate
Home On The Range,2004,5.7,389,Animation Family,22,2000,Poor,Low
Allegiant,2016,5.9,1998,Adventure Science Fiction,10,2010,Poor,Moderate
Real Steel,2011,6.6,2692,Action Science Fiction Drama,15,2010,Average,Moderate
The Smurfs 2,2013,5.5,695,Fantasy Family Comedy Animation,13,2010,Poor,Low
Speed 2: Cruise Control,1997,4.1,434,Action Adventure Thriller,29,1990,Poor,Low
Ender'S Game,2013,6.6,2303,Science Fiction Action Adventure,13,2010,Average,Moderate
Live Free Or Die Hard,2007,6.4,2089,Action Thriller,19,2000,Average,Moderate
The Lord Of The Rings: The Fellowship Of The Ring,2001,8.0,8705,Adventure Fantasy Action,25,2000,Good,Moderate
Around The World In 80 Days,2004,5.7,672,Action Adventure Comedy,22,2000,Poor,Low
Ali,2001,6.7,447,Drama,25,2000,Average,Low
The Cat In The Hat,2003,4.9,366,Comedy Fantasy Family,23,2000,Poor,Low
"I, Robot",2004,6.7,3793,Action Science Fiction,22,2000,Average,Moderate
Kingdom Of Heaven,2005,6.6,1157,Drama Action Adventure History War,21,2000,Average,Moderate
Stuart Little,1999,5.8,959,Animation Fantasy Family Comedy,27,1990,Poor,Low
The Princess And The Frog,2009,6.7,1247,Romance Family Animation Music,17,2000,Average,Moderate
The Martian,2015,7.6,7268,Drama Adventure Science Fiction,11,2010,Good,Moderate
The Island,2005,6.5,1770,Action Thriller Science Fiction Adventure,21,2000,Average,Moderate
Town & Country,2001,3.7,16,Comedy Romance,25,2000,Poor,Low
Gone In Sixty Seconds,2000,6.1,1485,Action Crime Thriller,26,2000,Average,Moderate
Gladiator,2000,7.9,5439,Action Drama Adventure,26,2000,Good,Moderate
Minority Report,2002,7.1,2608,Action Thriller Science Fiction Mystery,24,2000,Good,Moderate
Harry Potter And The Chamber Of Secrets,2002,7.4,5815,Adventure Fantasy Family,24,2000,Good,Moderate
Casino Royale,2006,7.3,3855,Adventure Action Thriller,20,2000,Good,Moderate
Planet Of The Apes,2001,5.6,1243,Thriller Science Fiction Action Adventure,25,2000,Poor,Moderate
Terminator 2: Judgment Day,1991,7.7,4185,Action Thriller Science Fiction,35,1990,Good,Moderate
Public Enemies,2009,6.5,1344,History Crime Drama,17,2000,Average,Moderate
American Gangster,2007,7.4,1502,Drama Crime,19,2000,Good,Moderate
True Lies,1994,6.8,1116,Action Thriller,32,1990,Average,Moderate
The Taking Of Pelham 1 2 3,2009,6.2,954,Thriller Drama Crime,17,2000,Average,Low
Little Fockers,2010,5.4,1060,Comedy Romance,16,2010,Poor,Moderate
The Other Guys,2010,6.1,1383,Action Comedy Crime,16,2010,Average,Moderate
Eraser,1996,5.6,543,Action Drama Mystery Thriller,30,1990,Poor,Low
Django Unchained,2012,7.8,10099,Drama Western,14,2010,Good,Popular
The Hunchback Of Notre Dame,1996,6.8,1129,Drama Animation Family,30,1990,Average,Moderate
The Emperor'S New Groove,2000,7.2,1490,Adventure Animation Comedy Family Fantasy,26,2000,Good,Moderate
The Expendables 2,2012,6.1,2896,Action Adventure Thriller,14,2010,Average,Moderate
National Treasure,2004,6.4,1926,Adventure Action Thriller Mystery,22,2000,Average,Moderate
Eragon,2006,4.9,967,Fantasy Action Adventure Family,20,2000,Poor,Low
Where The Wild Things Are,2009,6.4,572,Family Fantasy,17,2000,Average,Low
Epic,2013,6.4,1121,Animation Adventure Family Fantasy,13,2010,Average,Moderate
The Tourist,2010,6.0,1699,Action Thriller Romance,16,2010,Poor,Moderate
End Of Days,1999,5.5,482,Action Fantasy Horror Mystery,27,1990,Poor,Low
Blood Diamond,2006,7.3,2281,Drama Thriller Action,20,2000,Good,Moderate
The Wolf Of Wall Street,2013,7.9,6571,Crime Drama Comedy,13,2010,Good,Moderate
Batman Forever,1995,5.2,1498,Action Crime Fantasy,31,1990,Poor,Moderate
Starship Troopers,1997,6.7,1560,Adventure Action Thriller Science Fiction,29,1990,Average,Moderate
Cloud Atlas,2012,6.6,2977,Drama Science Fiction,14,2010,Average,Moderate
Legend Of The Guardians: The Owls Of Ga'Hoole,2010,6.5,703,Animation Adventure Family Fantasy,16,2010,Average,Low
Catwoman,2004,4.2,808,Action Crime,22,2000,Poor,Low
Hercules,2014,5.6,1680,Action Adventure,12,2010,Poor,Moderate
Treasure Planet,2002,7.2,948,Adventure Animation Family Fantasy Science Fiction,24,2000,Good,Low
Land Of The Lost,2009,5.3,381,Adventure Comedy Science Fiction,17,2000,Poor,Low
The Expendables 3,2014,6.1,1795,Action Adventure Thriller,12,2010,Average,Moderate
Point Break,2015,5.5,783,Action Crime Thriller,11,2010,Poor,Low
Son Of The Mask,2005,3.6,338,Fantasy Comedy Family Adventure,21,2000,Poor,Low
In The Heart Of The Sea,2015,6.5,1276,Thriller Drama Adventure Action History,11,2010,Average,Moderate
The Adventures Of Pluto Nash,2002,4.4,142,Action Comedy Science Fiction,24,2000,Poor,Low
Green Zone,2010,6.4,717,War Action Adventure Drama Thriller,16,2010,Average,Low
The Peanuts Movie,2015,6.5,604,Animation,11,2010,Average,Low
The Spanish Prisoner,1997,7.1,73,Crime Drama Mystery Thriller,29,1990,Good,Low
The Mummy Returns,2001,6.0,2206,Adventure Action Fantasy,25,2000,Poor,Moderate
Gangs Of New York,2002,7.1,1910,Drama History Crime,24,2000,Good,Moderate
The Flowers Of War,2011,7.1,187,Drama History War,15,2010,Good,Low
Surf'S Up,2007,5.9,601,Animation Comedy Family,19,2000,Poor,Low
The Stepford Wives,2004,5.4,334,Action Comedy Science Fiction,22,2000,Poor,Low
Black Hawk Down,2001,7.2,1811,Action History War,25,2000,Good,Moderate
The Campaign,2012,5.6,578,Comedy,14,2010,Poor,Low
The Fifth Element,1997,7.3,3885,Adventure Fantasy Action Thriller Science Fiction,29,1990,Good,Moderate
Sex And The City 2,2010,5.4,426,Comedy Drama Romance,16,2010,Poor,Low
The Road To El Dorado,2000,7.0,858,Adventure Animation Comedy Family,26,2000,Average,Low
Ice Age: Continental Drift,2012,6.2,2672,Animation Comedy Adventure Family,14,2010,Average,Moderate
Cinderella,2015,6.7,2374,Romance Fantasy Family Drama,11,2010,Average,Moderate
The Lovely Bones,2009,6.6,1065,Fantasy Drama,17,2000,Average,Moderate
Finding Nemo,2003,7.6,6122,Animation Family,23,2000,Good,Moderate
The Lord Of The Rings: The Return Of The King,2003,8.1,8064,Adventure Fantasy Action,23,2000,Excellent,Moderate
The Lord Of The Rings: The Two Towers,2002,8.0,7487,Adventure Fantasy Action,24,2000,Good,Moderate
Seventh Son,2014,5.2,957,Adventure Fantasy,12,2010,Poor,Low
Lara Croft: Tomb Raider,2001,5.7,2192,Adventure Fantasy Action Thriller,25,2000,Poor,Moderate
Transcendence,2014,5.9,2295,Thriller Science Fiction Drama Mystery,12,2010,Poor,Moderate
Jurassic Park Iii,2001,5.7,2077,Adventure Action Thriller Science Fiction,25,2000,Poor,Moderate
Rise Of The Planet Of The Apes,2011,7.0,4347,Thriller Action Drama Science Fiction,15,2010,Average,Moderate
The Spiderwick Chronicles,2008,6.3,572,Adventure Family Fantasy,18,2000,Average,Low
A Good Day To Die Hard,2013,5.2,3493,Action Thriller,13,2010,Poor,Moderate
The Alamo,2004,5.8,106,Western History War,22,2000,Poor,Low
The Incredibles,2004,7.4,5152,Action Adventure Animation Family,22,2000,Good,Moderate
Cutthroat Island,1995,5.7,136,Action Adventure,31,1990,Poor,Low
Percy Jackson & The Olympians: The Lightning Thief,2010,6.0,2010,Adventure Fantasy Family,16,2010,Poor,Moderate
Men In Black,1997,6.9,4412,Action Adventure Comedy Science Fiction,29,1990,Average,Moderate
Toy Story 2,1999,7.3,3806,Animation Comedy Family,27,1990,Good,Moderate
Unstoppable,2010,6.3,1165,Action Thriller,16,2010,Average,Moderate
Rush Hour 2,2001,6.4,1054,Action Comedy Crime Thriller,25,2000,Average,Moderate
What Lies Beneath,2000,6.3,488,Drama Horror Mystery Thriller,26,2000,Average,Low
Cloudy With A Chance Of Meatballs,2009,6.5,1747,Animation Comedy Family,17,2000,Average,Moderate
Ice Age: Dawn Of The Dinosaurs,2009,6.5,2271,Animation Comedy Family Adventure,17,2000,Average,Moderate
The Secret Life Of Walter Mitty,2013,7.0,3144,Adventure Comedy Drama Fantasy,13,2010,Average,Moderate
Charlie'S Angels,2000,5.6,1232,Action Adventure Comedy Crime Thriller,26,2000,Poor,Moderate
The Departed,2006,7.9,4339,Drama Thriller Crime,20,2000,Good,Moderate
Mulan,1998,7.6,2008,Animation Family Adventure,28,1990,Good,Moderate
Tropic Thunder,2008,6.5,1667,Action Comedy,18,2000,Average,Moderate
The Girl With The Dragon Tattoo,2011,7.2,2434,Thriller Crime Mystery Drama,15,2010,Good,Moderate
Die Hard: With A Vengeance,1995,6.9,2066,Action Thriller,31,1990,Average,Moderate
Sherlock Holmes,2009,7.0,5766,Action Adventure Crime Mystery,17,2000,Average,Moderate
Ben-Hur,2016,5.3,621,Drama,10,2010,Poor,Low
Atlantis: The Lost Empire,2001,6.7,1224,Animation Family Adventure Science Fiction,25,2000,Average,Moderate
Alvin And The Chipmunks: The Road Chip,2015,5.8,428,Adventure Animation Comedy Family,11,2010,Poor,Low
Valkyrie,2008,6.7,1173,Drama Thriller History War,18,2000,Average,Moderate
You Don'T Mess With The Zohan,2008,5.5,1048,Comedy Action,18,2000,Poor,Moderate
Pixels,2015,5.6,2513,Action Comedy Science Fiction,11,2010,Poor,Moderate
A.I. Artificial Intelligence,2001,6.8,1974,Drama Science Fiction Adventure,25,2000,Average,Moderate
The Haunted Mansion,2003,5.2,466,Thriller Fantasy Comedy Family Mystery,23,2000,Poor,Low
Contact,1997,7.2,1308,Drama Science Fiction Mystery,29,1990,Good,Moderate
Hollow Man,2000,5.6,634,Action Science Fiction Thriller,26,2000,Poor,Low
The Interpreter,2005,6.2,392,Crime Thriller,21,2000,Average,Low
Percy Jackson: Sea Of Monsters,2013,5.9,1648,Adventure Family Fantasy,13,2010,Poor,Moderate
Lara Croft Tomb Raider: The Cradle Of Life,2003,5.5,1418,Action Adventure Fantasy Thriller,23,2000,Poor,Moderate
Now You See Me 2,2016,6.7,3235,Action Adventure Comedy Crime Mystery,10,2010,Average,Moderate
The Saint,1997,5.9,302,Thriller Action Romance Science Fiction Adventure,29,1990,Poor,Low
Spy Game,2001,6.8,579,Action Crime Thriller,25,2000,Average,Low
Mission To Mars,2000,5.7,369,Science Fiction,26,2000,Poor,Low
Rio,2011,6.5,2166,Animation Adventure Comedy Family,15,2010,Average,Moderate
Bicentennial Man,1999,6.9,963,Comedy Science Fiction,27,1990,Average,Low
Volcano,1997,5.2,376,Science Fiction Action Drama Thriller,29,1990,Poor,Low
The Devil'S Own,1997,5.9,290,Crime Thriller Drama,29,1990,Poor,Low
K-19: The Widowmaker,2002,6.1,264,Drama History Thriller,24,2000,Average,Low
Conan The Barbarian,1982,6.6,650,Adventure Fantasy Action,44,1980,Average,Low
Cinderella Man,2005,7.3,616,Romance Drama History,21,2000,Good,Low
The Nutcracker: The Untold Story,2010,5.4,50,Fantasy Action Family,16,2010,Poor,Low
Seabiscuit,2003,6.7,216,Drama History,23,2000,Average,Low
Twister,1996,6.1,950,Action Adventure Drama,30,1990,Average,Low
Cast Away,2000,7.5,3218,Adventure Drama,26,2000,Good,Moderate
Happy Feet,2006,5.9,1410,Animation Comedy,20,2000,Poor,Moderate
The Bourne Supremacy,2004,7.2,2825,Action Drama Thriller,22,2000,Good,Moderate
Air Force One,1997,6.2,840,Action Thriller,29,1990,Average,Low
Ocean'S Eleven,2001,7.2,3783,Thriller Crime,25,2000,Good,Moderate
The Three Musketeers,2011,5.6,924,Adventure Action Thriller,15,2010,Poor,Low
Hotel Transylvania,2012,6.8,2566,Animation Comedy Family Fantasy,14,2010,Average,Moderate
Enchanted,2007,6.6,1449,Comedy Family Fantasy Romance,19,2000,Average,Moderate
Safe House,2012,6.3,1345,Action Thriller,14,2010,Average,Moderate
102 Dalmatians,2000,5.1,313,Comedy Family,26,2000,Poor,Low
Tower Heist,2011,5.8,932,Action Comedy,15,2010,Poor,Low
The Holiday,2006,6.7,1225,Comedy Romance,20,2000,Average,Moderate
Enemy Of The State,1998,6.7,1240,Action Drama Thriller,28,1990,Average,Moderate
It'S Complicated,2009,6.2,360,Comedy Romance,17,2000,Average,Low
Ocean'S Thirteen,2007,6.5,1999,Crime Thriller,19,2000,Average,Moderate
Open Season,2006,6.1,656,Adventure Animation Family,20,2000,Average,Low
Divergent,2014,6.9,4663,Adventure Action Science Fiction,12,2010,Average,Moderate
Enemy At The Gates,2001,7.2,999,War,25,2000,Good,Low
The Rundown,2003,6.4,514,Adventure Action Comedy Thriller,23,2000,Average,Low
Last Action Hero,1993,6.1,712,Adventure Fantasy Action Comedy Family,33,1990,Average,Low
Memoirs Of A Geisha,2005,7.3,652,Drama History Romance,21,2000,Good,Low
The Fast And The Furious: Tokyo Drift,2006,6.1,1705,Action Crime Drama Thriller,20,2000,Average,Moderate
Arthur Christmas,2011,6.7,333,Drama Animation Family Comedy,15,2010,Average,Low
Meet Joe Black,1998,6.9,1147,Fantasy Drama Mystery,28,1990,Average,Moderate
Collateral Damage,2002,5.5,427,Action Thriller Drama,24,2000,Poor,Low
Mirror Mirror,2012,5.5,1114,Adventure Fantasy Drama Comedy Science Fiction,14,2010,Poor,Moderate
Scott Pilgrim Vs. The World,2010,7.2,2126,Action Adventure Comedy,16,2010,Good,Moderate
The Core,2003,5.4,516,Action Thriller Adventure Science Fiction,23,2000,Poor,Low
Nutty Professor Ii: The Klumps,2000,4.7,332,Fantasy Comedy Romance Science Fiction,26,2000,Poor,Low
Scooby-Doo,2002,5.4,820,Mystery Adventure Comedy,24,2000,Poor,Low
Dredd,2012,6.6,1940,Action Science Fiction,14,2010,Average,Moderate
Click,2006,6.0,2104,Comedy Drama Fantasy Romance,20,2000,Poor,Moderate
Creepshow,1982,6.7,226,Horror Comedy Fantasy,44,1980,Average,Low
Cats & Dogs 2 : The Revenge Of Kitty Galore,2010,4.9,119,Comedy Family,16,2010,Poor,Low
Jumper,2008,5.9,1799,Adventure Fantasy Science Fiction,18,2000,Poor,Moderate
Hellboy Ii: The Golden Army,2008,6.5,1527,Adventure Fantasy Science Fiction,18,2000,Average,Moderate
Zodiac,2007,7.3,2023,Crime Drama Mystery Thriller,19,2000,Good,Moderate
The 6Th Day,2000,5.7,595,Science Fiction,26,2000,Poor,Low
Bruce Almighty,2003,6.4,3012,Fantasy Comedy,23,2000,Average,Moderate
The Expendables,2010,6.0,2926,Thriller Adventure Action,16,2010,Poor,Moderate
Mission: Impossible,1996,6.7,2631,Adventure Action Thriller,30,1990,Average,Moderate
The Hunger Games,2012,6.9,9455,Science Fiction Adventure Fantasy,14,2010,Average,Moderate
The Hangover Part Ii,2011,6.2,3739,Comedy,15,2010,Average,Moderate
Batman Returns,1992,6.6,1673,Action Fantasy,34,1990,Average,Moderate
Over The Hedge,2006,6.3,1074,Comedy Animation Family,20,2000,Average,Moderate
Lilo & Stitch,2002,7.1,1314,Animation Family,24,2000,Good,Moderate
Charlotte'S Web,2006,5.8,288,Comedy Family Fantasy,20,2000,Poor,Low
Deep Impact,1998,5.9,855,Action Drama Romance,28,1990,Poor,Low
Red 2,2013,6.4,1526,Action Comedy Crime Thriller,13,2010,Average,Moderate
The Longest Yard,2005,6.2,785,Comedy Drama,21,2000,Average,Low
Alvin And The Chipmunks: Chipwrecked,2011,5.4,484,Comedy Fantasy Family Music Animation,15,2010,Poor,Low
Grown Ups 2,2013,5.8,1155,Comedy,13,2010,Poor,Moderate
Get Smart,2008,6.0,1051,Action Comedy Thriller,18,2000,Poor,Moderate
Something'S Gotta Give,2003,6.3,410,Drama Comedy Romance,23,2000,Average,Low
Shutter Island,2010,7.8,6336,Drama Thriller Mystery,16,2010,Good,Moderate
Four Christmases,2008,5.3,331,Comedy Romance Drama,18,2000,Poor,Low
Robots,2005,6.0,1333,Animation Comedy Family Science Fiction,21,2000,Poor,Moderate
Face/Off,1997,6.8,1583,Action Crime Science Fiction Thriller,29,1990,Average,Moderate
Bedtime Stories,2008,5.9,901,Fantasy Comedy Family Romance,18,2000,Poor,Low
Road To Perdition,2002,7.3,1077,Thriller Crime Drama,24,2000,Good,Moderate
Just Go With It,2011,6.3,1543,Romance Comedy,15,2010,Average,Moderate
Con Air,1997,6.5,1270,Action Thriller Crime,29,1990,Average,Moderate
Eagle Eye,2008,6.3,1018,Mystery Thriller Action,18,2000,Average,Moderate
Cold Mountain,2003,6.7,533,Drama,23,2000,Average,Low
The Book Of Eli,2010,6.6,2164,Action Thriller Science Fiction,16,2010,Average,Moderate
Flubber,1997,5.3,695,Comedy Family Science Fiction,29,1990,Poor,Low
The Haunting,1999,5.2,369,Horror Thriller Fantasy Mystery,27,1990,Poor,Low
Space Jam,1996,6.5,1288,Animation Comedy Drama Family Fantasy,30,1990,Average,Moderate
The Pink Panther,2006,5.6,550,Action Comedy Crime Mystery Family,20,2000,Poor,Low
The Day The Earth Stood Still,2008,5.2,1043,Drama Science Fiction Thriller,18,2000,Poor,Moderate
Conspiracy Theory,1997,6.5,431,Action Drama Mystery Thriller,29,1990,Average,Low
Fury,2014,7.4,3946,War Drama Action,12,2010,Good,Moderate
Six Days Seven Nights,1998,5.6,332,Action Adventure Comedy Romance,28,1990,Poor,Low
Yogi Bear,2010,5.2,220,Comedy Family Animation Adventure,16,2010,Poor,Low
Spirit: Stallion Of The Cimarron,2002,7.4,831,Western Animation Adventure Comedy Family,24,2000,Good,Low
Zookeeper,2011,5.3,498,Comedy Romance Family,15,2010,Poor,Low
Lost In Space,1998,5.0,388,Adventure Family Science Fiction,28,1990,Poor,Low
The Manchurian Candidate,2004,6.2,393,Drama Thriller Mystery,22,2000,Average,Low
Hotel Transylvania 2,2015,6.7,1497,Animation Comedy Family,11,2010,Average,Moderate
Fantasia 2000,1999,7.0,292,Animation Family Music,27,1990,Average,Low
The Time Machine,2002,5.8,631,Science Fiction Adventure Action,24,2000,Poor,Low
Mighty Joe Young,1998,5.9,208,Action Adventure Family Fantasy,28,1990,Poor,Low
Swordfish,2001,6.1,932,Action Crime Thriller,25,2000,Average,Low
The Legend Of Zorro,2005,5.9,893,Action Adventure,21,2000,Poor,Low
What Dreams May Come,1998,6.8,577,Drama Fantasy Romance,28,1990,Average,Low
Little Nicky,2000,5.2,438,Comedy Fantasy Romance,26,2000,Poor,Low
The Brothers Grimm,2005,5.6,818,Adventure Fantasy Action Comedy Thriller,21,2000,Poor,Low
Mars Attacks!,1996,6.1,1509,Comedy Fantasy Science Fiction,30,1990,Average,Moderate
Evolution,2015,6.4,47,Mystery Drama Horror,11,2010,Average,Low
The Edge,1997,6.7,349,Action Adventure Drama,29,1990,Average,Low
Surrogates,2009,5.9,1195,Action Science Fiction Thriller,17,2000,Poor,Moderate
Thirteen Days,2000,6.9,189,Drama Thriller,26,2000,Average,Low
Daylight,1996,5.8,378,Action Adventure Thriller,30,1990,Poor,Low
Walking With Dinosaurs,2013,5.2,133,Animation Family Adventure,13,2010,Poor,Low
Battlefield Earth,2000,3.0,255,Action Science Fiction War,26,2000,Poor,Low
Looney Tunes: Back In Action,2003,5.6,297,Animation Comedy Family,23,2000,Poor,Low
Nine,2009,5.1,165,Drama Music Romance,17,2000,Poor,Low
Timeline,2003,5.4,318,Action Adventure Science Fiction,23,2000,Poor,Low
The Postman,1997,6.1,299,Drama Adventure,29,1990,Average,Low
Babe: Pig In The City,1998,5.2,305,Adventure Comedy Drama Family Fantasy,28,1990,Poor,Low
The Last Witch Hunter,2015,5.7,1316,Fantasy Action Adventure,11,2010,Poor,Moderate
Red Planet,2000,5.4,267,Thriller Action Science Fiction,26,2000,Poor,Low
Arthur And The Invisibles,2006,6.0,639,Adventure Fantasy Animation Family,20,2000,Poor,Low
Oceans,2009,7.3,111,Documentary Family,17,2000,Good,Low
A Sound Of Thunder,2005,4.8,111,Thriller Science Fiction Adventure Action,21,2000,Poor,Low
Pompeii,2014,5.2,1267,Action Adventure History Romance Drama,12,2010,Poor,Moderate
A Beautiful Mind,2001,7.7,3009,Drama Romance,25,2000,Good,Moderate
The Lion King,1994,8.0,5376,Family Animation Drama,32,1990,Good,Moderate
Journey 2: The Mysterious Island,2012,5.8,1030,Adventure Action Science Fiction,14,2010,Poor,Moderate
Cloudy With A Chance Of Meatballs 2,2013,6.4,915,Animation Family Comedy,13,2010,Average,Low
Red Dragon,2002,6.7,1115,Crime Thriller Horror,24,2000,Average,Moderate
Hidalgo,2004,6.5,318,Western Adventure,22,2000,Average,Low
Jack And Jill,2011,4.1,604,Comedy,15,2010,Poor,Low
2 Fast 2 Furious,2003,6.2,2028,Action Crime Thriller,23,2000,Average,Moderate
The Little Prince,2015,7.6,756,Adventure Animation Fantasy,11,2010,Good,Low
The Invasion,2007,5.7,359,Science Fiction Thriller,19,2000,Poor,Low
The Adventures Of Rocky & Bullwinkle,2000,3.9,87,Action Adventure Animation Comedy Family,26,2000,Poor,Low
The Secret Life Of Pets,2016,5.9,3462,Animation Family,10,2010,Poor,Moderate
The League Of Extraordinary Gentlemen,2003,5.7,1155,Fantasy Action Thriller Science Fiction,23,2000,Poor,Moderate
Despicable Me 2,2013,7.0,4637,Animation Comedy Family,13,2010,Average,Moderate
Independence Day,1996,6.7,3260,Action Adventure Science Fiction,30,1990,Average,Moderate
The Lost World: Jurassic Park,1997,6.2,2487,Adventure Action Science Fiction,29,1990,Average,Moderate
Madagascar,2005,6.6,3237,Family Animation,21,2000,Average,Moderate
Children Of Men,2006,7.4,2071,Drama Action Thriller Science Fiction,20,2000,Good,Moderate
X-Men,2000,6.8,4097,Adventure Action Science Fiction,26,2000,Average,Moderate
Wanted,2008,6.4,2528,Action Thriller Crime,18,2000,Average,Moderate
The Rock,1996,6.9,1456,Action Adventure Thriller,30,1990,Average,Moderate
Ice Age: The Meltdown,2006,6.5,2951,Animation Family Comedy Adventure,20,2000,Average,Moderate
50 First Dates,2004,6.6,2105,Comedy Romance,22,2000,Average,Moderate
Hairspray,2007,6.5,709,Family Comedy Music Romance,19,2000,Average,Low
Exorcist: The Beginning,2004,4.7,183,Horror Mystery Thriller,22,2000,Poor,Low
Inspector Gadget,1999,4.3,318,Action Adventure Comedy Family,27,1990,Poor,Low
Now You See Me,2013,7.3,5487,Thriller Crime,13,2010,Good,Moderate
Grown Ups,2010,6.0,1705,Comedy,16,2010,Poor,Moderate
The Terminal,2004,7.0,1910,Comedy Drama,22,2000,Average,Moderate
Hotel For Dogs,2009,5.7,202,Comedy Family,17,2000,Poor,Low
Vertical Limit,2000,5.9,283,Action Adventure Thriller,26,2000,Poor,Low
Charlie Wilson'S War,2007,6.5,338,Comedy Drama History,19,2000,Average,Low
Shark Tale,2004,5.8,1557,Animation Action Comedy Family,22,2000,Poor,Moderate
Dreamgirls,2006,6.6,284,Drama,20,2000,Average,Low
Be Cool,2005,5.4,292,Comedy Crime,21,2000,Poor,Low
Munich,2005,6.9,696,Drama Action History Thriller,21,2000,Average,Low
Tears Of The Sun,2003,6.4,573,Action Drama War,23,2000,Average,Low
Killers,2010,5.7,772,Action Comedy Thriller Romance,16,2010,Poor,Low
The Man From U.N.C.L.E.,2015,7.1,2265,Comedy Action Adventure,11,2010,Good,Moderate
Spanglish,2004,5.8,369,Comedy,22,2000,Poor,Low
Monster House,2006,6.3,874,Animation Comedy Family Fantasy,20,2000,Average,Low
Bandits,2001,6.2,302,Action Comedy Crime Romance,25,2000,Average,Low
First Knight,1995,5.9,311,Action Adventure Drama Romance,31,1990,Poor,Low
Anna And The King,1999,6.4,197,Drama History Romance,27,1990,Average,Low
Immortals,2011,5.7,880,Fantasy Action Drama,15,2010,Poor,Low
Hostage,2005,6.2,512,Mystery Drama Thriller Crime,21,2000,Average,Low
Titan A.E.,2000,6.3,313,Animation Action Science Fiction Family Adventure,26,2000,Average,Low
Hollywood Homicide,2003,5.0,166,Action Adventure Comedy Thriller,23,2000,Poor,Low
Soldier,1998,6.1,221,Action War Science Fiction,28,1990,Average,Low
Carriers,2009,5.8,282,Action Drama Horror Science Fiction Thriller,17,2000,Poor,Low
Monkeybone,2001,4.3,78,Adventure Fantasy Animation Action Comedy,25,2000,Poor,Low
Flight Of The Phoenix,2004,5.7,276,Action Adventure Drama Thriller,22,2000,Poor,Low
Unbreakable,2000,6.9,1946,Science Fiction Thriller Drama,26,2000,Average,Moderate
Minions,2015,6.4,4571,Family Animation Adventure Comedy,11,2010,Average,Moderate
Sucker Punch,2011,5.9,1623,Action Fantasy Thriller,15,2010,Poor,Moderate
Snake Eyes,1998,5.8,327,Crime Mystery,28,1990,Poor,Low
Sphere,1998,5.8,476,Science Fiction,28,1990,Poor,Low
The Angry Birds Movie,2016,5.9,1022,Family Animation,10,2010,Poor,Moderate
Fool'S Gold,2008,5.4,444,Romance Comedy Adventure,18,2000,Poor,Low
Funny People,2009,5.7,390,Comedy Drama,17,2000,Poor,Low
The Kingdom,2007,6.5,513,Thriller Action Drama,19,2000,Average,Low
Talladega Nights: The Ballad Of Ricky Bobby,2006,6.2,491,Comedy,20,2000,Average,Low
Dr. Dolittle 2,2001,4.9,410,Comedy Family Romance Fantasy,25,2000,Poor,Low
Braveheart,1995,7.7,3336,Action Drama History War,31,1990,Good,Moderate
Jarhead,2005,6.6,765,Drama War,21,2000,Average,Low
The Simpsons Movie,2007,6.9,2264,Animation Comedy Family,19,2000,Average,Moderate
The Majestic,2001,6.6,188,Drama Romance,25,2000,Average,Low
Driven,2001,4.5,179,Action,25,2000,Poor,Low
Two Brothers,2004,6.9,180,Adventure Drama Family,22,2000,Average,Low
The Village,2004,6.2,1071,Drama Mystery Thriller,22,2000,Average,Moderate
Doctor Dolittle,1998,5.4,686,Comedy Family Fantasy,28,1990,Poor,Low
Signs,2002,6.4,1599,Drama Thriller Science Fiction Mystery,24,2000,Average,Moderate
Shrek 2,2004,6.7,2988,Adventure Animation Comedy Family Fantasy,22,2000,Average,Moderate
Cars,2006,6.6,3877,Animation Adventure Comedy Family,20,2000,Average,Moderate
Runaway Bride,1999,5.7,455,Comedy Romance,27,1990,Poor,Low
Xxx,2002,5.8,1424,Action Adventure Thriller,24,2000,Poor,Moderate
The Spongebob Movie: Sponge Out Of Water,2015,5.8,719,Animation Adventure Comedy Family,11,2010,Poor,Low
Ransom,1996,6.4,470,Action Thriller,30,1990,Average,Low
Inglourious Basterds,2009,7.9,6430,Drama Action Thriller War,17,2000,Good,Moderate
Hook,1991,6.6,1532,Adventure Fantasy Comedy Family,35,1990,Average,Moderate
Die Hard 2,1990,6.6,1896,Action Thriller,36,1990,Average,Moderate
S.W.A.T.,2003,5.8,770,Action Thriller Crime,23,2000,Poor,Low
Vanilla Sky,2001,6.5,1078,Drama Mystery Romance Science Fiction Thriller,25,2000,Average,Moderate
Lady In The Water,2006,5.3,409,Drama Thriller Fantasy Mystery,20,2000,Poor,Low
Avp: Alien Vs. Predator,2004,5.5,1217,Adventure Science Fiction Action,22,2000,Poor,Moderate
Alvin And The Chipmunks: The Squeakquel,2009,5.4,666,Comedy Family Animation Fantasy Music,17,2000,Poor,Low
We Were Soldiers,2002,6.7,521,Action History War,24,2000,Average,Low
Olympus Has Fallen,2013,6.2,2981,Action Thriller,13,2010,Average,Moderate
Star Trek: Insurrection,1998,6.3,391,Science Fiction Action Adventure Thriller,28,1990,Average,Low
Battle: Los Angeles,2011,5.5,1448,Action Science Fiction,15,2010,Poor,Moderate
Big Fish,2003,7.6,1994,Adventure Fantasy Drama,23,2000,Good,Moderate
Wolf,1994,6.0,216,Fantasy,32,1990,Poor,Low
War Horse,2011,7.0,992,Drama War,15,2010,Average,Low
The Monuments Men,2014,5.8,1523,War Drama History Action,12,2010,Poor,Moderate
The Abyss,1989,7.1,808,Adventure Action Thriller Science Fiction,37,1980,Good,Low
Wall Street: Money Never Sleeps,2010,5.8,493,Drama Crime,16,2010,Poor,Low
Dracula Untold,2014,6.2,2389,Horror Action Drama Fantasy War,12,2010,Average,Moderate
The Siege,1998,6.0,352,Drama Action Thriller Crime,28,1990,Poor,Low
Stardust,2007,7.1,1184,Adventure Fantasy Romance Family,19,2000,Good,Moderate
Seven Years In Tibet,1997,7.0,630,Adventure Drama History,29,1990,Average,Low
The Dilemma,2011,5.2,304,Comedy Drama,15,2010,Poor,Low
Bad Company,2002,5.4,228,Action Adventure Comedy Thriller,24,2000,Poor,Low
Doom,2005,5.0,609,Adventure Action Horror,21,2000,Poor,Low
I Spy,2002,5.2,269,Action Adventure Comedy Thriller,24,2000,Poor,Low
Underworld: Awakening,2012,6.1,1862,Fantasy Action Horror,14,2010,Average,Moderate
Rock Of Ages,2012,6.0,385,Comedy Drama Music Romance,14,2010,Poor,Low
Hart'S War,2002,5.9,241,Drama War,24,2000,Poor,Low
Killer Elite,2011,6.1,695,Action Adventure Thriller,15,2010,Average,Low
Rollerball,2002,3.4,106,Action Science Fiction Thriller,24,2000,Poor,Low
Ballistic: Ecks Vs. Sever,2002,4.3,97,Action Adventure Thriller,24,2000,Poor,Low
Hard Rain,1998,5.5,179,Thriller,28,1990,Poor,Low
Osmosis Jones,2001,5.9,228,Adventure Animation Action Comedy Family,25,2000,Poor,Low
Legends Of Oz: Dorothy'S Return,2013,5.9,43,Animation Music Family,13,2010,Poor,Low
Blackhat,2015,5.1,826,Crime Drama Mystery,11,2010,Poor,Low
Sky Captain And The World Of Tomorrow,2004,5.7,439,Mystery Action Thriller Science Fiction Adventure,22,2000,Poor,Low
Basic Instinct 2,2006,4.6,180,Crime Mystery Thriller,20,2000,Poor,Low
Escape Plan,2013,6.7,1659,Action Thriller,13,2010,Average,Moderate
The Legend Of Hercules,2014,4.4,533,Action Adventure,12,2010,Poor,Low
The Sum Of All Fears,2002,5.9,437,Thriller Action Drama,24,2000,Poor,Low
The Twilight Saga: Eclipse,2010,5.8,2301,Adventure Fantasy Drama Romance,16,2010,Poor,Moderate
The Score,2001,6.7,423,Action Crime Thriller,25,2000,Average,Low
Despicable Me,2010,7.1,6478,Animation Family,16,2010,Good,Moderate
Money Train,1995,5.4,222,Action Comedy Crime,31,1990,Poor,Low
Ted 2,2015,6.2,2463,Comedy,11,2010,Average,Moderate
Agora,2009,6.9,395,Adventure Drama History,17,2000,Average,Low
Mystery Men,1999,5.7,250,Adventure Fantasy Action Comedy Science Fiction,27,1990,Poor,Low
Hall Pass,2011,5.4,611,Comedy,15,2010,Poor,Low
The Insider,1999,7.3,481,Drama Thriller,27,1990,Good,Low
The Finest Hours,2016,6.3,588,Action Drama History Thriller,10,2010,Average,Low
Body Of Lies,2008,6.5,895,Action Drama Thriller,18,2000,Average,Low
Dinner For Schmucks,2010,5.5,531,Comedy,16,2010,Poor,Low
Abraham Lincoln: Vampire Hunter,2012,5.5,1269,Action Fantasy Horror,14,2010,Poor,Moderate
Entrapment,1999,6.0,602,Romance Drama Mystery,27,1990,Poor,Low
The X Files,1998,6.6,488,Mystery Science Fiction Thriller,28,1990,Average,Low
The Last Legion,2007,5.0,207,Action Adventure Fantasy War,19,2000,Poor,Low
Saving Private Ryan,1998,7.9,5048,Drama History War,28,1990,Good,Moderate
Need For Speed,2014,6.1,1520,Action Crime Drama Thriller,12,2010,Average,Moderate
What Women Want,2000,6.1,992,Comedy Romance,26,2000,Average,Low
Ice Age,2002,7.1,3857,Animation Comedy Family Adventure,24,2000,Good,Moderate
Dreamcatcher,2003,5.3,567,Drama Horror Science Fiction Thriller,23,2000,Poor,Low
Lincoln,2012,6.7,1429,History Drama,14,2010,Average,Moderate
The Matrix,1999,7.9,8907,Action Science Fiction,27,1990,Good,Moderate
Apollo 13,1995,7.3,1599,Drama,31,1990,Good,Moderate
The Santa Clause 2,2002,5.5,297,Fantasy Comedy Family,24,2000,Poor,Low
Les Misérables,2012,7.1,1884,Drama Music Romance,14,2010,Good,Moderate
You'Ve Got Mail,1998,6.3,838,Comedy Romance,28,1990,Average,Low
Step Brothers,2008,6.5,1062,Comedy,18,2000,Average,Moderate
The Mask Of Zorro,1998,6.3,1183,Action Adventure,28,1990,Average,Moderate
Due Date,2010,6.2,1685,Comedy Drama,16,2010,Average,Moderate
Unbroken,2014,7.3,1400,Drama War,12,2010,Good,Moderate
Space Cowboys,2000,6.3,403,Action Adventure Thriller,26,2000,Average,Low
Cliffhanger,1993,6.1,588,Action Adventure Thriller,33,1990,Average,Low
Broken Arrow,1996,5.7,453,Action Adventure Drama Thriller,30,1990,Poor,Low
The Kid,2000,6.0,238,Fantasy Comedy Family,26,2000,Poor,Low
World Trade Center,2006,5.9,447,Drama History Thriller,20,2000,Poor,Low
Mona Lisa Smile,2003,6.5,393,Drama Romance,23,2000,Average,Low
The Dictator,2012,5.9,1743,Comedy,14,2010,Poor,Moderate
Eyes Wide Shut,1999,7.1,1234,Mystery Drama,27,1990,Good,Moderate
Annie,2014,6.0,466,Comedy Drama Family,12,2010,Poor,Low
Focus,2015,6.7,2542,Romance Comedy Crime Drama,11,2010,Average,Moderate
This Means War,2012,5.9,1389,Action Comedy Romance,14,2010,Poor,Moderate
Blade: Trinity,2004,5.7,1252,Science Fiction Action Horror Thriller Adventure,22,2000,Poor,Moderate
Red Dawn,1984,6.4,215,Action Thriller,42,1980,Average,Low
Primary Colors,1998,6.1,94,Comedy Drama,28,1990,Average,Low
Resident Evil: Retribution,2012,5.6,1600,Action Horror Science Fiction,14,2010,Poor,Moderate
Death Race,2008,6.0,1175,Action Thriller Science Fiction,18,2000,Poor,Moderate
The Long Kiss Goodnight,1996,6.5,314,Crime Action Mystery Thriller,30,1990,Average,Low
Proof Of Life,2000,6.0,208,Action Adventure Drama Romance Thriller,26,2000,Poor,Low
Zathura: A Space Adventure,2005,6.1,779,Family Fantasy Science Fiction Adventure,21,2000,Average,Low
Fight Club,1999,8.3,9413,Drama,27,1990,Excellent,Moderate
We Are Marshall,2006,6.7,186,Drama,20,2000,Average,Low
Hudson Hawk,1991,5.4,269,Action Adventure Comedy,35,1990,Poor,Low
Lucky Numbers,2000,4.9,52,Action Adventure Comedy Crime Romance,26,2000,Poor,Low
"I, Frankenstein",2014,5.0,687,Horror Thriller,12,2010,Poor,Low
Oliver Twist,2005,6.7,274,Crime Drama Family,21,2000,Average,Low
Elektra,2005,4.8,575,Action Fantasy,21,2000,Poor,Low
Sin City: A Dame To Kill For,2014,6.3,1286,Crime Thriller,12,2010,Average,Moderate
Random Hearts,1999,5.3,63,Drama Romance,27,1990,Poor,Low
Everest,2015,6.7,1772,Adventure Drama,11,2010,Average,Moderate
Perfume: The Story Of A Murderer,2006,7.1,1165,Crime Fantasy Drama,20,2000,Good,Moderate
Austin Powers In Goldmember,2002,5.9,979,Comedy Crime Science Fiction,24,2000,Poor,Low
Astro Boy,2009,6.1,409,Animation Action Family Science Fiction,17,2000,Average,Low
Jurassic Park,1993,7.6,4856,Adventure Science Fiction,33,1990,Good,Moderate
Wyatt Earp,1994,6.5,202,Drama Action Western,32,1990,Average,Low
Clear And Present Danger,1994,6.4,386,Action Drama Thriller,32,1990,Average,Low
Dragon Blade,2015,5.9,145,Action Drama Adventure,11,2010,Poor,Low
Little Man,2006,5.3,261,Comedy Crime,20,2000,Poor,Low
U-571,2000,6.1,340,Action Drama Thriller War,26,2000,Average,Low
The American President,1995,6.5,195,Comedy Drama Romance,31,1990,Average,Low
The Love Guru,2008,4.3,242,Comedy Romance,18,2000,Poor,Low
3000 Miles To Graceland,2001,5.8,178,Action Adventure Comedy Thriller Crime,25,2000,Poor,Low
The Hateful Eight,2015,7.6,4274,Crime Drama Mystery Western,11,2010,Good,Moderate
Blades Of Glory,2007,5.9,569,Action Comedy Drama,19,2000,Poor,Low
Hop,2011,5.5,331,Animation Comedy Family,15,2010,Poor,Low
300,2006,7.0,4997,Action Adventure War,20,2000,Average,Moderate
Meet The Fockers,2004,6.1,1373,Comedy Romance,22,2000,Average,Moderate
Marley & Me,2008,6.9,1343,Comedy Family,18,2000,Average,Moderate
The Green Mile,1999,8.2,4048,Fantasy Drama Crime,27,1990,Excellent,Moderate
Wild Hogs,2007,5.6,648,Action Adventure Comedy,19,2000,Poor,Low
Chicken Little,2005,5.6,944,Animation Family Comedy,21,2000,Poor,Low
Gone Girl,2014,7.9,5862,Mystery Thriller Drama,12,2010,Good,Moderate
The Bourne Identity,2002,7.3,3583,Action Drama Mystery Thriller,24,2000,Good,Moderate
Goldeneye,1995,6.6,1174,Adventure Action Thriller,31,1990,Average,Moderate
The General'S Daughter,1999,6.1,205,Crime Drama Mystery Thriller,27,1990,Average,Low
The Truman Show,1998,7.8,4537,Comedy Drama,28,1990,Good,Moderate
The Prince Of Egypt,1998,6.8,817,Adventure Animation Drama Family Music,28,1990,Average,Low
Daddy Day Care,2003,5.6,506,Comedy Family,23,2000,Poor,Low
2 Guns,2013,6.6,1589,Action Comedy Crime,13,2010,Average,Moderate
Cats & Dogs,2001,5.0,352,Comedy Family,25,2000,Poor,Low
The Italian Job,2003,6.6,1919,Action Crime,23,2000,Average,Moderate
Two Weeks Notice,2002,5.9,487,Romance Comedy,24,2000,Poor,Low
Antz,1998,6.0,1272,Adventure Animation Comedy Family,28,1990,Poor,Moderate
Couples Retreat,2009,5.3,588,Comedy Romance,17,2000,Poor,Low
Days Of Thunder,1990,5.9,353,Adventure,36,1990,Poor,Low
Cheaper By The Dozen 2,2005,5.7,526,Comedy,21,2000,Poor,Low
Maze Runner: The Scorch Trials,2015,6.4,3040,Action,11,2010,Average,Moderate
Eat Pray Love,2010,5.8,636,Drama,16,2010,Poor,Low
The Family Man,2000,6.5,521,Comedy Drama Romance Fantasy,26,2000,Average,Low
Red,2010,6.6,2808,Action Adventure Comedy Crime Thriller,16,2010,Average,Moderate
Any Given Sunday,1999,6.8,422,Drama,27,1990,Average,Low
The Horse Whisperer,1998,6.7,292,Drama Romance,28,1990,Average,Low
Collateral,2004,7.0,1451,Drama Crime Thriller,22,2000,Average,Moderate
The Scorpion King,2002,5.3,779,Action Fantasy Adventure,24,2000,Poor,Low
Ladder 49,2004,6.2,207,Drama Action Thriller,22,2000,Average,Low
Jack Reacher,2012,6.3,2998,Crime Drama Thriller,14,2010,Average,Moderate
Deep Blue Sea,1999,5.6,604,Action Science Fiction Thriller,27,1990,Poor,Low
This Is It,2009,6.7,247,Music Documentary,17,2000,Average,Low
Contagion,2011,6.2,1325,Drama Thriller Science Fiction,15,2010,Average,Moderate
Kangaroo Jack,2003,4.3,203,Comedy Adventure Crime,23,2000,Poor,Low
Coraline,2009,7.3,1386,Animation Family,17,2000,Good,Moderate
The Happening,2008,4.9,950,Thriller Science Fiction,18,2000,Poor,Low
Man On Fire,2004,7.3,1553,Action Drama Thriller Crime,22,2000,Good,Moderate
The Shaggy Dog,2006,4.5,137,Comedy Family,20,2000,Poor,Low
Starsky & Hutch,2004,5.6,644,Comedy Crime,22,2000,Poor,Low
Jingle All The Way,1996,5.5,575,Family Comedy,30,1990,Poor,Low
Hellboy,2004,6.5,2225,Fantasy Action Science Fiction,22,2000,Average,Moderate
A Civil Action,1998,6.1,109,Drama,28,1990,Average,Low
Paranorman,2012,6.7,789,Family Animation Adventure Comedy,14,2010,Average,Low
The Jackal,1997,6.1,527,Action Thriller Adventure Crime,29,1990,Average,Low
Paycheck,2003,5.9,581,Action Adventure Mystery Science Fiction Thriller,23,2000,Poor,Low
Up Close & Personal,1996,5.9,50,Drama Romance,30,1990,Poor,Low
The Tale Of Despereaux,2008,5.8,258,Adventure Animation Family,18,2000,Poor,Low
The Tuxedo,2002,5.3,483,Thriller Action Comedy Science Fiction,24,2000,Poor,Low
Under Siege 2: Dark Territory,1995,5.6,210,Action Thriller,31,1990,Poor,Low
Jack Ryan: Shadow Recruit,2014,5.9,1173,Action Drama Thriller,12,2010,Poor,Moderate
Joy,2015,6.4,1581,Drama Comedy,11,2010,Average,Moderate
London Has Fallen,2016,5.8,1621,Action Crime Thriller,10,2010,Poor,Moderate
Alien: Resurrection,1997,5.9,1365,Science Fiction Horror Action,29,1990,Poor,Moderate
Shooter,2007,6.9,1462,Action Drama Mystery Thriller Crime,19,2000,Average,Moderate
The Boxtrolls,2014,6.6,668,Animation Comedy Family Fantasy,12,2010,Average,Low
Practical Magic,1998,6.3,338,Drama Fantasy Comedy,28,1990,Average,Low
The Lego Movie,2014,7.5,3070,Adventure Animation Comedy Family Fantasy,12,2010,Good,Moderate
Miss Congeniality 2: Armed And Fabulous,2005,5.3,425,Action Comedy,21,2000,Poor,Low
Reign Of Fire,2002,6.0,669,Adventure Action Fantasy,24,2000,Poor,Low
Gangster Squad,2013,6.2,1778,Crime Drama Action Thriller,13,2010,Average,Moderate
Year One,2009,4.6,524,Comedy Adventure,17,2000,Poor,Low
Invictus,2009,7.0,1125,Drama History,17,2000,Average,Moderate
State Of Play,2009,6.7,484,Action,17,2000,Average,Low
Duplicity,2009,5.7,201,Romance Comedy Crime,17,2000,Poor,Low
My Favorite Martian,1999,5.1,80,Comedy Drama Family Science Fiction,27,1990,Poor,Low
The Sentinel,2006,5.8,225,Action Thriller Crime,20,2000,Poor,Low
Planet 51,2009,5.6,556,Science Fiction Animation Family Comedy Adventure,17,2000,Poor,Low
Star Trek: Nemesis,2002,6.1,479,Science Fiction Action Adventure Thriller,24,2000,Average,Low
Intolerable Cruelty,2003,5.8,391,Crime Comedy Romance,23,2000,Poor,Low
Trouble With The Curve,2012,6.6,366,Drama Romance,14,2010,Average,Low
Edge Of Darkness,2010,6.2,487,Crime Drama Mystery Thriller,16,2010,Average,Low
The Relic,1997,5.8,130,Horror Mystery Thriller,29,1990,Poor,Low
Analyze That,2002,5.7,380,Comedy Crime,24,2000,Poor,Low
Righteous Kill,2008,5.9,375,Action Crime Drama Thriller,18,2000,Poor,Low
Mercury Rising,1998,6.0,368,Action Crime Drama Thriller,28,1990,Poor,Low
The Soloist,2009,6.6,234,Drama,17,2000,Average,Low
The Legend Of Bagger Vance,2000,6.3,251,Fantasy Drama,26,2000,Average,Low
Almost Famous,2000,7.4,797,Drama Music,26,2000,Good,Low
Garfield: A Tail Of Two Kitties,2006,5.1,464,Animation Comedy Family,20,2000,Poor,Low
Xxx: State Of The Union,2005,4.7,549,Action Adventure Crime Drama Mystery,21,2000,Poor,Low
Priest,2011,5.4,692,Action Science Fiction Fantasy Thriller Horror,15,2010,Poor,Low
Sinbad: Legend Of The Seven Seas,2003,6.6,372,Family Animation Adventure,23,2000,Average,Low
Event Horizon,1997,6.5,742,Horror Science Fiction Mystery,29,1990,Average,Low
Dragonfly,2002,6.1,204,Drama,24,2000,Average,Low
The Black Dahlia,2006,5.7,287,Drama,20,2000,Poor,Low
Flyboys,2006,6.3,271,Action Adventure Drama History Romance,20,2000,Average,Low
The Last Castle,2001,7.0,285,Action Drama Thriller,25,2000,Average,Low
Supernova,2000,4.9,109,Horror Science Fiction Thriller,26,2000,Poor,Low
Winter'S Tale,2014,6.0,487,Drama Fantasy Mystery Romance,12,2010,Poor,Low
The Mortal Instruments: City Of Bones,2013,6.2,1602,Action Adventure Drama Mystery Romance,13,2010,Average,Moderate
Meet Dave,2008,5.0,371,Comedy Science Fiction Adventure Family,18,2000,Poor,Low
Dark Water,2005,5.3,274,Drama Horror Thriller,21,2000,Poor,Low
Edtv,1999,5.7,166,Comedy,27,1990,Poor,Low
Inkheart,2008,6.0,592,Adventure Family Fantasy,18,2000,Poor,Low
The Spirit,2008,4.7,320,Action Comedy Thriller Crime Science Fiction,18,2000,Poor,Low
Mortdecai,2015,5.4,1055,Comedy Adventure,11,2010,Poor,Moderate
In The Name Of The King: A Dungeon Siege Tale,2007,4.1,224,Adventure Fantasy Action Drama,19,2000,Poor,Low
Beyond Borders,2003,6.7,110,Drama Romance Adventure War,23,2000,Average,Low
The Monkey King 2,2016,6.0,24,Action Adventure Fantasy,10,2010,Poor,Low
The Great Raid,2005,6.8,91,Action History War,21,2000,Average,Low
Deadpool,2016,7.4,10995,Action Adventure Comedy,10,2010,Good,Popular
Holy Man,1998,4.9,111,Drama Comedy,28,1990,Poor,Low
American Sniper,2014,7.4,4469,War Action,12,2010,Good,Moderate
Goosebumps,2015,6.2,995,Adventure Horror Comedy,11,2010,Average,Low
Just Like Heaven,2005,6.5,579,Comedy Fantasy Romance,21,2000,Average,Low
The Flintstones In Viva Rock Vegas,2000,4.4,134,Science Fiction Comedy Family Romance,26,2000,Poor,Low
Rambo Iii,1988,5.7,690,Action Adventure Thriller War,38,1980,Poor,Low
Leatherheads,2008,5.7,130,Comedy Romance Drama,18,2000,Poor,Low
The Ridiculous 6,2015,4.9,388,Comedy Western,11,2010,Poor,Low
Did You Hear About The Morgans?,2009,5.1,276,Comedy,17,2000,Poor,Low
The Internship,2013,6.1,1658,Comedy,13,2010,Average,Moderate
Resident Evil: Afterlife,2010,5.8,1363,Action Adventure Horror Science Fiction,16,2010,Poor,Moderate
Red Tails,2012,5.9,178,Drama Action Adventure History War,14,2010,Poor,Low
The Devil'S Advocate,1997,7.2,1374,Drama Horror Mystery Thriller,29,1990,Good,Moderate
That'S My Boy,2012,5.5,453,Comedy,14,2010,Poor,Low
Dragonheart,1996,6.4,535,Fantasy,30,1990,Average,Low
After The Sunset,2004,6.0,226,Action Comedy Crime Drama,22,2000,Poor,Low
Ghost Rider: Spirit Of Vengeance,2011,4.7,1135,Action Fantasy Thriller,15,2010,Poor,Moderate
Captain Corelli'S Mandolin,2001,5.5,145,Drama History Romance,25,2000,Poor,Low
The Pacifier,2005,5.8,842,Action Comedy Drama Family Thriller,21,2000,Poor,Low
Walking Tall,2004,6.0,381,Adventure Drama Action Thriller,22,2000,Poor,Low
Forrest Gump,1994,8.2,7927,Comedy Drama Romance,32,1990,Excellent,Moderate
Alvin And The Chipmunks,2007,5.5,1177,Comedy Music Family Fantasy Animation,19,2000,Poor,Moderate
Meet The Parents,2000,6.6,1698,Comedy Romance,26,2000,Average,Moderate
Pocahontas,1995,6.7,1457,Adventure Animation Drama Family,31,1990,Average,Moderate
The Nutty Professor,1996,5.4,702,Fantasy Comedy Romance Science Fiction,30,1990,Poor,Low
Hitch,2005,6.4,1665,Comedy Drama Romance,21,2000,Average,Moderate
George Of The Jungle,1997,5.4,496,Adventure Comedy Family Romance,29,1990,Poor,Low
American Wedding,2003,6.0,1129,Comedy Romance,23,2000,Poor,Moderate
Captain Phillips,2013,7.6,2454,Action Drama Thriller,13,2010,Good,Moderate
Date Night,2010,5.9,1122,Comedy,16,2010,Poor,Moderate
Casper,1995,6.0,1019,Fantasy Comedy Family,31,1990,Poor,Moderate
The Equalizer,2014,7.1,2954,Thriller Action Crime,12,2010,Good,Moderate
Maid In Manhattan,2002,5.6,485,Comedy Drama Romance,24,2000,Poor,Low
Crimson Tide,1995,7.0,498,Action Thriller Drama,31,1990,Average,Low
The Pursuit Of Happyness,2006,7.7,2525,Drama,20,2000,Good,Moderate
Flightplan,2005,6.1,772,Thriller Drama Mystery,21,2000,Average,Low
Disclosure,1994,5.9,210,Drama Thriller Crime Mystery Romance,32,1990,Poor,Low
City Of Angels,1998,6.4,529,Drama Fantasy Romance,28,1990,Average,Low
Kill Bill: Vol. 1,2003,7.7,4949,Action Crime,23,2000,Good,Moderate
Bowfinger,1999,6.0,254,Comedy,27,1990,Poor,Low
Kill Bill: Vol. 2,2004,7.6,3948,Action Crime Thriller,22,2000,Good,Moderate
Tango & Cash,1989,6.1,458,Action Adventure Comedy,37,1980,Average,Low
Death Becomes Her,1992,6.3,636,Fantasy Comedy,34,1990,Average,Low
Shanghai Noon,2000,6.2,735,Adventure Action Comedy Western,26,2000,Average,Low
Executive Decision,1996,5.8,256,Action Adventure Drama Thriller,30,1990,Poor,Low
Mr. Popper'S Penguins,2011,5.7,751,Comedy Family,15,2010,Poor,Low
The Forbidden Kingdom,2008,6.3,461,Action Adventure Fantasy,18,2000,Average,Low
Free Birds,2013,5.7,254,Animation Comedy Family,13,2010,Poor,Low
Alien³,1992,6.2,1633,Science Fiction Action Horror,34,1990,Average,Moderate
Evita,1996,5.9,120,History Drama Music,30,1990,Poor,Low
Ronin,1998,6.7,658,Action Thriller Crime Adventure,28,1990,Average,Low
The Ghost And The Darkness,1996,6.4,236,Adventure,30,1990,Average,Low
Paddington,2014,7.0,883,Family Comedy,12,2010,Average,Low
The Watch,2012,5.3,881,Comedy,14,2010,Poor,Low
The Hunted,2003,6.0,189,Drama Action Thriller Crime,23,2000,Poor,Low
Instinct,1999,6.2,146,Drama Mystery Thriller,27,1990,Average,Low
Stuck On You,2003,5.1,188,Comedy,23,2000,Poor,Low
Semi-Pro,2008,5.4,251,Comedy,18,2000,Poor,Low
The Pirates! In An Adventure With Scientists!,2012,6.4,374,Animation Adventure Family Comedy,14,2010,Average,Low
Changeling,2008,7.3,1131,Crime Drama Mystery,18,2000,Good,Moderate
Chain Reaction,1996,5.3,284,Action Drama Science Fiction Thriller,30,1990,Poor,Low
The Fan,1996,5.7,194,Drama Mystery Thriller,30,1990,Poor,Low
The Phantom Of The Opera,2004,7.0,438,Thriller Drama Romance,22,2000,Average,Low
Elizabeth: The Golden Age,2007,6.6,303,Drama History Romance,19,2000,Average,Low
Æon Flux,2005,5.4,703,Action Science Fiction,21,2000,Poor,Low
Gods And Generals,2003,6.1,48,Drama History War,23,2000,Average,Low
Turbulence,1997,5.2,62,Action Thriller Crime,29,1990,Poor,Low
Imagine That,2009,5.7,134,Comedy,17,2000,Poor,Low
Muppets Most Wanted,2014,6.2,316,Comedy Adventure Crime Family,12,2010,Average,Low
Thunderbirds,2004,4.2,91,Action Adventure Comedy Family Fantasy,22,2000,Poor,Low
Burlesque,2010,6.9,573,Drama Romance,16,2010,Average,Low
A Very Long Engagement,2004,7.1,346,Drama,22,2000,Good,Low
D-Tox,2002,5.3,123,Action Thriller,24,2000,Poor,Low
Blade Ii,2002,6.2,1528,Fantasy Horror Action Thriller,24,2000,Average,Moderate
Seven Pounds,2008,7.5,2039,Drama,18,2000,Good,Moderate
Bullet To The Head,2013,5.2,481,Action Crime Thriller,13,2010,Poor,Low
The Godfather: Part Iii,1990,7.1,1546,Crime Drama Thriller,36,1990,Good,Moderate
Elizabethtown,2005,6.1,327,Comedy Drama Romance,21,2000,Average,Low
"You, Me And Dupree",2006,5.4,407,Comedy Romance,20,2000,Poor,Low
Superman Ii,1980,6.5,629,Action Adventure Fantasy Science Fiction,46,1980,Average,Low
Gigli,2003,3.5,104,Drama,23,2000,Poor,Low
All The King'S Men,2006,5.7,95,Drama Thriller,20,2000,Poor,Low
Shaft,2000,5.5,308,Action Adventure Crime Thriller,26,2000,Poor,Low
Anastasia,1997,7.4,1432,Animation Family,29,1990,Good,Moderate
Moulin Rouge!,2001,7.4,1300,Drama Music Romance,25,2000,Good,Moderate
Domestic Disturbance,2001,5.4,113,Mystery Thriller Crime,25,2000,Poor,Low
Black Mass,2015,6.3,1242,Crime Drama,11,2010,Average,Moderate
Flags Of Our Fathers,2006,6.7,526,War Drama History,20,2000,Average,Low
Law Abiding Citizen,2009,7.2,1486,Drama Crime Thriller,17,2000,Good,Moderate
Grindhouse,2007,6.8,459,Thriller Action Horror,19,2000,Average,Low
Beloved,1998,5.9,26,Drama Thriller,28,1990,Poor,Low
Lucky You,2007,5.4,81,Drama Romance,19,2000,Poor,Low
Catch Me If You Can,2002,7.7,3795,Drama Crime,24,2000,Good,Moderate
Zero Dark Thirty,2012,6.7,1702,Thriller Drama History,14,2010,Average,Moderate
The Break-Up,2006,5.6,832,Romance Comedy,20,2000,Poor,Low
Mamma Mia!,2008,6.4,1386,Comedy Romance,18,2000,Average,Moderate
Valentine'S Day,2010,5.7,1013,Comedy Romance,16,2010,Poor,Moderate
The Dukes Of Hazzard,2005,5.1,316,Action Adventure Comedy,21,2000,Poor,Low
The Thin Red Line,1998,7.2,771,Drama History War,28,1990,Good,Low
The Change-Up,2011,5.9,736,Comedy,15,2010,Poor,Low
Man On The Moon,1999,6.9,435,Comedy Drama Romance,27,1990,Average,Low
Casino,1995,7.8,1307,Drama Crime,31,1990,Good,Moderate
From Paris With Love,2010,6.1,675,Action Crime Thriller,16,2010,Average,Low
Bulletproof Monk,2003,5.1,278,Action Comedy Fantasy,23,2000,Poor,Low
"Me, Myself & Irene",2000,6.1,927,Comedy,26,2000,Average,Low
Barnyard,2006,5.3,225,Animation Comedy Family,20,2000,Poor,Low
Deck The Halls,2006,5.1,109,Comedy Family,20,2000,Poor,Low
The Twilight Saga: New Moon,2009,5.6,2436,Adventure Fantasy Drama Romance,17,2000,Poor,Moderate
Shrek,2001,7.3,4056,Adventure Animation Comedy Family Fantasy,25,2000,Good,Moderate
The Adjustment Bureau,2011,6.5,1652,Science Fiction Thriller Romance,15,2010,Average,Moderate
Robin Hood: Prince Of Thieves,1991,6.6,909,Adventure,35,1990,Average,Low
Jerry Maguire,1996,6.7,913,Comedy Drama Romance,30,1990,Average,Low
Ted,2012,6.3,4697,Comedy Fantasy,14,2010,Average,Moderate
As Good As It Gets,1997,7.2,915,Comedy Romance,29,1990,Good,Low
Patch Adams,1998,7.0,832,Comedy Drama,28,1990,Average,Low
Anchorman 2: The Legend Continues,2013,6.0,923,Comedy,13,2010,Poor,Low
Mr. Deeds,2002,5.6,644,Comedy Romance,24,2000,Poor,Low
Super 8,2011,6.6,2435,Thriller Science Fiction Mystery,15,2010,Average,Moderate
Erin Brockovich,2000,7.1,716,Drama,26,2000,Good,Low
How To Lose A Guy In 10 Days,2003,6.3,850,Comedy Romance,23,2000,Average,Low
22 Jump Street,2014,7.0,3319,Crime Comedy Action,12,2010,Average,Moderate
Interview With The Vampire,1994,7.2,1516,Horror Romance,32,1990,Good,Moderate
Yes Man,2008,6.4,1813,Comedy,18,2000,Average,Moderate
Central Intelligence,2016,6.2,1650,Action Comedy,10,2010,Average,Moderate
Stepmom,1998,6.9,277,Drama Romance,28,1990,Average,Low
Daddy'S Home,2015,5.8,854,Comedy,11,2010,Poor,Low
Into The Woods,2014,5.6,1652,Fantasy Comedy Music,12,2010,Poor,Moderate
Inside Man,2006,7.3,1630,Crime Drama Thriller,20,2000,Good,Moderate
Payback,1999,6.7,548,Drama Action Thriller Crime,27,1990,Average,Low
Congo,1995,5.0,213,Action Adventure Drama Mystery Science Fiction,31,1990,Poor,Low
We Bought A Zoo,2011,6.5,909,Drama Comedy Family,15,2010,Average,Low
Knowing,2009,5.9,1486,Action Adventure Drama Mystery Science Fiction,17,2000,Poor,Moderate
Failure To Launch,2006,5.5,399,Comedy,20,2000,Poor,Low
The Ring Two,2005,5.4,632,Drama Horror Thriller,21,2000,Poor,Low
"Crazy, Stupid, Love.",2011,7.0,2443,Comedy Drama Romance,15,2010,Average,Moderate
Garfield,2004,5.2,820,Animation Comedy Family,22,2000,Poor,Low
Christmas With The Kranks,2004,5.2,193,Comedy Family,22,2000,Poor,Low
Moneyball,2011,7.0,1381,Drama,15,2010,Average,Moderate
Outbreak,1995,6.3,513,Action Drama Science Fiction Thriller,31,1990,Average,Low
Non-Stop,2014,6.8,2268,Action Thriller Mystery,12,2010,Average,Moderate
Race To Witch Mountain,2009,5.5,509,Adventure Family Fantasy Science Fiction Thriller,17,2000,Poor,Low
V For Vendetta,2006,7.7,4442,Action Thriller Fantasy,20,2000,Good,Moderate
Shanghai Knights,2003,6.0,692,Action Adventure Comedy Western,23,2000,Poor,Low
Curious George,2006,6.2,106,Adventure Animation Comedy Family,20,2000,Average,Low
Herbie Fully Loaded,2005,5.1,542,Comedy Family Adventure Fantasy Romance,21,2000,Poor,Low
Don'T Say A Word,2001,6.0,220,Thriller,25,2000,Poor,Low
Hansel & Gretel: Witch Hunters,2013,5.7,3239,Fantasy Horror Action,13,2010,Poor,Moderate
Unfaithful,2002,6.3,276,Thriller Drama,24,2000,Average,Low
I Am Number Four,2011,5.9,1567,Action Thriller Science Fiction Adventure,15,2010,Poor,Moderate
Syriana,2005,6.3,451,Drama Thriller,21,2000,Average,Low
13 Hours: The Secret Soldiers Of Benghazi,2016,7.0,938,Action Drama History Thriller War,10,2010,Average,Low
The Book Of Life,2014,7.3,755,Romance Animation Adventure Comedy Family,12,2010,Good,Low
Firewall,2006,5.6,267,Thriller,20,2000,Poor,Low
Absolute Power,1997,6.4,223,Crime Drama Thriller,29,1990,Average,Low
G.I. Jane,1997,6.0,395,Action Drama,29,1990,Poor,Low
The Game,1997,7.5,1506,Drama Thriller Mystery,29,1990,Good,Moderate
Silent Hill,2006,6.3,1067,Horror Mystery,20,2000,Average,Moderate
The Replacements,2000,6.1,203,Comedy,26,2000,Average,Low
American Reunion,2012,6.1,1611,Comedy,14,2010,Average,Moderate
The Negotiator,1998,6.8,582,Action Adventure Crime Drama Mystery,28,1990,Average,Low
Into The Storm,2014,5.8,817,Action Thriller,12,2010,Poor,Low
Beverly Hills Cop Iii,1994,5.5,434,Action Comedy Crime,32,1990,Poor,Low
Gremlins 2: The New Batch,1990,6.2,652,Comedy Horror Fantasy,36,1990,Average,Low
The Judge,2014,7.2,1417,Drama,12,2010,Good,Moderate
The Peacemaker,1997,5.8,255,Action Thriller,29,1990,Poor,Low
Resident Evil: Apocalypse,2004,6.1,1267,Horror Action Science Fiction,22,2000,Average,Moderate
Bridget Jones: The Edge Of Reason,2004,6.1,750,Comedy Romance,22,2000,Average,Low
Out Of Time,2003,6.1,298,Thriller Crime Drama,23,2000,Average,Low
On Deadly Ground,1994,4.5,104,Action Thriller,32,1990,Poor,Low
The Adventures Of Sharkboy And Lavagirl,2005,4.4,269,Adventure Family Science Fiction,21,2000,Poor,Low
The Beach,2000,6.3,1233,Drama Adventure Romance Thriller,26,2000,Average,Moderate
Raising Helen,2004,5.9,189,Drama Comedy Romance,22,2000,Poor,Low
Ninja Assassin,2009,6.2,371,Action Crime Thriller,17,2000,Average,Low
For Love Of The Game,1999,6.3,88,Drama Romance,27,1990,Average,Low
Striptease,1996,4.4,205,Drama Thriller Crime,30,1990,Poor,Low
Marmaduke,2010,5.0,149,Family Comedy,16,2010,Poor,Low
Hereafter,2010,5.8,510,Drama Fantasy,16,2010,Poor,Low
Murder By Numbers,2002,6.0,268,Crime Drama Thriller,24,2000,Poor,Low
Assassins,1995,6.0,387,Action Adventure Crime Thriller,31,1990,Poor,Low
Hannibal Rising,2007,6.0,654,Crime Drama Thriller,19,2000,Poor,Low
The Story Of Us,1999,5.9,75,Comedy Drama Romance,27,1990,Poor,Low
The Host,2013,6.0,1817,Action Adventure Romance Science Fiction Thriller,13,2010,Poor,Moderate
Basic,2003,6.2,286,Action Drama Mystery Thriller Crime,23,2000,Average,Low
Blood Work,2002,6.1,206,Crime Drama Mystery Thriller,24,2000,Average,Low
The International,2009,6.0,368,Drama Thriller Crime,17,2000,Poor,Low
Escape From L.A.,1996,5.6,373,Action Adventure Science Fiction Thriller,30,1990,Poor,Low
The Iron Giant,1999,7.6,1436,Adventure Animation Family Fantasy Science Fiction,27,1990,Good,Moderate
The Life Aquatic With Steve Zissou,2004,7.1,775,Adventure Comedy Drama,22,2000,Good,Low
Free State Of Jones,2016,6.6,428,War Action Drama History Thriller,10,2010,Average,Low
The Life Of David Gale,2003,7.3,480,Drama Thriller Crime,23,2000,Good,Low
Man Of The House,2005,5.4,120,Comedy Action,21,2000,Poor,Low
Run All Night,2015,6.3,1148,Action Crime Drama Mystery Thriller,11,2010,Average,Moderate
Eastern Promises,2007,7.2,848,Thriller Crime Mystery,19,2000,Good,Low
Into The Blue,2005,5.8,458,Action Thriller Adventure Crime,21,2000,Poor,Low
The Messenger: The Story Of Joan Of Arc,1999,6.2,367,Adventure Drama Action History War,27,1990,Average,Low
Your Highness,2011,5.2,501,Comedy,15,2010,Poor,Low
Dream House,2011,5.8,391,Drama Thriller Mystery,15,2010,Poor,Low
Mad City,1997,5.9,81,Action Drama Thriller,29,1990,Poor,Low
Baby'S Day Out,1994,5.8,274,Action Adventure Comedy Family,32,1990,Poor,Low
The Scarlet Letter,1995,5.5,108,Drama History Romance,31,1990,Poor,Low
Fair Game,2010,6.5,235,Drama Thriller,16,2010,Average,Low
Domino,2005,6.0,444,Action Crime,21,2000,Poor,Low
Jade,1995,5.2,44,Action Thriller Mystery Romance,31,1990,Poor,Low
Gamer,2009,5.6,760,Action Thriller Science Fiction,17,2000,Poor,Low
Beautiful Creatures,2013,5.6,984,Fantasy Drama Romance,13,2010,Poor,Low
Death To Smoochy,2002,5.9,132,Comedy Crime Drama Thriller,24,2000,Poor,Low
Zoolander 2,2016,4.7,797,Comedy,10,2010,Poor,Low
The Big Bounce,2004,5.0,76,Comedy Crime,22,2000,Poor,Low
What Planet Are You From?,2000,5.4,37,Comedy Drama Romance Science Fiction,26,2000,Poor,Low
Drive Angry,2011,5.3,600,Fantasy Thriller Action Crime,15,2010,Poor,Low
Street Fighter: The Legend Of Chun-Li,2009,3.9,112,Action Adventure Science Fiction Thriller,17,2000,Poor,Low
The One,2001,5.7,437,Action Science Fiction Thriller,25,2000,Poor,Low
The Adventures Of Ford Fairlane,1990,6.2,71,Action Comedy Thriller Crime Mystery,36,1990,Average,Low
The Boat That Rocked,2009,7.2,666,Drama Comedy,17,2000,Good,Low
Traffic,2000,6.9,562,Thriller Drama Crime,26,2000,Average,Low
Indiana Jones And The Last Crusade,1989,7.6,3152,Adventure Action,37,1980,Good,Moderate
Anna Karenina,2012,6.5,639,Drama Romance,14,2010,Average,Low
Chappie,2015,6.6,3062,Crime Action Science Fiction,11,2010,Average,Moderate
The Bone Collector,1999,6.5,826,Drama Mystery Thriller Crime,27,1990,Average,Low
Panic Room,2002,6.5,1267,Crime Drama Thriller,24,2000,Average,Moderate
The Tooth Fairy,2006,4.3,13,Horror,20,2000,Poor,Low
Three Kings,1999,6.6,692,Action Adventure Comedy,27,1990,Average,Low
Child 44,2015,6.1,547,Crime Thriller,11,2010,Average,Low
Rat Race,2001,6.0,518,Adventure Comedy,25,2000,Poor,Low
K-Pax,2001,7.1,695,Drama Science Fiction,25,2000,Good,Low
Kate & Leopold,2001,6.0,418,Comedy Fantasy Romance Science Fiction,25,2000,Poor,Low
Bedazzled,2000,5.6,512,Fantasy Comedy Romance,26,2000,Poor,Low
The Cotton Club,1984,6.6,68,Music Drama Crime Romance,42,1980,Average,Low
3:10 To Yuma,2007,6.9,1188,Western,19,2000,Average,Moderate
Taken 3,2014,6.1,2200,Thriller Action,12,2010,Average,Moderate
Out Of Sight,1998,6.5,333,Romance Comedy Crime,28,1990,Average,Low
The Cable Guy,1996,5.7,594,Comedy Drama Thriller,30,1990,Poor,Low
Dick Tracy,1990,5.9,251,Adventure Action Comedy Thriller Crime,36,1990,Poor,Low
The Thomas Crown Affair,1999,6.6,339,Drama Crime Romance,27,1990,Average,Low
Riding In Cars With Boys,2001,6.5,103,Comedy Drama Romance,25,2000,Average,Low
First Blood,1982,7.2,1488,Action Adventure Thriller War,44,1980,Good,Moderate
Happily N'Ever After,2006,4.6,104,Animation Comedy Family Fantasy Science Fiction,20,2000,Poor,Low
Mary Reilly,1996,5.7,74,Drama Horror Thriller Romance,30,1990,Poor,Low
My Best Friend'S Wedding,1997,6.3,584,Comedy Romance,29,1990,Average,Low
America'S Sweethearts,2001,5.5,252,Comedy Romance,25,2000,Poor,Low
Insomnia,2002,6.8,1148,Crime Mystery Thriller,24,2000,Average,Moderate
Star Trek: First Contact,1996,7.0,661,Science Fiction Action Adventure Thriller,30,1990,Average,Low
Jonah Hex,2010,4.4,420,Action Western Drama Fantasy Thriller,16,2010,Poor,Low
Courage Under Fire,1996,6.2,232,Drama Thriller Mystery War,30,1990,Average,Low
Liar Liar,1997,6.4,1424,Comedy,29,1990,Average,Moderate
The Infiltrator,2016,6.6,573,Crime Drama Thriller,10,2010,Average,Low
The Flintstones,1994,5.0,543,Fantasy Comedy Family,32,1990,Poor,Low
Taken 2,2012,6.1,2757,Action Crime Thriller,14,2010,Average,Moderate
Scary Movie 3,2003,5.8,912,Comedy,23,2000,Poor,Low
Miss Congeniality,2000,6.1,961,Comedy Crime Action,26,2000,Average,Low
Journey To The Center Of The Earth,2008,5.8,1309,Action Science Fiction Adventure Comedy Family,18,2000,Poor,Moderate
The Princess Diaries 2: Royal Engagement,2004,6.0,697,Comedy Drama Family Romance,22,2000,Poor,Low
The Pelican Brief,1993,6.3,371,Drama Mystery Thriller Crime,33,1990,Average,Low
The Client,1994,6.4,278,Drama Thriller Crime Mystery,32,1990,Average,Low
The Bucket List,2007,7.0,1111,Drama Comedy,19,2000,Average,Moderate
Patriot Games,1992,6.3,433,Drama Action Thriller Crime,34,1990,Average,Low
Monster-In-Law,2005,5.6,406,Romance Comedy,21,2000,Poor,Low
Prisoners,2013,7.9,3085,Drama Thriller Crime,13,2010,Good,Moderate
Training Day,2001,7.3,1634,Action Crime Drama Thriller,25,2000,Good,Moderate
Galaxy Quest,1999,6.9,710,Comedy Family Science Fiction,27,1990,Average,Low
Scary Movie 2,2001,5.4,982,Comedy,25,2000,Poor,Low
The Muppets,2011,6.5,501,Comedy Family Music,15,2010,Average,Low
Blade,1998,6.5,1905,Horror Action,28,1990,Average,Moderate
Coach Carter,2005,7.3,496,Drama,21,2000,Good,Low
Changing Lanes,2002,5.9,299,Action Adventure Crime Thriller,24,2000,Poor,Low
Anaconda,1997,4.7,610,Adventure Horror Thriller,29,1990,Poor,Low
Coyote Ugly,2000,5.8,575,Comedy,26,2000,Poor,Low
Love Actually,2003,7.0,1869,Comedy Romance Drama,23,2000,Average,Moderate
A Bug'S Life,1998,6.8,2303,Adventure Animation Comedy Family,28,1990,Average,Moderate
From Hell,2001,6.6,741,Horror Mystery Thriller,25,2000,Average,Low
The Specialist,1994,5.5,313,Action Thriller,32,1990,Poor,Low
Tin Cup,1996,5.9,150,Comedy Drama Romance,30,1990,Poor,Low
Kicking & Screaming,2005,5.6,176,Romance Comedy Family,21,2000,Poor,Low
The Hitchhiker'S Guide To The Galaxy,2005,6.6,1315,Adventure Comedy Family Science Fiction,21,2000,Average,Moderate
Fat Albert,2004,4.3,69,Comedy Drama Family,22,2000,Poor,Low
Resident Evil: Extinction,2007,6.1,1292,Horror Action Science Fiction,19,2000,Average,Moderate
Blended,2014,6.6,1006,Comedy,12,2010,Average,Moderate
Last Holiday,2006,6.4,119,Adventure Comedy Drama,20,2000,Average,Low
The River Wild,1994,6.1,210,Action Adventure Crime Thriller,32,1990,Average,Low
The Indian In The Cupboard,1995,5.9,134,Adventure Family Fantasy,31,1990,Poor,Low
Savages,2012,6.2,766,Crime Drama Thriller,14,2010,Average,Low
Cellular,2004,6.1,537,Action Adventure Crime Thriller,22,2000,Average,Low
Johnny English,2003,6.0,852,Adventure Action Comedy,23,2000,Poor,Low
The Ant Bully,2006,5.5,366,Fantasy Adventure Animation Comedy Family,20,2000,Poor,Low
Dune,1984,6.5,562,Action Science Fiction Adventure,42,1980,Average,Low
Across The Universe,2007,7.1,410,Adventure Drama Music Romance,19,2000,Good,Low
Revolutionary Road,2008,6.7,796,Drama Romance,18,2000,Average,Low
16 Blocks,2006,6.2,661,Action Adventure Crime Thriller,20,2000,Average,Low
Babylon A.D.,2008,5.4,676,Action Adventure Science Fiction Thriller,18,2000,Poor,Low
The Glimmer Man,1996,4.7,100,Action Adventure Crime Drama Thriller,30,1990,Poor,Low
Multiplicity,1996,5.5,154,Comedy Fantasy Science Fiction,30,1990,Poor,Low
Aliens In The Attic,2009,5.3,244,Adventure Comedy Family Fantasy Science Fiction,17,2000,Poor,Low
The Pledge,2001,6.5,215,Crime Drama Mystery Thriller,25,2000,Average,Low
The Producers,2005,6.1,151,Comedy Music,21,2000,Average,Low
The Phantom,1996,4.7,136,Adventure Action,30,1990,Poor,Low
All The Pretty Horses,2000,5.8,60,Drama Romance Western,26,2000,Poor,Low
Nixon,1995,7.1,71,History Drama,31,1990,Good,Low
The Ghost Writer,2010,6.7,670,Thriller Mystery,16,2010,Average,Low
Deep Rising,1998,6.0,154,Adventure Action Horror Science Fiction,28,1990,Poor,Low
Miracle At St. Anna,2008,6.3,90,Drama War,18,2000,Average,Low
Curse Of The Golden Flower,2006,6.6,203,Action Drama Fantasy,20,2000,Average,Low
Bangkok Dangerous,2008,5.0,332,Action Crime Thriller,18,2000,Poor,Low
Big Trouble,2002,6.3,80,Action Comedy Thriller,24,2000,Average,Low
Love In The Time Of Cholera,2007,6.4,81,Drama Romance,19,2000,Average,Low
Shadow Conspiracy,1997,4.0,11,Action Thriller,29,1990,Poor,Low
Johnny English Reborn,2011,6.0,1007,Crime Adventure Action Comedy Thriller,15,2010,Poor,Moderate
Foodfight!,2012,2.3,28,Animation Action Comedy Family,14,2010,Poor,Low
Argo,2012,7.1,3423,Drama Thriller,14,2010,Good,Moderate
The Fugitive,1993,7.2,1220,Adventure Action Thriller Crime Mystery,33,1990,Good,Moderate
The Bounty Hunter,2010,5.5,858,Action,16,2010,Poor,Low
Sleepers,1996,7.3,715,Crime Drama Thriller,30,1990,Good,Low
Rambo: First Blood Part Ii,1985,6.3,864,Action Adventure Thriller War,41,1980,Average,Low
The Juror,1996,5.5,89,Drama Thriller,30,1990,Poor,Low
Heaven'S Gate,1980,6.4,55,Action Drama History Western,46,1980,Average,Low
Underworld: Evolution,2006,6.4,1528,Fantasy Action Science Fiction Thriller,20,2000,Average,Moderate
Victor Frankenstein,2015,5.6,685,Drama Science Fiction Thriller,11,2010,Poor,Low
Finding Forrester,2000,7.0,302,Drama,26,2000,Average,Low
28 Days,2000,6.0,208,Comedy Drama,26,2000,Poor,Low
Unleashed,2005,6.6,518,Action Crime,21,2000,Average,Low
The Sweetest Thing,2002,5.3,280,Romance Comedy,24,2000,Poor,Low
The Firm,1993,6.6,501,Drama Mystery Thriller,33,1990,Average,Low
Charlie St. Cloud,2010,6.8,566,Drama,16,2010,Average,Low
The Mechanic,2011,6.3,1045,Action Thriller Crime,15,2010,Average,Moderate
21 Jump Street,2012,6.7,4074,Action Comedy Crime,14,2010,Average,Moderate
Notting Hill,1999,7.0,1262,Romance Comedy Drama,27,1990,Average,Moderate
Chicken Run,2000,6.5,1150,Animation Comedy Family,26,2000,Average,Moderate
Along Came Polly,2004,5.8,773,Comedy Romance,22,2000,Poor,Low
Boomerang,1992,5.4,134,Comedy Romance,34,1990,Poor,Low
The Heat,2013,6.5,1575,Action Comedy Crime,13,2010,Average,Moderate
Here Comes The Boom,2012,6.0,593,Comedy,14,2010,Poor,Low
High Crimes,2002,6.1,184,Drama Mystery Thriller Crime,24,2000,Average,Low
The Mirror Has Two Faces,1996,6.5,47,Comedy Drama Romance,30,1990,Average,Low
The Mothman Prophecies,2002,6.1,305,Drama Horror Mystery,24,2000,Average,Low
Brüno,2009,5.4,518,Comedy,17,2000,Poor,Low
Licence To Kill,1989,5.9,541,Adventure Action Thriller,37,1980,Poor,Low
Red Riding Hood,2011,5.6,922,Fantasy Thriller Horror,15,2010,Poor,Low
15 Minutes,2001,5.7,191,Action Crime Thriller,25,2000,Poor,Low
Super Mario Bros.,1993,4.0,232,Adventure Comedy Family Fantasy,33,1990,Poor,Low
Lord Of War,2005,7.0,1335,Crime Drama Thriller,21,2000,Average,Moderate
Hero,2002,7.2,635,Drama Adventure Action History,24,2000,Good,Low
One For The Money,2012,5.3,388,Action Comedy Crime,14,2010,Poor,Low
The Interview,2014,6.1,2304,Action Comedy,12,2010,Average,Moderate
The Warrior'S Way,2010,6.3,136,Adventure Fantasy Action Western Thriller,16,2010,Average,Low
Micmacs,2009,6.8,148,Action Comedy Crime,17,2000,Average,Low
8 Mile,2002,6.8,1626,Drama,24,2000,Average,Moderate
Why I Did (Not) Eat My Father,2015,5.3,125,Adventure Comedy Animation,11,2010,Poor,Low
A Knight'S Tale,2001,6.6,907,Adventure Drama Romance Action,25,2000,Average,Low
The Medallion,2003,5.3,281,Thriller Fantasy Action Comedy,23,2000,Poor,Low
The Sixth Sense,1999,7.7,3147,Mystery Thriller Drama,27,1990,Good,Moderate
Man On A Ledge,2012,6.2,925,Action Thriller Crime,14,2010,Average,Low
The Big Year,2011,5.6,248,Comedy,15,2010,Poor,Low
The Karate Kid,1984,6.9,891,Drama,42,1980,Average,Low
American Hustle,2013,6.8,2807,Drama Crime,13,2010,Average,Moderate
The Proposal,2009,6.7,1804,Comedy Romance Drama,17,2000,Average,Moderate
Double Jeopardy,1999,6.2,278,Crime Drama Mystery Thriller,27,1990,Average,Low
Back To The Future Part Ii,1989,7.4,3829,Adventure Comedy Family Science Fiction,37,1980,Good,Moderate
Lucy,2014,6.3,5878,Action Science Fiction,12,2010,Average,Moderate
Fifty Shades Of Grey,2015,5.2,3254,Drama Romance Thriller,11,2010,Poor,Moderate
Spy Kids 3-D: Game Over,2003,4.7,511,Action Adventure Comedy Family Science Fiction,23,2000,Poor,Low
A Time To Kill,1996,7.0,509,Crime Drama Thriller,30,1990,Average,Low
Cheaper By The Dozen,2003,6.0,699,Comedy,23,2000,Poor,Low
Lone Survivor,2013,7.4,1526,Action Drama Thriller War,13,2010,Good,Moderate
A League Of Their Own,1992,6.7,354,Comedy,34,1990,Average,Low
The Conjuring 2,2016,7.0,1949,Horror,10,2010,Average,Moderate
The Social Network,2010,7.1,3391,Drama,16,2010,Good,Moderate
He'S Just Not That Into You,2009,6.2,959,Comedy Romance Drama,17,2000,Average,Low
Scary Movie 4,2006,5.3,750,Comedy,20,2000,Poor,Low
Scream 3,2000,5.7,736,Horror Mystery,26,2000,Poor,Low
Back To The Future Part Iii,1990,7.1,2900,Adventure Comedy Family Science Fiction,36,1990,Good,Moderate
Get Hard,2015,5.9,944,Comedy,11,2010,Poor,Low
Dracula,1992,7.1,1056,Romance Horror,34,1990,Good,Moderate
Julie & Julia,2009,6.6,560,Romance Drama,17,2000,Average,Low
42,2013,6.8,787,Drama,13,2010,Average,Low
The Talented Mr. Ripley,1999,7.0,767,Thriller Crime Drama,27,1990,Average,Low
Dumb And Dumber To,2014,5.4,1127,Comedy,12,2010,Poor,Moderate
Eight Below,2006,6.7,542,Adventure Drama Family,20,2000,Average,Low
The Intern,2015,7.1,1881,Comedy,11,2010,Good,Moderate
Ride Along 2,2016,6.1,555,Action Comedy,10,2010,Average,Low
The Last Of The Mohicans,1992,7.1,732,Action Adventure Drama History Romance,34,1990,Good,Low
Ray,2004,7.2,467,Drama Music,22,2000,Good,Low
Sin City,2005,7.2,2691,Action Thriller Crime,21,2000,Good,Moderate
Vantage Point,2008,6.2,716,Drama Action Thriller Crime,18,2000,Average,Low
"I Love You, Man",2009,6.5,515,Comedy,17,2000,Average,Low
Shallow Hal,2001,5.7,731,Comedy Romance,25,2000,Poor,Low
Jfk,1991,7.5,502,Drama Thriller History,35,1990,Good,Low
Big Momma'S House 2,2006,5.4,371,Comedy Crime,20,2000,Poor,Low
The Mexican,2001,5.8,441,Action Comedy Crime Romance,25,2000,Poor,Low
17 Again,2009,6.1,1350,Comedy,17,2000,Average,Moderate
The Other Woman,2014,6.2,1437,Comedy Romance,12,2010,Average,Moderate
The Final Destination,2009,5.4,831,Horror Mystery,17,2000,Poor,Low
Bridge Of Spies,2015,7.2,2583,Thriller Drama,11,2010,Good,Moderate
Behind Enemy Lines,2001,6.0,457,Action Drama Thriller War,25,2000,Poor,Low
Get Him To The Greek,2010,5.9,612,Comedy,16,2010,Poor,Low
Shall We Dance?,2004,5.9,297,Drama Romance Comedy,22,2000,Poor,Low
Small Soldiers,1998,6.2,511,Comedy Adventure Fantasy Science Fiction Action,28,1990,Average,Low
Spawn,1997,5.0,336,Action Adventure Fantasy Horror Science Fiction,29,1990,Poor,Low
The Count Of Monte Cristo,2002,7.3,453,Action Adventure Drama Thriller,24,2000,Good,Low
The Lincoln Lawyer,2011,7.0,902,Crime Drama Thriller,15,2010,Average,Low
Unknown,2011,6.5,1265,Action Mystery Thriller,15,2010,Average,Moderate
The Prestige,2006,8.0,4391,Drama Mystery Thriller,20,2000,Good,Moderate
Horrible Bosses 2,2014,6.1,1536,Comedy,12,2010,Average,Moderate
Escape From Planet Earth,2013,5.7,332,Animation Comedy Adventure Family Science Fiction,13,2010,Poor,Low
Apocalypto,2006,7.3,1221,Action Adventure Drama Thriller,20,2000,Good,Moderate
The Living Daylights,1987,6.2,440,Action Adventure Thriller,39,1980,Average,Low
Predators,2010,6.0,1206,Action Science Fiction Adventure Thriller,16,2010,Poor,Moderate
Legal Eagles,1986,5.8,51,Comedy Crime Drama Romance Thriller,40,1980,Poor,Low
Secret Window,2004,6.4,972,Thriller Mystery,22,2000,Average,Low
The Lake House,2006,6.5,670,Romance Drama Mystery,20,2000,Average,Low
The Skeleton Key,2005,6.4,573,Drama Horror Mystery Thriller,21,2000,Average,Low
The Odd Life Of Timothy Green,2012,6.5,386,Fantasy Drama Comedy Family,14,2010,Average,Low
Made Of Honor,2008,6.0,394,Comedy Romance,18,2000,Poor,Low
Jersey Boys,2014,6.8,255,Music Drama,12,2010,Average,Low
The Rainmaker,1997,6.7,235,Drama Crime Thriller,29,1990,Average,Low
Gothika,2003,5.8,629,Horror Thriller,23,2000,Poor,Low
Amistad,1997,6.8,316,Drama History Mystery,29,1990,Average,Low
Medicine Man,1992,5.8,114,Adventure,34,1990,Poor,Low
Aliens Vs Predator: Requiem,2007,4.9,740,Fantasy Action Science Fiction Thriller Horror,19,2000,Poor,Low
Ri¢Hie Ri¢H,1994,5.4,415,Comedy Family,32,1990,Poor,Low
Autumn In New York,2000,5.7,135,Drama Romance,26,2000,Poor,Low
Music And Lyrics,2007,6.2,554,Comedy Music Romance,19,2000,Average,Low
Paul,2011,6.5,1789,Adventure Comedy Science Fiction,15,2010,Average,Moderate
The Guilt Trip,2012,5.4,284,Comedy,14,2010,Poor,Low
Scream 4,2011,6.1,902,Horror Mystery,15,2010,Average,Low
8Mm,1999,6.1,474,Thriller Crime Mystery,27,1990,Average,Low
The Doors,1991,6.7,275,Drama Music,35,1990,Average,Low
Sex Tape,2014,5.3,1695,Comedy,12,2010,Poor,Moderate
Hanging Up,2000,5.0,40,Comedy Drama,26,2000,Poor,Low
Final Destination 5,2011,5.9,866,Horror Mystery,15,2010,Poor,Low
Mickey Blue Eyes,1999,5.3,140,Comedy Crime Romance,27,1990,Poor,Low
Pay It Forward,2000,7.0,432,Drama Romance,26,2000,Average,Low
Fever Pitch,2005,5.9,182,Comedy Drama Romance,21,2000,Poor,Low
Drillbit Taylor,2008,5.5,275,Comedy,18,2000,Poor,Low
A Million Ways To Die In The West,2014,5.8,1468,Comedy Western,12,2010,Poor,Moderate
The Shadow,1994,5.4,138,Adventure Fantasy Action Thriller Science Fiction,32,1990,Poor,Low
Extremely Loud & Incredibly Close,2011,6.9,708,Drama,15,2010,Average,Low
Morning Glory,2010,6.1,412,Comedy Drama Romance,16,2010,Average,Low
Get Rich Or Die Tryin',2005,6.3,186,Drama,21,2000,Average,Low
The Art Of War,2000,5.6,135,Crime Action Adventure,26,2000,Poor,Low
Rent,2005,6.7,155,Drama Romance,21,2000,Average,Low
Bless The Child,2000,4.9,71,Drama Horror Thriller Crime,26,2000,Poor,Low
The Out-Of-Towners,1999,5.0,45,Comedy,27,1990,Poor,Low
The Island Of Dr. Moreau,1996,4.6,147,Fantasy Horror Science Fiction,30,1990,Poor,Low
The Musketeer,2001,5.2,56,Action Adventure Drama,25,2000,Poor,Low
The Other Boleyn Girl,2008,6.4,477,Drama,18,2000,Average,Low
Sweet November,2001,6.4,278,Drama Romance,25,2000,Average,Low
The Reaping,2007,5.4,205,Horror,19,2000,Poor,Low
Renaissance Man,1994,5.9,81,Comedy War,32,1990,Poor,Low
Colombiana,2011,6.5,824,Action Thriller Crime Drama,15,2010,Average,Low
Quest For Camelot,1998,6.9,190,Fantasy Animation Drama Romance Family,28,1990,Average,Low
City By The Sea,2002,5.7,92,Crime Drama Mystery,24,2000,Poor,Low
At First Sight,1999,5.9,48,Drama Romance,27,1990,Poor,Low
Torque,2004,4.7,119,Action,22,2000,Poor,Low
City Hall,1996,6.0,67,Drama Thriller,30,1990,Poor,Low
Showgirls,1995,4.9,256,Drama,31,1990,Poor,Low
Marie Antoinette,2006,6.5,642,Drama History,20,2000,Average,Low
Kiss Of Death,1995,5.7,81,Action Crime Drama Thriller,31,1990,Poor,Low
Get Carter,2000,4.8,145,Action Drama Thriller Crime,26,2000,Poor,Low
The Impossible,2012,7.0,2025,Thriller Drama,14,2010,Average,Moderate
Ishtar,1987,4.2,28,Action Adventure Comedy,39,1980,Poor,Low
Fantastic Mr. Fox,2009,7.5,1176,Adventure Animation Comedy Family,17,2000,Good,Moderate
Life Or Something Like It,2002,5.7,124,Comedy Drama Romance,24,2000,Poor,Low
Memoirs Of An Invisible Man,1992,5.7,125,Comedy Fantasy Science Fiction,34,1990,Poor,Low
Amélie,2001,7.8,3310,Comedy Romance,25,2000,Good,Moderate
New York Minute,2004,5.5,185,Comedy,22,2000,Poor,Low
Alfie,2004,5.6,248,Comedy,22,2000,Poor,Low
Big Miracle,2012,6.6,152,Adventure Drama Romance,14,2010,Average,Low
The Deep End Of The Ocean,1999,5.9,54,Drama Mystery,27,1990,Poor,Low
Feardotcom,2002,3.2,105,Horror Thriller,24,2000,Poor,Low
Cirque Du Freak: The Vampire'S Assistant,2009,5.5,348,Adventure Fantasy Action Thriller,17,2000,Poor,Low
Duplex,2003,5.9,482,Action Comedy Thriller,23,2000,Poor,Low
Soul Men,2008,6.3,47,Comedy Music,18,2000,Average,Low
Raise The Titanic,1980,5.2,21,Action Drama Thriller,46,1980,Poor,Low
Universal Soldier: The Return,1999,4.2,135,Action Science Fiction,27,1990,Poor,Low
Pandorum,2009,6.5,774,Action Horror Mystery Science Fiction Thriller,17,2000,Average,Low
Impostor,2001,6.1,135,Action Science Fiction Thriller,25,2000,Average,Low
Extreme Ops,2002,5.0,28,Action Adventure Drama Thriller,24,2000,Poor,Low
Just Visiting,2001,4.8,171,Comedy Fantasy Science Fiction,25,2000,Poor,Low
Sunshine,2007,7.0,1182,Science Fiction Thriller,19,2000,Average,Moderate
A Thousand Words,2012,6.0,373,Drama Comedy,14,2010,Poor,Low
Delgo,2008,5.4,15,Adventure Fantasy Animation Comedy Science Fiction,18,2000,Poor,Low
The Gunman,2015,5.5,392,Action Drama Crime,11,2010,Poor,Low
Stormbreaker,2006,5.1,213,Adventure Action Family,20,2000,Poor,Low
Disturbia,2007,6.6,1006,Thriller Drama Mystery,19,2000,Average,Moderate
Hackers,1995,6.2,398,Action Crime Thriller Drama,31,1990,Average,Low
The Hunting Party,2007,6.6,96,Action Adventure Thriller Drama,19,2000,Average,Low
The Hudsucker Proxy,1994,7.1,275,Comedy Drama,32,1990,Good,Low
The Warlords,2007,6.3,83,Action Drama History,19,2000,Average,Low
Nomad: The Warrior,2005,4.3,17,Action History War,21,2000,Poor,Low
Snowpiercer,2013,6.7,2854,Action Science Fiction Drama,13,2010,Average,Moderate
A Monster In Paris,2011,6.5,313,Adventure Animation Comedy Family Fantasy,15,2010,Average,Low
The Last Shot,2004,5.9,15,Action Comedy,22,2000,Poor,Low
The Crow,1994,7.3,953,Fantasy Action Thriller,32,1990,Good,Low
Baahubali: The Beginning,2015,7.5,135,Action Adventure War History,11,2010,Good,Low
The Time Traveler'S Wife,2009,6.7,798,Drama Romance Fantasy,17,2000,Average,Low
Because I Said So,2007,5.8,191,Comedy,19,2000,Poor,Low
Frankenweenie,2012,6.6,932,Animation Comedy Family,14,2010,Average,Low
Serenity,2005,7.4,1264,Science Fiction Action Adventure Thriller,21,2000,Good,Moderate
Against The Ropes,2004,4.5,32,Romance Drama,22,2000,Poor,Low
Superman Iii,1983,5.3,490,Comedy Action Adventure Fantasy Science Fiction,43,1980,Poor,Low
Grudge Match,2013,6.0,433,Comedy,13,2010,Poor,Low
Red Cliff,2008,7.1,205,Adventure Drama Action,18,2000,Good,Low
Sweet Home Alabama,2002,6.0,394,Comedy Romance,24,2000,Poor,Low
The Ugly Truth,2009,6.4,972,Comedy Romance,17,2000,Average,Low
Sgt. Bilko,1996,5.5,94,Comedy Family,30,1990,Poor,Low
Spy Kids 2: The Island Of Lost Dreams,2002,5.3,521,Action Adventure Family,24,2000,Poor,Low
Star Trek: Generations,1994,6.4,452,Science Fiction Action Adventure Thriller,32,1990,Average,Low
The Grandmaster,2013,6.3,273,Action Drama History,13,2010,Average,Low
Water For Elephants,2011,6.7,850,Drama Romance,15,2010,Average,Low
Dragon Nest: Warriors' Dawn,2014,6.8,19,Adventure Family Fantasy Animation,12,2010,Average,Low
The Hurricane,1999,7.2,396,Drama,27,1990,Good,Low
Enough,2002,6.2,264,Drama Thriller,24,2000,Average,Low
Heartbreakers,2001,5.7,254,Crime Comedy Romance,25,2000,Poor,Low
Paul Blart: Mall Cop 2,2015,5.0,567,Action Comedy Family,11,2010,Poor,Low
Angel Eyes,2001,5.6,88,Drama Romance Thriller,25,2000,Poor,Low
Joe Somebody,2001,5.5,40,Comedy,25,2000,Poor,Low
The Ninth Gate,1999,6.3,756,Horror Mystery Thriller,27,1990,Average,Low
Extreme Measures,1996,5.7,80,Drama Thriller,30,1990,Poor,Low
Rock Star,2001,6.0,190,Music Drama Comedy,25,2000,Poor,Low
Precious,2009,6.9,417,Drama,17,2000,Average,Low
White Squall,1996,6.3,86,Action Drama,30,1990,Average,Low
The Thing,1982,7.8,1588,Horror Mystery Science Fiction,44,1980,Good,Moderate
Riddick,2013,6.2,2035,Science Fiction Action Thriller,13,2010,Average,Moderate
Switchback,1997,5.8,52,Action Adventure Mystery Thriller,29,1990,Poor,Low
Texas Rangers,2001,5.4,19,Action Western,25,2000,Poor,Low
City Of Ember,2008,6.2,605,Adventure Family Fantasy,18,2000,Average,Low
The Master,2012,7.0,701,Drama,14,2010,Average,Low
Virgin Territory,2007,4.3,75,Adventure Action Comedy Romance,19,2000,Poor,Low
The Express,2008,7.1,71,Drama,18,2000,Good,Low
The 5Th Wave,2016,5.6,1945,Adventure Science Fiction,10,2010,Poor,Moderate
Creed,2015,7.3,1915,Drama,11,2010,Good,Moderate
The Town,2010,7.0,1468,Crime Drama Thriller,16,2010,Average,Moderate
What To Expect When You'Re Expecting,2012,5.8,594,Romance Comedy Drama,14,2010,Poor,Low
Burn After Reading,2008,6.5,1222,Comedy Drama,18,2000,Average,Moderate
Nim'S Island,2008,5.6,330,Adventure Comedy Family Fantasy,18,2000,Poor,Low
Rush,2013,7.7,2277,Drama Action,13,2010,Good,Moderate
Magnolia,1999,7.5,825,Drama,27,1990,Good,Low
Cop Out,2010,5.3,511,Action Comedy Crime,16,2010,Poor,Low
How To Be Single,2016,5.9,1201,Comedy Romance,10,2010,Poor,Moderate
Dolphin Tale,2011,6.7,163,Drama Family,15,2010,Average,Low
Twilight,2008,5.8,3561,Adventure Fantasy Drama Romance,18,2000,Poor,Moderate
John Q,2002,7.0,594,Drama Thriller Crime,24,2000,Average,Low
Blue Streak,1999,6.1,352,Action Comedy Crime,27,1990,Average,Low
We'Re The Millers,2013,6.8,2972,Comedy Crime,13,2010,Average,Moderate
The Inhabited Island,2008,5.3,23,Action Fantasy Science Fiction Thriller,18,2000,Poor,Low
Breakdown,1997,6.6,198,Drama Action Thriller,29,1990,Average,Low
Never Say Never Again,1983,5.8,338,Adventure Action Thriller,43,1980,Poor,Low
Hot Tub Time Machine,2010,6.0,894,Science Fiction Comedy Adventure,16,2010,Poor,Low
Dolphin Tale 2,2014,6.7,96,Family Drama,12,2010,Average,Low
Reindeer Games,2000,5.4,173,Thriller,26,2000,Poor,Low
A Man Apart,2003,5.8,258,Action Drama,23,2000,Poor,Low
Aloha,2015,5.2,692,Drama Comedy Romance,11,2010,Poor,Low
Ghosts Of Mississippi,1996,6.2,40,History Drama,30,1990,Average,Low
Snow Falling On Cedars,1999,6.3,32,Drama Romance,27,1990,Average,Low
The Rite,2011,5.8,556,Drama Thriller Horror,15,2010,Poor,Low
Gattaca,1997,7.5,1808,Thriller Science Fiction Mystery Romance,29,1990,Good,Moderate
Isn'T She Great,2000,4.6,14,Drama Comedy,26,2000,Poor,Low
Space Chimps,2008,5.2,99,Animation Family,18,2000,Poor,Low
Head Of State,2003,5.3,71,Comedy,23,2000,Poor,Low
The Hangover,2009,7.2,6173,Comedy,17,2000,Good,Moderate
Ip Man 3,2015,6.5,379,Action Drama History,11,2010,Average,Low
Austin Powers: The Spy Who Shagged Me,1999,6.2,1011,Adventure Comedy Crime Science Fiction,27,1990,Average,Moderate
Batman,1989,7.0,2096,Fantasy Action,37,1980,Average,Moderate
There Be Dragons,2011,5.9,27,Drama,15,2010,Poor,Low
Lethal Weapon 3,1992,6.4,811,Adventure Action Comedy Thriller Crime,34,1990,Average,Low
The Blind Side,2009,7.2,1597,Drama,17,2000,Good,Moderate
Spy Kids,2001,5.5,867,Action Comedy Family Adventure,25,2000,Poor,Low
Horrible Bosses,2011,6.5,2277,Comedy Crime,15,2010,Average,Moderate
True Grit,2010,7.2,1668,Drama Adventure Western,16,2010,Good,Moderate
The Devil Wears Prada,2006,7.0,3088,Comedy Drama Romance,20,2000,Average,Moderate
Identity Thief,2013,5.6,1645,Comedy Crime,13,2010,Poor,Moderate
Cape Fear,1991,7.0,675,Crime Thriller,35,1990,Average,Low
21,2008,6.5,1375,Drama Crime,18,2000,Average,Moderate
Trainwreck,2015,5.9,1181,Comedy,11,2010,Poor,Moderate
Guess Who,2005,5.5,225,Comedy Romance,21,2000,Poor,Low
The English Patient,1996,7.0,542,Drama Romance War,30,1990,Average,Low
L.A. Confidential,1997,7.7,1310,Crime Drama Mystery Thriller,29,1990,Good,Moderate
Sky High,2005,5.8,550,Adventure Comedy Family,21,2000,Poor,Low
In & Out,1997,6.3,177,Comedy Romance,29,1990,Average,Low
Species,1995,5.5,453,Science Fiction Horror Action,31,1990,Poor,Low
A Nightmare On Elm Street,1984,7.2,1180,Horror,42,1980,Good,Moderate
The Cell,2000,6.0,436,Horror Science Fiction Thriller,26,2000,Poor,Low
The Man In The Iron Mask,1998,6.3,1018,Action Adventure Drama,28,1990,Average,Moderate
Secretariat,2010,6.8,103,Drama,16,2010,Average,Low
Tmnt,2007,6.0,345,Adventure Animation Comedy Family,19,2000,Poor,Low
Radio,2003,6.8,141,Drama,23,2000,Average,Low
Friends With Benefits,2011,6.5,2237,Romance Comedy,15,2010,Average,Moderate
Neighbors 2: Sorority Rising,2016,5.6,1462,Comedy,10,2010,Poor,Moderate
Saving Mr. Banks,2013,7.3,1226,Comedy Drama History,13,2010,Good,Moderate
Malcolm X,1992,7.2,370,Drama History,34,1990,Good,Low
This Is 40,2012,5.6,896,Comedy,14,2010,Poor,Low
Old Dogs,2009,5.2,210,Comedy Family,17,2000,Poor,Low
Underworld: Rise Of The Lycans,2009,6.2,1428,Fantasy Action Adventure Science Fiction Thriller,17,2000,Average,Moderate
License To Wed,2007,5.2,253,Comedy,19,2000,Poor,Low
The Benchwarmers,2006,5.2,242,Comedy,20,2000,Poor,Low
Must Love Dogs,2005,5.8,140,Comedy Romance,21,2000,Poor,Low
Donnie Brasco,1997,7.4,1147,Crime Drama Thriller,29,1990,Good,Moderate
Resident Evil,2002,6.4,2065,Horror Action Science Fiction,24,2000,Average,Moderate
Poltergeist,1982,7.0,794,Horror,44,1980,Average,Low
The Ladykillers,2004,6.0,415,Comedy Crime Thriller,22,2000,Poor,Low
Max Payne,2008,5.2,613,Action,18,2000,Poor,Low
In Time,2011,6.7,3417,Action Thriller Science Fiction,15,2010,Average,Moderate
The Back-Up Plan,2010,5.7,458,Comedy Romance,16,2010,Poor,Low
Something Borrowed,2011,5.9,296,Comedy Drama Romance,15,2010,Poor,Low
Black Knight,2001,5.1,287,Adventure Comedy Fantasy,25,2000,Poor,Low
Street Fighter,1994,4.1,325,Action Adventure Thriller,32,1990,Poor,Low
The Pianist,2002,8.0,1864,Drama War,24,2000,Good,Moderate
The Nativity Story,2006,6.4,35,Drama History,20,2000,Average,Low
House Of Wax,2005,5.5,677,Horror,21,2000,Poor,Low
Closer,2004,6.7,811,Drama Romance,22,2000,Average,Low
J. Edgar,2011,6.0,741,Drama Crime History,15,2010,Poor,Low
Mirrors,2008,6.0,485,Horror Mystery Thriller,18,2000,Poor,Low
Queen Of The Damned,2002,5.4,239,Drama Fantasy Horror,24,2000,Poor,Low
Predator 2,1990,5.9,730,Science Fiction Action Thriller,36,1990,Poor,Low
Untraceable,2008,5.9,238,Drama,18,2000,Poor,Low
Blast From The Past,1999,6.3,245,Comedy Romance,27,1990,Average,Low
Flash Gordon,1980,6.1,233,Science Fiction,46,1980,Average,Low
Jersey Girl,2004,5.8,325,Comedy Romance,22,2000,Poor,Low
Alex Cross,2012,5.1,300,Action Thriller Crime Mystery,14,2010,Poor,Low
Midnight In The Garden Of Good And Evil,1997,6.3,157,Crime Drama Mystery Thriller,29,1990,Average,Low
Heist,2015,5.6,318,Crime Action Thriller,11,2010,Poor,Low
Nanny Mcphee And The Big Bang,2010,6.0,436,Comedy Fantasy,16,2010,Poor,Low
Hoffa,1992,6.1,81,Crime History,34,1990,Average,Low
The X Files: I Want To Believe,2008,5.5,523,Drama Mystery Science Fiction Thriller,18,2000,Poor,Low
Ella Enchanted,2004,5.9,437,Family Fantasy Comedy,22,2000,Poor,Low
Concussion,2015,7.0,823,Drama,11,2010,Average,Low
Abduction,2011,5.6,961,Thriller Action Mystery,15,2010,Poor,Low
Valiant,2005,5.2,235,Animation Family Adventure,21,2000,Poor,Low
Wonder Boys,2000,6.9,161,Comedy Drama,26,2000,Average,Low
Superhero Movie,2008,4.9,379,Action Comedy Science Fiction,18,2000,Poor,Low
Broken City,2013,5.7,593,Thriller Crime Drama,13,2010,Poor,Low
Cursed,2005,5.1,167,Horror Comedy,21,2000,Poor,Low
Premium Rush,2012,6.2,832,Crime Action Thriller,14,2010,Average,Low
Hot Pursuit,2015,5.4,647,Action Comedy Crime,11,2010,Poor,Low
The Four Feathers,2002,6.5,159,War Adventure Drama Romance,24,2000,Average,Low
Parker,2013,5.7,1455,Action Crime,13,2010,Poor,Moderate
Wimbledon,2004,6.0,293,Comedy Romance,22,2000,Poor,Low
Furry Vengeance,2010,4.6,149,Comedy,16,2010,Poor,Low
Bait,2012,5.3,191,Action Horror Thriller,14,2010,Poor,Low
Krull,1983,5.8,129,Fantasy Action Adventure,43,1980,Poor,Low
Lions For Lambs,2007,6.0,216,Action Adventure Drama History,19,2000,Poor,Low
Flight Of The Intruder,1991,5.7,31,Action Adventure Drama Thriller,35,1990,Poor,Low
Walk Hard: The Dewey Cox Story,2007,6.6,212,Comedy Music,19,2000,Average,Low
The Shipping News,2001,6.4,108,Drama Romance,25,2000,Average,Low
American Outlaws,2001,5.7,55,Action Western,25,2000,Poor,Low
The Young Victoria,2009,7.0,322,Drama History Romance,17,2000,Average,Low
Whiteout,2009,5.3,220,Action Crime Mystery Thriller,17,2000,Poor,Low
The Tree Of Life,2011,6.5,987,Drama Fantasy,15,2010,Average,Low
Knock Off,1998,4.7,64,Action Adventure Thriller,28,1990,Poor,Low
Sabotage,2014,5.5,555,Action Drama Thriller Crime,12,2010,Poor,Low
The Order,2003,4.8,91,Drama Fantasy Horror Mystery Romance,23,2000,Poor,Low
Punisher: War Zone,2008,5.6,294,Action Crime,18,2000,Poor,Low
Zoom,2006,4.9,135,Family Fantasy Comedy,20,2000,Poor,Low
The Walk,2015,6.9,1121,Adventure Drama Thriller,11,2010,Average,Moderate
A Good Year,2006,6.5,357,Comedy Drama Romance,20,2000,Average,Low
Radio Flyer,1992,6.6,53,Drama,34,1990,Average,Low
Bound By Honor,1993,7.7,115,Action Crime Drama Thriller,33,1990,Good,Low
Smilla'S Sense Of Snow,1997,6.6,60,Action Crime Drama Mystery Thriller,29,1990,Average,Low
Femme Fatale,2002,6.2,142,Thriller Crime Romance,24,2000,Average,Low
Lion Of The Desert,1981,7.4,34,Action History War,45,1980,Good,Low
The Horseman On The Roof,1995,6.7,25,War Adventure Drama Romance,31,1990,Average,Low
Ride With The Devil,1999,6.6,49,Drama War Romance Western,27,1990,Average,Low
Biutiful,2010,7.0,291,Drama,16,2010,Average,Low
Bandidas,2006,5.8,307,Action Comedy Western Crime,20,2000,Poor,Low
The Maze Runner,2014,7.0,5371,Action Mystery Science Fiction Thriller,12,2010,Average,Moderate
Unfinished Business,2015,5.0,320,Comedy,11,2010,Poor,Low
The Age Of Innocence,1993,7.0,169,Drama Romance,33,1990,Average,Low
The Fountain,2006,6.8,827,Drama Adventure Science Fiction Romance,20,2000,Average,Low
Chill Factor,1999,5.3,29,Action Comedy Thriller,27,1990,Poor,Low
Stolen,2012,5.1,344,Action Crime Drama Thriller,14,2010,Poor,Low
Ponyo,2008,7.5,926,Animation Family,18,2000,Good,Low
The Longest Ride,2015,7.3,1064,Drama Romance,11,2010,Good,Moderate
The Astronaut'S Wife,1999,5.4,254,Drama Science Fiction Thriller,27,1990,Poor,Low
I Dreamed Of Africa,2000,5.3,18,Romance Drama Adventure,26,2000,Poor,Low
Playing For Keeps,2012,5.4,240,Comedy Romance,14,2010,Poor,Low
Mandela: Long Walk To Freedom,2013,6.5,224,Drama History,13,2010,Average,Low
Reds,1981,7.1,67,Drama History,45,1980,Good,Low
A Few Good Men,1992,7.1,877,Drama,34,1990,Good,Low
Exit Wounds,2001,5.3,110,Action Crime Thriller,25,2000,Poor,Low
Big Momma'S House,2000,5.6,506,Crime Comedy,26,2000,Poor,Low
Thunder And The House Of Magic,2013,6.3,121,Family Fantasy Animation Adventure,13,2010,Average,Low
The Darkest Hour,2011,4.8,469,Horror Action Thriller Science Fiction,15,2010,Poor,Low
Step Up Revolution,2012,6.7,663,Music Drama Romance,14,2010,Average,Low
Snakes On A Plane,2006,5.1,497,Action Crime Horror Thriller,20,2000,Poor,Low
The Watcher,2000,4.9,110,Mystery Thriller,26,2000,Poor,Low
The Punisher,2004,6.1,766,Action Crime Drama,22,2000,Average,Low
Goal!: The Dream Begins,2005,6.6,238,Drama,21,2000,Average,Low
Safe,2012,6.3,799,Action Crime Thriller,14,2010,Average,Low
Pushing Tin,1999,5.7,116,Comedy Drama,27,1990,Poor,Low
Return Of The Jedi,1983,7.9,4665,Adventure Action Science Fiction,43,1980,Good,Moderate
Doomsday,2008,5.8,363,Action Thriller Science Fiction,18,2000,Poor,Low
The Reader,2008,7.2,813,Drama Romance,18,2000,Good,Low
Wanderlust,2012,5.3,394,Comedy,14,2010,Poor,Low
Elf,2003,6.4,987,Comedy Family Fantasy,23,2000,Average,Low
Phenomenon,1996,6.2,323,Drama Fantasy Romance Science Fiction,30,1990,Average,Low
Snow Dogs,2002,5.3,185,Adventure Comedy Family,24,2000,Poor,Low
Scrooged,1988,6.7,390,Fantasy Comedy Drama,38,1980,Average,Low
Nacho Libre,2006,5.6,359,Comedy Family,20,2000,Poor,Low
Bridesmaids,2011,6.5,1661,Comedy Romance,15,2010,Average,Moderate
This Is The End,2013,6.3,2359,Action Comedy,13,2010,Average,Moderate
Stigmata,1999,6.0,242,Horror,27,1990,Poor,Low
Men Of Honor,2000,7.0,544,Drama,26,2000,Average,Low
Takers,2010,6.0,394,Action Crime Drama Thriller,16,2010,Poor,Low
The Big Wedding,2013,5.7,414,Comedy,13,2010,Poor,Low
"Big Mommas: Like Father, Like Son",2011,5.3,313,Crime Comedy Action,15,2010,Poor,Low
Source Code,2011,7.1,2699,Thriller Science Fiction Mystery,15,2010,Good,Moderate
Alive,1993,6.7,374,Action Adventure Drama Thriller,33,1990,Average,Low
The Number 23,2007,6.3,1018,Thriller Drama Mystery,19,2000,Average,Moderate
The Young And Prodigious T.S. Spivet,2013,6.7,232,Adventure Drama Family,13,2010,Average,Low
Dreamer: Inspired By A True Story,2005,6.3,67,Drama Family,21,2000,Average,Low
A History Of Violence,2005,6.9,832,Drama Thriller Crime,21,2000,Average,Low
Transporter 2,2005,6.2,1061,Action Thriller Crime,21,2000,Average,Moderate
The Quick And The Dead,1995,6.3,427,Action Western,31,1990,Average,Low
Laws Of Attraction,2004,5.6,104,Action Comedy Romance Thriller,22,2000,Poor,Low
Bringing Out The Dead,1999,6.6,225,Drama,27,1990,Average,Low
Repo Men,2010,6.2,620,Action Science Fiction Thriller Crime,16,2010,Average,Low
Dragon Wars: D-War,2007,4.0,104,Fantasy Drama Horror Action Thriller,19,2000,Poor,Low
Bogus,1996,5.4,44,Fantasy Comedy Family,30,1990,Poor,Low
The Incredible Burt Wonderstone,2013,5.3,724,Comedy,13,2010,Poor,Low
Cats Don'T Dance,1997,7.1,24,Animation Comedy Family Music,29,1990,Good,Low
Cradle Will Rock,1999,7.2,18,Drama,27,1990,Good,Low
The Good German,2006,5.9,86,War Crime Drama Mystery Romance,20,2000,Poor,Low
George And The Dragon,2004,5.0,13,Adventure,22,2000,Poor,Low
Going The Distance,2010,6.0,262,Comedy Drama Romance,16,2010,Poor,Low
Mr. Holland'S Opus,1995,6.9,113,Music Drama Family,31,1990,Average,Low
Criminal,2016,5.7,557,Action,10,2010,Poor,Low
Out Of Africa,1985,7.0,279,Drama,41,1980,Average,Low
Flight,2012,6.5,2415,Drama,14,2010,Average,Moderate
The Grand Budapest Hotel,2014,8.0,4519,Comedy Drama,12,2010,Good,Moderate
Hearts In Atlantis,2001,6.4,131,Drama Mystery,25,2000,Average,Low
Arachnophobia,1990,6.2,433,Comedy Horror,36,1990,Average,Low
Frequency,2000,7.0,462,Crime Drama Science Fiction Thriller,26,2000,Average,Low
Vacation,2015,6.2,1195,Comedy,11,2010,Average,Moderate
Get Shorty,1995,6.4,302,Comedy Thriller Crime,31,1990,Average,Low
Chicago,2002,6.9,677,Action Comedy Crime Drama Music,24,2000,Average,Low
Big Daddy,1999,6.1,875,Comedy Drama,27,1990,Average,Low
American Pie 2,2001,6.0,1344,Comedy Romance,25,2000,Poor,Moderate
Toy Story,1995,7.7,5269,Animation Comedy Family,31,1990,Good,Moderate
Speed,1994,6.8,1783,Action Adventure Crime,32,1990,Average,Moderate
The Vow,2012,7.0,1293,Drama Romance,14,2010,Average,Moderate
Extraordinary Measures,2010,6.0,89,Drama,16,2010,Poor,Low
Remember The Titans,2000,7.4,821,Drama,26,2000,Good,Low
The Hunt For Red October,1990,7.2,957,Action Adventure Thriller,36,1990,Good,Low
The Butler,2013,7.2,1101,Drama,13,2010,Good,Moderate
Dodgeball: A True Underdog Story,2004,6.2,981,Comedy,22,2000,Average,Low
The Addams Family,1991,6.7,848,Horror Comedy Fantasy,35,1990,Average,Low
Ace Ventura: When Nature Calls,1995,6.1,1099,Crime Comedy Adventure,31,1990,Average,Moderate
The Princess Diaries,2001,6.5,1023,Comedy Family Romance,25,2000,Average,Moderate
The First Wives Club,1996,6.5,166,Comedy,30,1990,Average,Low
Se7En,1995,8.1,5765,Crime Mystery Thriller,31,1990,Excellent,Moderate
District 9,2009,7.3,3382,Science Fiction,17,2000,Good,Moderate
The Spongebob Squarepants Movie,2004,6.7,574,Animation Comedy Family,22,2000,Average,Low
Mystic River,2003,7.6,1422,Thriller Crime Drama Mystery,23,2000,Good,Moderate
Million Dollar Baby,2004,7.7,2439,Drama,22,2000,Good,Moderate
Analyze This,1999,6.4,503,Comedy Crime,27,1990,Average,Low
The Notebook,2004,7.7,3067,Romance Drama,22,2000,Good,Moderate
27 Dresses,2008,6.1,978,Comedy Romance,18,2000,Average,Low
Hannah Montana: The Movie,2009,6.0,449,Comedy Drama Family Music Romance,17,2000,Poor,Low
Rugrats In Paris: The Movie,2000,6.0,100,Adventure Animation Comedy Family,26,2000,Poor,Low
The Prince Of Tides,1991,5.9,56,Drama Romance,35,1990,Poor,Low
Legends Of The Fall,1994,7.2,619,Adventure Drama Romance War,32,1990,Good,Low
Up In The Air,2009,6.7,1205,Drama Romance,17,2000,Average,Moderate
About Schmidt,2002,6.7,362,Drama Comedy,24,2000,Average,Low
Warm Bodies,2013,6.4,2652,Horror Comedy Romance,13,2010,Average,Moderate
Looper,2012,6.6,4697,Action Thriller Science Fiction,14,2010,Average,Moderate
Down To Earth,2001,4.9,95,Fantasy Comedy Science Fiction Romance,25,2000,Poor,Low
Babe,1995,6.0,733,Fantasy Drama Comedy Family,31,1990,Poor,Low
Hope Springs,2012,5.8,284,Drama Comedy Romance,14,2010,Poor,Low
Forgetting Sarah Marshall,2008,6.4,1172,Comedy Romance Drama,18,2000,Average,Moderate
Four Brothers,2005,6.7,607,Action Crime,21,2000,Average,Low
Baby Mama,2008,5.8,205,Comedy,18,2000,Poor,Low
Hope Floats,1998,5.8,81,Drama Romance,28,1990,Poor,Low
Bride Wars,2009,5.9,856,Comedy,17,2000,Poor,Low
Without A Paddle,2004,5.3,214,Action Adventure Comedy Thriller,22,2000,Poor,Low
13 Going On 30,2004,6.3,1204,Comedy Fantasy Romance,22,2000,Average,Moderate
Midnight In Paris,2011,7.4,1990,Fantasy Comedy Romance,15,2010,Good,Moderate
The Nut Job,2014,5.5,319,Animation Comedy Family Adventure,12,2010,Poor,Low
Blow,2001,7.4,1317,Crime Drama,25,2000,Good,Moderate
Message In A Bottle,1999,5.8,196,Romance Drama,27,1990,Poor,Low
Star Trek V: The Final Frontier,1989,5.6,376,Science Fiction Action Adventure Thriller,37,1980,Poor,Low
Like Mike,2002,5.7,100,Comedy Drama Family Fantasy,24,2000,Poor,Low
The Naked Gun 33⅓: The Final Insult,1994,6.3,521,Comedy Crime,32,1990,Average,Low
A View To A Kill,1985,6.0,506,Adventure Action Thriller,41,1980,Poor,Low
The Curse Of The Were-Rabbit,2005,6.8,643,Adventure Animation Comedy Family,21,2000,Average,Low
P.S. I Love You,2007,6.9,977,Drama Romance,19,2000,Average,Low
Racing Stripes,2005,5.1,123,Comedy,21,2000,Poor,Low
Atonement,2007,7.4,1049,Drama Romance,19,2000,Good,Moderate
Letters To Juliet,2010,6.6,796,Comedy Drama Romance,16,2010,Average,Low
Black Rain,1989,6.2,243,Action Thriller Crime,37,1980,Average,Low
The Three Stooges,2012,4.9,140,Comedy,14,2010,Poor,Low
Corpse Bride,2005,7.2,1894,Romance Fantasy Animation Music,21,2000,Good,Moderate
Glory Road,2006,7.2,144,Drama,20,2000,Good,Low
Sicario,2015,7.2,2416,Action Crime Drama Mystery Thriller,11,2010,Good,Moderate
Southpaw,2015,7.3,2067,Action Drama,11,2010,Good,Moderate
Drag Me To Hell,2009,6.2,966,Horror Thriller,17,2000,Average,Low
The Age Of Adaline,2015,7.4,1990,Fantasy Drama Romance,11,2010,Good,Moderate
Secondhand Lions,2003,6.9,260,Comedy Drama Family,23,2000,Average,Low
Step Up 3D,2010,6.6,582,Drama Romance,16,2010,Average,Low
Blue Crush,2002,5.6,159,Adventure,24,2000,Poor,Low
Stranger Than Fiction,2006,7.1,721,Comedy Drama Fantasy Romance,20,2000,Good,Low
30 Days Of Night,2007,6.2,767,Horror Thriller,19,2000,Average,Low
The Cabin In The Woods,2012,6.5,2263,Horror Thriller,14,2010,Average,Moderate
Meet The Spartans,2008,3.7,359,Comedy,18,2000,Poor,Low
Midnight Run,1988,7.2,238,Adventure Comedy Crime,38,1980,Good,Low
The Running Man,1987,6.4,703,Action Science Fiction,39,1980,Average,Low
Little Shop Of Horrors,1986,6.6,384,Horror Comedy Music,40,1980,Average,Low
Hanna,2011,6.5,1263,Action Thriller Adventure,15,2010,Average,Moderate
Mortal Kombat: Annihilation,1997,3.8,221,Action Fantasy Science Fiction,29,1990,Poor,Low
Larry Crowne,2011,5.7,359,Comedy Romance Drama,15,2010,Poor,Low
Carrie,2013,5.8,1463,Drama Horror,13,2010,Poor,Moderate
Take The Lead,2006,6.6,162,Music,20,2000,Average,Low
Gridiron Gang,2006,6.5,206,Action Adventure Crime Drama,20,2000,Average,Low
What'S The Worst That Could Happen?,2001,5.1,66,Action Comedy,25,2000,Poor,Low
Side Effects,2013,6.4,1323,Thriller Crime Drama,13,2010,Average,Moderate
The Prince & Me,2004,5.9,278,Comedy Romance,22,2000,Poor,Low
Winnie The Pooh,2011,6.8,258,Animation Family,15,2010,Average,Low
Dumb And Dumberer: When Harry Met Lloyd,2003,4.1,210,Comedy,23,2000,Poor,Low
Bulworth,1998,6.3,66,Comedy Drama,28,1990,Average,Low
Get On Up,2014,6.4,158,Drama Music,12,2010,Average,Low
One True Thing,1998,6.2,27,Drama Romance,28,1990,Average,Low
Virtuosity,1995,5.4,163,Action Crime Science Fiction Thriller,31,1990,Poor,Low
My Super Ex-Girlfriend,2006,4.8,442,Fantasy Drama Action Comedy Crime,20,2000,Poor,Low
Deliver Us From Evil,2014,5.9,690,Thriller Crime Horror,12,2010,Poor,Low
Sanctum,2011,5.8,339,Action Thriller,15,2010,Poor,Low
Little Black Book,2004,5.2,112,Comedy Romance Drama,22,2000,Poor,Low
The Five-Year Engagement,2012,5.7,457,Comedy,14,2010,Poor,Low
Mr. 3000,2004,5.0,66,Comedy Drama,22,2000,Poor,Low
The Next Three Days,2010,6.9,905,Romance Drama Thriller Crime,16,2010,Average,Low
Ultraviolet,2006,4.8,458,Science Fiction Action Thriller,20,2000,Poor,Low
Assault On Precinct 13,2005,6.0,311,Thriller,21,2000,Poor,Low
The Replacement Killers,1998,6.0,127,Action Drama Crime Thriller,28,1990,Poor,Low
Fled,1996,5.2,47,Action Comedy Thriller,30,1990,Poor,Low
Eight Legged Freaks,2002,5.4,295,Action Comedy Horror Thriller,24,2000,Poor,Low
Love & Other Drugs,2010,6.6,1233,Drama Comedy Romance,16,2010,Average,Moderate
88 Minutes,2007,5.7,313,Crime Mystery Thriller,19,2000,Poor,Low
North Country,2005,6.8,125,Drama,21,2000,Average,Low
The Whole Ten Yards,2004,5.5,278,Comedy Thriller Crime,22,2000,Poor,Low
Splice,2009,5.5,671,Horror Thriller Science Fiction,17,2000,Poor,Low
Howard The Duck,1986,5.1,221,Comedy Fantasy Science Fiction,40,1980,Poor,Low
Pride And Glory,2008,6.3,240,Thriller Crime Drama,18,2000,Average,Low
The Cave,2005,5.1,202,Action Adventure Horror Thriller,21,2000,Poor,Low
Alex & Emma,2003,5.0,68,Comedy Romance,23,2000,Poor,Low
Wicker Park,2004,6.7,157,Drama Mystery Romance Thriller,22,2000,Average,Low
Fright Night,2011,6.0,603,Horror Comedy,15,2010,Poor,Low
The New World,2005,6.4,330,Drama History Romance,21,2000,Average,Low
Wing Commander,1999,4.0,72,Action Science Fiction,27,1990,Poor,Low
In Dreams,1999,5.4,44,Drama Thriller,27,1990,Poor,Low
Dragonball Evolution,2009,2.9,462,Action Adventure Fantasy Science Fiction Thriller,17,2000,Poor,Low
The Last Stand,2013,5.7,1266,Action Crime Thriller,13,2010,Poor,Moderate
Godsend,2004,4.7,114,Drama Horror Science Fiction Thriller,22,2000,Poor,Low
Chasing Liberty,2004,6.1,152,Comedy Romance,22,2000,Average,Low
Hoodwinked Too! Hood Vs. Evil,2011,4.8,131,Comedy Animation Family,15,2010,Poor,Low
An Unfinished Life,2005,6.7,161,Drama,21,2000,Average,Low
The Imaginarium Of Doctor Parnassus,2009,6.3,869,Adventure Fantasy Mystery,17,2000,Average,Low
Barney'S Version,2010,7.2,129,Comedy Drama,16,2010,Good,Low
Runner Runner,2013,5.5,543,Crime Thriller Drama,13,2010,Poor,Low
Antitrust,2001,5.8,153,Action Crime Drama,25,2000,Poor,Low
Glory,1989,7.4,383,War,37,1980,Good,Low
Once Upon A Time In America,1984,8.2,1069,Drama Crime,42,1980,Excellent,Moderate
Dead Man Down,2013,5.9,638,Thriller Action Crime Drama,13,2010,Poor,Low
The Merchant Of Venice,2004,6.7,144,Drama Romance,22,2000,Average,Low
The Good Thief,2003,6.0,31,Crime Drama Thriller,23,2000,Poor,Low
Supercross,2005,5.4,29,Action Adventure Drama Romance,21,2000,Poor,Low
Miss Potter,2006,6.3,141,Drama Family Romance,20,2000,Average,Low
The Promise,2005,5.0,29,Fantasy Drama Action Thriller Romance,21,2000,Poor,Low
Doa: Dead Or Alive,2006,5.0,205,Adventure Action Thriller,20,2000,Poor,Low
The Assassination Of Jesse James By The Coward Robert Ford,2007,7.0,776,Action Drama Western,19,2000,Average,Low
1911,2011,5.0,41,Adventure Drama Action History War,15,2010,Poor,Low
Little Nicholas,2009,5.9,306,Comedy,17,2000,Poor,Low
Wild Card,2015,5.4,656,Thriller Crime Drama,11,2010,Poor,Low
Machine Gun Preacher,2011,6.4,286,Action Thriller Crime,15,2010,Average,Low
Animals United,2010,5.5,90,Animation Family Comedy,16,2010,Poor,Low
Goodbye Bafana,2007,7.0,38,History Drama,19,2000,Average,Low
United Passions,2014,3.0,16,Drama,12,2010,Poor,Low
Grace Of Monaco,2014,5.8,195,Romance Drama,12,2010,Poor,Low
Ripley'S Game,2002,6.6,69,Crime Thriller,24,2000,Average,Low
Sausage Party,2016,5.6,2238,Adventure Animation Comedy Fantasy,10,2010,Poor,Moderate
Pitch Perfect 2,2015,6.8,1940,Comedy Music,11,2010,Average,Moderate
Walk The Line,2005,7.3,718,Drama Music Romance,21,2000,Good,Low
Keeping The Faith,2000,5.9,159,Comedy,26,2000,Poor,Low
The Borrowers,1997,5.8,135,Adventure Fantasy Action Comedy Family,29,1990,Poor,Low
Frost/Nixon,2008,7.2,328,Drama History,18,2000,Good,Low
Confessions Of A Dangerous Mind,2002,6.6,275,Comedy Crime Drama Romance Thriller,24,2000,Average,Low
Serving Sara,2002,5.0,85,Comedy Romance,24,2000,Poor,Low
The Boss,2016,5.5,431,Comedy,10,2010,Poor,Low
Cry Freedom,1987,6.9,51,Drama,39,1980,Average,Low
Mumford,1999,6.3,26,Comedy Drama Romance,27,1990,Average,Low
Seed Of Chucky,2004,4.9,287,Drama Horror Comedy,22,2000,Poor,Low
The Jacket,2005,6.8,455,Drama Mystery Thriller Fantasy,21,2000,Average,Low
Aladdin,1992,7.4,3416,Animation Family Comedy Adventure Fantasy,34,1990,Good,Moderate
Straight Outta Compton,2015,7.7,1355,Drama Music,11,2010,Good,Moderate
Indiana Jones And The Temple Of Doom,1984,7.1,2781,Adventure Action,42,1980,Good,Moderate
The Rugrats Movie,1998,5.7,147,Animation Family,28,1990,Poor,Low
Along Came A Spider,2001,6.1,400,Crime Mystery Thriller Action,25,2000,Average,Low
Florence Foster Jenkins,2016,6.6,392,Comedy Drama,10,2010,Average,Low
Once Upon A Time In Mexico,2003,6.2,594,Action,23,2000,Average,Low
Die Hard,1988,7.5,3948,Action Thriller,38,1980,Good,Moderate
Role Models,2008,6.4,564,Comedy,18,2000,Average,Low
The Big Short,2015,7.3,2607,Comedy Drama,11,2010,Good,Moderate
Taking Woodstock,2009,6.2,127,Music Comedy Drama,17,2000,Average,Low
Miracle,2004,7.0,159,Drama History,22,2000,Average,Low
Dawn Of The Dead,2004,6.8,1016,Fantasy Horror Action,22,2000,Average,Moderate
The Wedding Planner,2001,5.5,427,Comedy,25,2000,Poor,Low
Space Pirate Captain Harlock,2013,6.5,356,Animation Science Fiction,13,2010,Average,Low
The Royal Tenenbaums,2001,7.4,1286,Comedy Drama,25,2000,Good,Moderate
Identity,2003,7.1,1061,Mystery Thriller,23,2000,Good,Moderate
Last Vegas,2013,6.4,799,Comedy,13,2010,Average,Low
For Your Eyes Only,1981,6.3,490,Adventure Action Thriller,45,1980,Average,Low
Serendipity,2001,6.6,521,Comedy Romance,25,2000,Average,Low
Timecop,1994,5.5,282,Thriller Science Fiction Action Crime,32,1990,Poor,Low
Zoolander,2001,6.1,1337,Comedy,25,2000,Average,Moderate
Safe Haven,2013,6.9,823,Romance,13,2010,Average,Low
Hocus Pocus,1993,6.4,471,Comedy Family Fantasy,33,1990,Average,Low
No Reservations,2007,6.1,327,Comedy,19,2000,Average,Low
Kick-Ass,2010,7.1,4645,Action Crime,16,2010,Good,Moderate
30 Minutes Or Less,2011,5.6,531,Action Adventure Comedy,15,2010,Poor,Low
Dracula 2000,2000,4.6,148,Thriller Horror,26,2000,Poor,Low
"Alexander And The Terrible, Horrible, No Good, Very Bad Day",2014,6.1,493,Family Comedy,12,2010,Average,Low
Pride & Prejudice,2005,7.7,1358,Drama Romance,21,2000,Good,Moderate
Blade Runner,1982,7.9,3509,Science Fiction Drama Thriller,44,1980,Good,Moderate
Rob Roy,1995,6.5,148,Adventure,31,1990,Average,Low
3 Days To Kill,2014,6.0,883,Action Drama Thriller Crime,12,2010,Poor,Low
We Own The Night,2007,6.5,323,Drama Crime Thriller,19,2000,Average,Low
Lost Souls,2000,4.5,38,Horror Thriller,26,2000,Poor,Low
Winged Migration,2001,7.0,49,Documentary,25,2000,Average,Low
Just My Luck,2006,5.8,491,Comedy Drama Family Fantasy Romance,20,2000,Poor,Low
"Mystery, Alaska",1999,6.0,69,Drama Comedy,27,1990,Poor,Low
The Spy Next Door,2010,5.5,345,Action Comedy Family,16,2010,Poor,Low
A Simple Wish,1997,5.5,46,Adventure Comedy Family Fantasy,29,1990,Poor,Low
Ghosts Of Mars,2001,4.8,296,Action Horror Science Fiction,25,2000,Poor,Low
Our Brand Is Crisis,2015,5.8,195,Comedy Drama,11,2010,Poor,Low
Pride And Prejudice And Zombies,2016,5.5,640,Romance Horror Comedy Thriller,10,2010,Poor,Low
Kundun,1997,6.8,91,Drama,29,1990,Average,Low
How To Lose Friends & Alienate People,2008,6.2,244,Comedy Romance Drama,18,2000,Average,Low
Kick-Ass 2,2013,6.3,2224,Action Adventure Crime,13,2010,Average,Moderate
Alatriste,2006,5.6,61,Action,20,2000,Poor,Low
Brick Mansions,2014,5.7,615,Action Crime Drama,12,2010,Poor,Low
Octopussy,1983,6.2,527,Adventure Action Thriller,43,1980,Average,Low
Knocked Up,2007,6.2,1214,Comedy Romance Drama,19,2000,Average,Moderate
My Sister'S Keeper,2009,7.1,598,Drama,17,2000,Good,Low
Welcome Home Roscoe Jenkins,2008,5.7,57,Comedy Drama,18,2000,Poor,Low
A Passage To India,1984,6.9,67,Drama Adventure History,42,1980,Average,Low
Notes On A Scandal,2006,6.9,235,Drama Romance,20,2000,Average,Low
Rendition,2007,6.2,205,Drama Thriller,19,2000,Average,Low
Star Trek Vi: The Undiscovered Country,1991,6.7,413,Science Fiction Action Adventure Thriller,35,1990,Average,Low
Divine Secrets Of The Ya-Ya Sisterhood,2002,5.6,65,Comedy Drama Romance,24,2000,Poor,Low
Kiss The Girls,1997,6.2,345,Drama Mystery Thriller Crime,29,1990,Average,Low
The Blues Brothers,1980,7.5,1065,Music Comedy Action Crime,46,1980,Good,Moderate
The Sisterhood Of The Traveling Pants 2,2008,6.0,238,Adventure Comedy Drama Family,18,2000,Poor,Low
Joyful Noise,2012,6.7,33,Comedy Music,14,2010,Average,Low
About A Boy,2002,6.6,607,Drama Comedy Romance,24,2000,Average,Low
Lake Placid,1999,5.5,247,Horror Comedy Action Science Fiction Thriller,27,1990,Poor,Low
Lucky Number Slevin,2006,7.4,1323,Drama Thriller Crime Mystery,20,2000,Good,Moderate
The Right Stuff,1983,7.3,235,Drama History,43,1980,Good,Low
Anonymous,2011,6.3,288,Drama History Thriller,15,2010,Average,Low
The Neverending Story,1984,7.0,1002,Drama Family Fantasy Adventure,42,1980,Average,Moderate
Dark City,1998,7.2,828,Mystery Science Fiction,28,1990,Good,Low
The Duchess,2008,6.7,396,Drama History Romance,18,2000,Average,Low
Return To Oz,1985,6.7,120,Adventure Family Fantasy,41,1980,Average,Low
The Newton Boys,1998,5.9,44,Crime Action Drama,28,1990,Poor,Low
Case 39,2009,6.1,563,Horror Mystery Thriller,17,2000,Average,Low
Suspect Zero,2004,5.5,98,Crime Thriller,22,2000,Poor,Low
Martian Child,2007,6.8,79,Drama,19,2000,Average,Low
Spy Kids: All The Time In The World,2011,4.4,222,Family Comedy Action,15,2010,Poor,Low
Money Monster,2016,6.5,1068,Thriller,10,2010,Average,Moderate
The 51St State,2001,5.9,173,Thriller Action Comedy Crime,25,2000,Poor,Low
Flawless,1999,5.9,56,Comedy Drama,27,1990,Poor,Low
Mindhunters,2004,6.3,333,Mystery Thriller Crime,22,2000,Average,Low
What Just Happened,2008,5.2,127,Comedy Drama,18,2000,Poor,Low
The Statement,2003,5.9,23,Drama Thriller,23,2000,Poor,Low
Paul Blart: Mall Cop,2009,5.2,788,Action Adventure Comedy Family,17,2000,Poor,Low
Freaky Friday,2003,6.0,879,Comedy,23,2000,Poor,Low
The 40 Year Old Virgin,2005,6.2,1983,Comedy Romance,21,2000,Average,Moderate
Shakespeare In Love,1998,6.8,796,Romance History,28,1990,Average,Low
A Walk Among The Tombstones,2014,6.2,1131,Crime Drama Mystery Thriller,12,2010,Average,Moderate
Kindergarten Cop,1990,5.8,628,Comedy,36,1990,Poor,Low
Pineapple Express,2008,6.6,1148,Action Comedy,18,2000,Average,Moderate
Ever After: A Cinderella Story,1998,6.8,399,Drama Romance Comedy,28,1990,Average,Low
Open Range,2003,7.0,262,Western,23,2000,Average,Low
Flatliners,1990,6.3,404,Drama Horror Science Fiction Thriller,36,1990,Average,Low
Red Eye,2005,6.2,455,Horror Thriller,21,2000,Average,Low
Final Destination 2,2003,5.9,1023,Horror Mystery,23,2000,Poor,Moderate
"O Brother, Where Art Thou?",2000,7.3,1112,Action Adventure Comedy,26,2000,Good,Moderate
Legion,2010,5.2,629,Horror,16,2010,Poor,Low
Pain & Gain,2013,6.1,1573,Thriller Crime Action,13,2010,Average,Moderate
In Good Company,2004,5.9,194,Comedy Drama Romance,22,2000,Poor,Low
Clockstoppers,2002,4.9,89,Adventure Family Science Fiction Thriller,24,2000,Poor,Low
Silverado,1985,7.1,146,Action Crime Drama Western,41,1980,Good,Low
Brothers,2009,6.8,633,Drama Thriller War,17,2000,Average,Low
Agent Cody Banks 2: Destination London,2004,5.2,144,Comedy,22,2000,Poor,Low
New Year'S Eve,2011,5.7,718,Comedy Romance,15,2010,Poor,Low
Original Sin,2001,5.8,198,Drama Thriller Mystery Romance,25,2000,Poor,Low
The Raven,2012,6.1,426,Crime Thriller Mystery,14,2010,Average,Low
Welcome To Mooseport,2004,4.8,54,Comedy,22,2000,Poor,Low
Highlander: The Final Dimension,1994,4.5,110,Action Fantasy Science Fiction,32,1990,Poor,Low
Blood And Wine,1996,5.5,34,Crime Drama Thriller,30,1990,Poor,Low
Snow White: A Tale Of Terror,1997,6.0,62,Fantasy Horror,29,1990,Poor,Low
The Curse Of The Jade Scorpion,2001,6.5,165,Comedy Crime Mystery Romance Thriller,25,2000,Average,Low
Accidental Love,2015,3.9,95,Romance Comedy,11,2010,Poor,Low
Flipper,1996,5.3,84,Adventure Family,30,1990,Poor,Low
Self/Less,2015,6.3,1091,Science Fiction Mystery Thriller,11,2010,Average,Moderate
The Constant Gardener,2005,6.8,417,Drama Mystery Thriller,21,2000,Average,Low
The Passion Of The Christ,2004,6.9,864,Drama,22,2000,Average,Low
Mrs. Doubtfire,1993,7.0,1591,Comedy Drama Family,33,1990,Average,Moderate
Rain Man,1988,7.6,1709,Drama,38,1980,Good,Moderate
Gran Torino,2008,7.8,3086,Drama,18,2000,Good,Moderate
W.,2008,6.1,143,Drama History,18,2000,Average,Low
Taken,2008,7.2,4369,Action Thriller,18,2000,Good,Moderate
The Best Of Me,2014,7.2,765,Drama Romance,12,2010,Good,Low
The Bodyguard,1992,6.1,661,Thriller Action Drama Music Romance,34,1990,Average,Low
Schindler'S List,1993,8.3,4329,Drama History War,33,1990,Excellent,Moderate
The Help,2011,7.8,1910,Drama,15,2010,Good,Moderate
The Fifth Estate,2013,5.7,364,Drama Thriller,13,2010,Poor,Low
Scooby-Doo 2: Monsters Unleashed,2004,5.4,500,Mystery Fantasy Adventure Comedy,22,2000,Poor,Low
Forbidden Kingdom,2014,4.9,71,Thriller Adventure Mystery Fantasy,12,2010,Poor,Low
Freddy Vs. Jason,2003,5.8,594,Horror,23,2000,Poor,Low
The Face Of An Angel,2014,4.7,64,Thriller Drama,12,2010,Poor,Low
Jimmy Neutron: Boy Genius,2001,5.6,231,Action Adventure Animation Comedy Family,25,2000,Poor,Low
Cloverfield,2008,6.4,2251,Action Thriller Science Fiction,18,2000,Average,Moderate
Teenage Mutant Ninja Turtles Ii: The Secret Of The Ooze,1991,5.8,286,Science Fiction Adventure Action Comedy Family,35,1990,Poor,Low
The Untouchables,1987,7.6,1384,Crime Drama History Thriller,39,1980,Good,Moderate
No Country For Old Men,2007,7.7,3003,Crime Drama Thriller,19,2000,Good,Moderate
Ride Along,2014,6.1,853,Action Comedy,12,2010,Average,Low
Bridget Jones'S Diary,2001,6.5,1356,Comedy Romance Drama,25,2000,Average,Moderate
Chocolat,2000,6.8,951,Comedy Drama Romance,26,2000,Average,Low
"Legally Blonde 2: Red, White & Blonde",2003,5.1,377,Comedy,23,2000,Poor,Low
Parental Guidance,2012,5.7,210,Comedy,14,2010,Poor,Low
No Strings Attached,2011,6.1,1331,Comedy Romance,15,2010,Average,Moderate
Tombstone,1993,7.4,626,Action Adventure Drama History Western,33,1990,Good,Low
Romeo Must Die,2000,6.0,330,Action Crime Thriller,26,2000,Poor,Low
Final Destination 3,2006,5.8,974,Horror Mystery,20,2000,Poor,Low
The Lucky One,2012,6.8,946,Drama Romance,14,2010,Average,Low
Bridge To Terabithia,2007,7.0,1113,Adventure Drama Family,19,2000,Average,Moderate
Finding Neverland,2004,7.2,1223,Drama,22,2000,Good,Moderate
A Madea Christmas,2013,7.0,35,Comedy Drama,13,2010,Average,Low
The Grey,2012,6.4,1451,Action Drama Thriller,14,2010,Average,Moderate
Hide And Seek,2005,6.1,440,Horror Mystery Thriller,21,2000,Average,Low
Anchorman: The Legend Of Ron Burgundy,2004,6.7,1493,Comedy,22,2000,Average,Moderate
Goodfellas,1990,8.2,3128,Drama Crime,36,1990,Excellent,Moderate
Agent Cody Banks,2003,5.0,284,Action,23,2000,Poor,Low
Nanny Mcphee,2005,6.4,711,Fantasy Comedy Family,21,2000,Average,Low
Scarface,1983,8.0,2948,Action Crime Drama Thriller,43,1980,Good,Moderate
Nothing To Lose,1997,6.3,174,Action Adventure Comedy,29,1990,Average,Low
The Last Emperor,1987,7.4,355,Drama History,39,1980,Good,Low
Contraband,2012,6.1,770,Thriller Action Drama Crime,14,2010,Average,Low
Money Talks,1997,5.9,87,Action Adventure Comedy,29,1990,Poor,Low
There Will Be Blood,2007,7.9,1537,Drama,19,2000,Good,Moderate
The Wild Thornberrys Movie,2002,5.8,44,Animation Adventure Family,24,2000,Poor,Low
Rugrats Go Wild,2003,5.6,61,Animation Family,23,2000,Poor,Low
Undercover Brother,2002,5.5,112,Action Comedy,24,2000,Poor,Low
The Sisterhood Of The Traveling Pants,2005,6.3,386,Drama Comedy,21,2000,Average,Low
Kiss Of The Dragon,2001,6.4,298,Action Crime Thriller,25,2000,Average,Low
The House Bunny,2008,5.6,529,Romance Comedy,18,2000,Poor,Low
Beauty Shop,2005,5.4,115,Comedy Romance,21,2000,Poor,Low
Million Dollar Arm,2014,6.6,259,Drama,12,2010,Average,Low
The Giver,2014,6.4,1798,Drama Science Fiction,12,2010,Average,Moderate
What A Girl Wants,2003,5.8,368,Comedy,23,2000,Poor,Low
Jeepers Creepers 2,2003,5.5,299,Horror Thriller,23,2000,Poor,Low
Good Luck Chuck,2007,5.5,444,Comedy Drama Romance,19,2000,Poor,Low
Cradle 2 The Grave,2003,5.8,236,Action Crime Drama,23,2000,Poor,Low
The Hours,2002,7.0,451,Drama,24,2000,Average,Low
She'S The Man,2006,6.4,671,Comedy Drama Family Romance,20,2000,Average,Low
Mr. Bean'S Holiday,2007,6.1,663,Family Comedy,19,2000,Average,Low
Anacondas: The Hunt For The Blood Orchid,2004,4.9,199,Adventure Action Horror Science Fiction Thriller,22,2000,Poor,Low
Blood Ties,2013,6.0,171,Thriller Crime Drama,13,2010,Poor,Low
August Rush,2007,7.1,797,Drama,19,2000,Good,Low
Elizabeth,1998,7.1,334,Drama History,28,1990,Good,Low
Bride Of Chucky,1998,5.5,350,Horror Comedy,28,1990,Poor,Low
Spice World,1997,4.7,123,Adventure Fantasy Drama Comedy Music,29,1990,Poor,Low
The Sitter,2011,5.4,325,Comedy,15,2010,Poor,Low
Dance Flick,2009,4.7,71,Action Comedy Music,17,2000,Poor,Low
The Shawshank Redemption,1994,8.5,8205,Drama Crime,32,1990,Excellent,Moderate
Crocodile Dundee In Los Angeles,2001,4.7,146,Adventure Comedy,25,2000,Poor,Low
Kingpin,1996,6.7,244,Comedy,30,1990,Average,Low
The Gambler,2014,5.7,543,Thriller Crime Drama,12,2010,Poor,Low
August: Osage County,2013,6.9,483,Comedy Drama,13,2010,Average,Low
Ice Princess,2005,5.9,185,Drama Comedy Family,21,2000,Poor,Low
A Lot Like Love,2005,6.5,318,Comedy,21,2000,Average,Low
Eddie The Eagle,2016,7.2,661,Comedy Drama History,10,2010,Good,Low
He Got Game,1998,6.7,134,Drama,28,1990,Average,Low
Don Juan Demarco,1994,6.2,183,Romance Drama Comedy,32,1990,Average,Low
Dear John,2010,6.6,1262,Drama Romance War,16,2010,Average,Moderate
The Losers,2010,6.2,515,Action Adventure Crime Mystery Thriller,16,2010,Average,Low
Don'T Be Afraid Of The Dark,2010,5.4,341,Fantasy Horror Thriller,16,2010,Poor,Low
War,2007,6.0,414,Action Thriller Crime,19,2000,Poor,Low
Punch-Drunk Love,2002,6.9,530,Comedy Drama Romance,24,2000,Average,Low
Eurotrip,2004,6.5,656,Comedy,22,2000,Average,Low
Half Past Dead,2002,4.6,82,Crime Action Thriller,24,2000,Poor,Low
Unaccompanied Minors,2006,5.4,66,Comedy Family,20,2000,Poor,Low
"Bright Lights, Big City",1988,4.7,28,Drama,38,1980,Poor,Low
The Adventures Of Pinocchio,1996,5.0,54,Animation Family Fantasy,30,1990,Poor,Low
The Greatest Game Ever Played,2005,6.9,110,Drama Family,21,2000,Average,Low
The Box,2009,5.4,597,Thriller Science Fiction,17,2000,Poor,Low
The Ruins,2008,5.6,265,Drama Horror,18,2000,Poor,Low
The Next Best Thing,2000,4.3,29,Comedy,26,2000,Poor,Low
My Soul To Take,2010,5.2,147,Drama Horror Mystery Thriller,16,2010,Poor,Low
The Girl Next Door,2004,6.3,824,Comedy,22,2000,Average,Low
Maximum Risk,1996,5.2,101,Action Adventure Thriller,30,1990,Poor,Low
Stealing Harvard,2002,4.4,46,Action Comedy Drama,24,2000,Poor,Low
Legend,2015,6.7,973,Crime Thriller,11,2010,Average,Low
Hot Rod,2007,6.3,313,Action Comedy,19,2000,Average,Low
Shark Night,2011,4.9,132,Horror Thriller,15,2010,Poor,Low
Angela'S Ashes,1999,7.0,59,Drama,27,1990,Average,Low
Draft Day,2014,6.5,304,Drama,12,2010,Average,Low
Lifeforce,1985,6.2,135,Fantasy Horror Science Fiction Thriller,41,1980,Average,Low
The Conspirator,2010,6.2,137,Crime Drama History,16,2010,Average,Low
Lords Of Dogtown,2005,7.0,210,Drama,21,2000,Average,Low
The 33,2015,6.0,378,Drama History,11,2010,Poor,Low
Big Trouble In Little China,1986,7.1,705,Action Adventure Comedy Fantasy,40,1980,Good,Low
Fly Me To The Moon,2012,5.6,194,Comedy Romance,14,2010,Poor,Low
Warrior,2011,7.7,1272,Action Drama,15,2010,Good,Moderate
Michael Collins,1996,6.7,97,Drama Thriller,30,1990,Average,Low
Gettysburg,1993,6.6,90,War Drama History,33,1990,Average,Low
Stop-Loss,2008,6.1,82,Drama War,18,2000,Average,Low
Abandon,2002,4.6,45,Drama Mystery Thriller,24,2000,Poor,Low
Brokedown Palace,1999,6.2,111,Drama Thriller,27,1990,Average,Low
The Possession,2012,5.8,498,Horror Thriller,14,2010,Poor,Low
Mrs. Winterbourne,1996,5.3,25,Comedy Romance Drama,30,1990,Poor,Low
Straw Dogs,2011,5.5,144,Drama Thriller,15,2010,Poor,Low
The Hoax,2006,6.4,60,Comedy Drama,20,2000,Average,Low
Stone Cold,1991,5.7,34,Action Crime Thriller,35,1990,Poor,Low
The Road,2009,6.8,1087,Adventure Drama,17,2000,Average,Moderate
Sheena,1984,5.0,22,Action Adventure Comedy Fantasy Science Fiction,42,1980,Poor,Low
Underclassman,2005,5.5,28,Action Comedy,21,2000,Poor,Low
Say It Isn'T So,2001,4.8,47,Comedy Romance,25,2000,Poor,Low
The World'S Fastest Indian,2005,7.3,166,Drama,21,2000,Good,Low
Tank Girl,1995,5.5,138,Action Comedy Fantasy Science Fiction,31,1990,Poor,Low
King'S Ransom,2005,5.1,14,Comedy Crime,21,2000,Poor,Low
Blindness,2008,6.4,387,Drama Mystery Science Fiction Thriller,18,2000,Average,Low
Bloodrayne,2005,3.5,118,Action Adventure Fantasy Horror,21,2000,Poor,Low
Carnage,2011,7.0,738,Comedy Drama,15,2010,Average,Low
Where The Truth Lies,2005,5.9,66,Drama Mystery Thriller,21,2000,Poor,Low
Cirque Du Soleil: Worlds Away,2012,6.1,58,Fantasy Family,14,2010,Average,Low
Without Limits,1998,6.2,19,Drama,28,1990,Average,Low
Me And Orson Welles,2009,6.6,49,Comedy Drama Romance,17,2000,Average,Low
The Best Offer,2013,7.7,704,Drama Romance Crime Mystery,13,2010,Good,Low
The Bad Lieutenant: Port Of Call - New Orleans,2009,6.0,326,Drama Crime,17,2000,Poor,Low
A Turtle'S Tale: Sammy'S Adventures,2010,5.6,151,Animation Family,16,2010,Poor,Low
Little White Lies,2010,7.1,380,Comedy Drama,16,2010,Good,Low
Love Ranch,2010,6.0,21,Drama,16,2010,Poor,Low
Space Dogs,2010,6.3,10,Family Animation,16,2010,Average,Low
The Counselor,2013,5.0,712,Thriller Crime Drama,13,2010,Poor,Low
Ironclad,2011,6.2,227,Romance Adventure Action History,15,2010,Average,Low
Kung Fu Jungle,2014,6.5,114,Crime Action Thriller,12,2010,Average,Low
Red Sky,2014,4.1,26,Action Thriller,12,2010,Poor,Low
Dangerous Liaisons,1988,7.0,257,Drama Romance,38,1980,Average,Low
On The Road,2012,5.5,301,Adventure Drama,14,2010,Poor,Low
Star Trek Iv: The Voyage Home,1986,6.9,477,Science Fiction Adventure,40,1980,Average,Low
Rocky Balboa,2006,6.5,835,Drama,20,2000,Average,Low
Scream 2,1997,6.1,840,Horror Mystery,29,1990,Average,Low
Jane Got A Gun,2016,5.4,285,Action Drama Western,10,2010,Poor,Low
Think Like A Man Too,2014,6.4,225,Comedy Romance,12,2010,Average,Low
The Whole Nine Yards,2000,6.2,531,Comedy Crime,26,2000,Average,Low
Footloose,1984,6.4,505,Drama Family Music Romance,42,1980,Average,Low
Old School,2003,6.6,541,Comedy,23,2000,Average,Low
The Fisher King,1991,7.2,341,Comedy Drama,35,1990,Good,Low
I Still Know What You Did Last Summer,1998,5.1,374,Horror Mystery Thriller,28,1990,Poor,Low
Return To Me,2000,6.1,67,Romance Comedy Drama,26,2000,Average,Low
Zack And Miri Make A Porno,2008,6.1,721,Comedy,18,2000,Average,Low
Nurse Betty,2000,5.9,111,Comedy Crime Thriller,26,2000,Poor,Low
The Men Who Stare At Goats,2009,5.9,742,Comedy War,17,2000,Poor,Low
Double Take,2001,5.5,24,Adventure Drama Action Comedy Romance,25,2000,Poor,Low
"Girl, Interrupted",1999,7.6,721,Drama,27,1990,Good,Low
Win A Date With Tad Hamilton!,2004,5.5,160,Comedy Romance,22,2000,Poor,Low
Muppets From Space,1999,5.8,92,Fantasy Comedy Science Fiction Family,27,1990,Poor,Low
Ready To Rumble,2000,4.7,49,Action Comedy Drama,26,2000,Poor,Low
Play It To The Bone,1999,5.7,53,Comedy Drama,27,1990,Poor,Low
I Don'T Know How She Does It,2011,5.0,141,Romance Comedy,15,2010,Poor,Low
Piranha 3D,2010,5.3,581,Comedy Horror,16,2010,Poor,Low
Beyond The Sea,2004,6.5,55,Drama Music,22,2000,Average,Low
Meet The Deedles,1998,4.1,19,Animation Comedy Family,28,1990,Poor,Low
The Thief And The Cobbler,1993,6.8,26,Adventure Fantasy Animation Science Fiction Family,33,1990,Average,Low
The Bridge Of San Luis Rey,2004,5.4,15,Romance Drama,22,2000,Poor,Low
Faster,2010,6.1,568,Crime Drama Action Thriller,16,2010,Average,Low
Howl'S Moving Castle,2004,8.2,1991,Fantasy Animation Adventure,22,2000,Excellent,Moderate
Zombieland,2009,7.2,3550,Comedy Horror,17,2000,Good,Moderate
The Waterboy,1998,5.9,512,Comedy,28,1990,Poor,Low
The Empire Strikes Back,1980,8.2,5879,Adventure Action Science Fiction,46,1980,Excellent,Moderate
Bad Boys,1995,6.5,1699,Action Comedy Crime Thriller,31,1990,Average,Moderate
The Naked Gun 2½: The Smell Of Fear,1991,6.6,546,Comedy Crime,35,1990,Average,Low
Final Destination,2000,6.4,1378,Horror,26,2000,Average,Moderate
The Ides Of March,2011,6.5,910,Drama,15,2010,Average,Low
Pitch Black,2000,6.7,1789,Thriller Science Fiction Action,26,2000,Average,Moderate
Someone Like You...,2001,6.0,118,Comedy Romance,25,2000,Poor,Low
Her,2013,7.9,4097,Romance Science Fiction Drama,13,2010,Good,Moderate
Joy Ride,2001,6.3,325,Mystery Thriller Drama,25,2000,Average,Low
The Adventurer: The Curse Of The Midas Box,2013,5.1,73,Fantasy Adventure Family,13,2010,Poor,Low
Anywhere But Here,1999,5.9,66,Drama Comedy Romance,27,1990,Poor,Low
The Crew,2000,6.4,11,Action Comedy,26,2000,Average,Low
Haywire,2011,5.6,505,Action Thriller,15,2010,Poor,Low
Jaws: The Revenge,1987,3.5,224,Adventure Thriller,39,1980,Poor,Low
Marvin'S Room,1996,6.6,124,Drama,30,1990,Average,Low
The Longshots,2008,6.5,11,Drama Family,18,2000,Average,Low
The End Of The Affair,1999,6.6,55,Drama,27,1990,Average,Low
Harley Davidson And The Marlboro Man,1991,6.1,82,Action Thriller,35,1990,Average,Low
In The Valley Of Elah,2007,6.6,261,History Drama Thriller Crime Mystery,19,2000,Average,Low
Coco Before Chanel,2009,6.6,246,Drama History,17,2000,Average,Low
Forsaken,2015,5.8,101,Western Drama,11,2010,Poor,Low
Cheri,2009,5.9,56,Drama Comedy Romance,17,2000,Poor,Low
Vanity Fair,2004,5.5,73,Drama Romance,22,2000,Poor,Low
Bodyguards And Assassins,2009,6.5,57,Drama Action History,17,2000,Average,Low
1408,2007,6.5,1343,Horror Thriller,19,2000,Average,Moderate
Spaceballs,1987,6.7,902,Comedy Science Fiction,39,1980,Average,Low
The Water Diviner,2014,6.8,431,War Drama,12,2010,Average,Low
Ghost,1990,6.9,1339,Fantasy Drama Thriller Mystery Romance,36,1990,Average,Moderate
There'S Something About Mary,1998,6.5,1590,Romance Comedy,28,1990,Average,Moderate
The Santa Clause,1994,6.3,489,Fantasy Drama Comedy Family,32,1990,Average,Low
The Rookie,2002,6.5,110,Drama Family,24,2000,Average,Low
The Game Plan,2007,6.0,428,Comedy Family,19,2000,Poor,Low
The Bridges Of Madison County,1995,7.3,385,Drama Romance,31,1990,Good,Low
The Animal,2001,4.6,304,Action Comedy,25,2000,Poor,Low
Gandhi,1982,7.4,716,Drama History,44,1980,Good,Low
The Hundred-Foot Journey,2014,7.3,508,Drama,12,2010,Good,Low
The Net,1995,5.6,354,Crime Drama Mystery Thriller Action,31,1990,Poor,Low
I Am Sam,2001,7.2,530,Drama,25,2000,Good,Low
Son Of God,2014,5.9,83,Drama,12,2010,Poor,Low
Underworld,2003,6.6,2512,Fantasy Action Thriller,23,2000,Average,Moderate
Derailed,2005,6.1,319,Drama Thriller,21,2000,Average,Low
The Informant!,2009,6.0,301,Drama Comedy Crime,17,2000,Poor,Low
Shadowlands,1993,6.8,61,Drama Romance,33,1990,Average,Low
Deuce Bigalow: European Gigolo,2005,4.7,225,Comedy,21,2000,Poor,Low
Delivery Man,2013,6.2,551,Comedy,13,2010,Average,Low
Our Kind Of Traitor,2016,6.0,160,Thriller,10,2010,Poor,Low
Saving Silverman,2001,5.4,154,Comedy Crime Romance,25,2000,Poor,Low
Diary Of A Wimpy Kid: Dog Days,2012,6.0,223,Comedy Family,14,2010,Poor,Low
Summer Of Sam,1999,6.3,112,Thriller Drama Crime Romance,27,1990,Average,Low
Jay And Silent Bob Strike Back,2001,6.4,480,Comedy,25,2000,Average,Low
The Glass House,2001,5.4,201,Drama Thriller,25,2000,Poor,Low
"Hail, Caesar!",2016,5.7,1309,Comedy Drama Mystery,10,2010,Poor,Moderate
Josie And The Pussycats,2001,5.3,72,Comedy Music,25,2000,Poor,Low
Homefront,2013,6.4,875,Action Thriller,13,2010,Average,Low
The Little Vampire,2000,6.1,77,Family Horror,26,2000,Average,Low
I Heart Huckabees,2004,6.2,239,Comedy Romance,22,2000,Average,Low
Robocop 3,1993,4.2,305,Action Adventure Crime Science Fiction Thriller,33,1990,Poor,Low
Dudley Do-Right,1999,3.8,48,Comedy Family Romance,27,1990,Poor,Low
The Transporter Refueled,2015,5.2,559,Thriller Action Crime,11,2010,Poor,Low
The Libertine,2004,5.9,128,Drama Romance,22,2000,Poor,Low
Black Book,2006,7.2,277,Drama Thriller War,20,2000,Good,Low
Joyeux Noël,2005,7.2,212,Romance Drama History War Music,21,2000,Good,Low
Hit & Run,2012,5.5,224,Action Comedy Romance,14,2010,Poor,Low
Mad Money,2008,5.9,140,Action Comedy Crime,18,2000,Poor,Low
Before I Go To Sleep,2014,6.2,659,Mystery Thriller,12,2010,Average,Low
Stone,2010,5.2,192,Drama,16,2010,Poor,Low
Moliere,2007,6.7,45,Romance Drama Comedy,19,2000,Average,Low
Out Of The Furnace,2013,6.5,720,Thriller Drama Crime,13,2010,Average,Low
Michael Clayton,2007,6.5,501,Drama Mystery Crime,19,2000,Average,Low
My Fellow Americans,1996,6.3,46,Comedy Drama,30,1990,Average,Low
Arlington Road,1999,7.0,239,Drama Thriller Mystery,27,1990,Average,Low
Underdogs,2013,6.0,122,Animation Adventure Romance,13,2010,Poor,Low
To Rome With Love,2012,5.6,546,Romance Comedy,14,2010,Poor,Low
Firefox,1982,5.5,139,Science Fiction Action Adventure Thriller,44,1980,Poor,Low
"South Park: Bigger, Longer & Uncut",1999,7.1,893,Animation Comedy Music,27,1990,Good,Low
Death At A Funeral,2007,6.9,497,Comedy Drama,19,2000,Average,Low
Teenage Mutant Ninja Turtles Iii,1993,5.1,184,Action Adventure Comedy Family Fantasy,33,1990,Poor,Low
Hardball,2001,6.3,123,Comedy Romance,25,2000,Average,Low
Silver Linings Playbook,2012,6.9,4742,Drama Comedy Romance,14,2010,Average,Moderate
Freedom Writers,2007,7.5,356,Crime Drama,19,2000,Good,Low
For Colored Girls,2010,7.0,22,Drama,16,2010,Average,Low
The Transporter,2002,6.6,1692,Action Crime Thriller,24,2000,Average,Moderate
Never Back Down,2008,6.4,497,Drama Action,18,2000,Average,Low
The Rage: Carrie 2,1999,5.1,76,Horror Thriller Science Fiction,27,1990,Poor,Low
Away We Go,2009,6.7,189,Drama Comedy Romance,17,2000,Average,Low
Swing Vote,2008,5.8,65,Drama Comedy,18,2000,Poor,Low
Moonlight Mile,2002,6.5,52,Romance Drama,24,2000,Average,Low
Tinker Tailor Soldier Spy,2011,6.6,840,Drama Thriller Mystery,15,2010,Average,Low
Molly,1999,5.5,14,Drama Comedy Romance,27,1990,Poor,Low
The Beaver,2011,6.3,276,Drama,15,2010,Average,Low
The Best Little Whorehouse In Texas,1982,5.9,41,Comedy,44,1980,Poor,Low
Existenz,1999,6.7,475,Action Thriller Science Fiction Horror,27,1990,Average,Low
Raiders Of The Lost Ark,1981,7.7,3854,Adventure Action,45,1980,Good,Moderate
Home Alone 2: Lost In New York,1992,6.3,2395,Comedy Family Adventure Crime,34,1990,Average,Moderate
Pulse,2006,5.0,150,Horror Thriller,20,2000,Poor,Low
Beverly Hills Cop Ii,1987,6.1,613,Action Comedy Crime,39,1980,Average,Low
Bringing Down The House,2003,5.4,183,Comedy,23,2000,Poor,Low
The Silence Of The Lambs,1991,8.1,4443,Crime Drama Thriller,35,1990,Excellent,Moderate
Wayne'S World,1992,6.5,728,Music Comedy,34,1990,Average,Low
Jackass 3D,2010,6.4,428,Comedy Documentary Action,16,2010,Average,Low
Beverly Hills Chihuahua,2008,4.9,209,Adventure Comedy Family,18,2000,Poor,Low
The Conjuring,2013,7.4,3092,Horror Thriller,13,2010,Good,Moderate
Are We There Yet?,2005,5.2,221,Adventure Comedy Family Romance,21,2000,Poor,Low
Tammy,2014,5.0,500,Comedy,12,2010,Poor,Low
School Of Rock,2003,6.7,1414,Comedy Music,23,2000,Average,Moderate
Mortal Kombat,1995,5.4,442,Action Fantasy,31,1990,Poor,Low
White Chicks,2004,6.3,679,Comedy,22,2000,Average,Low
The Descendants,2011,6.7,934,Comedy Drama,15,2010,Average,Low
Holes,2003,6.7,383,Adventure Family Drama Comedy,23,2000,Average,Low
The Last Song,2010,6.9,923,Drama Family Romance,16,2010,Average,Low
12 Years A Slave,2013,7.9,3674,Drama History,13,2010,Good,Moderate
Drumline,2002,6.2,116,Drama Romance Comedy Music,24,2000,Average,Low
Why Did I Get Married Too?,2010,6.1,29,Comedy Romance,16,2010,Average,Low
Edward Scissorhands,1990,7.5,3601,Fantasy Drama Romance,36,1990,Good,Moderate
Me Before You,2016,7.6,2562,Drama Romance,10,2010,Good,Moderate
Madea'S Witness Protection,2012,5.9,52,Drama Comedy Crime,14,2010,Poor,Low
Bad Moms,2016,6.3,1252,Comedy,10,2010,Average,Moderate
Date Movie,2006,3.6,222,Comedy,20,2000,Poor,Low
Return To Never Land,2002,6.1,290,Adventure Fantasy Animation Family,24,2000,Average,Low
Selma,2014,7.4,817,History Drama,12,2010,Good,Low
The Jungle Book 2,2003,5.6,269,Family Animation Adventure,23,2000,Poor,Low
Boogeyman,2005,4.6,191,Thriller Horror Drama Mystery,21,2000,Poor,Low
Premonition,2007,5.8,381,Thriller Drama Mystery,19,2000,Poor,Low
The Tigger Movie,2000,6.3,143,Animation Family,26,2000,Average,Low
Orphan,2009,6.7,1261,Horror Thriller Mystery,17,2000,Average,Moderate
Max,2015,6.8,276,Adventure Drama Family,11,2010,Average,Low
Epic Movie,2007,3.2,326,Action Adventure Comedy,19,2000,Poor,Low
Spotlight,2015,7.8,2686,Drama Thriller History,11,2010,Good,Moderate
Lakeview Terrace,2008,5.9,292,Drama Crime Thriller,18,2000,Poor,Low
The Grudge 2,2006,5.2,283,Horror Thriller,20,2000,Poor,Low
How Stella Got Her Groove Back,1998,6.0,24,Comedy Drama Romance,28,1990,Poor,Low
Bill & Ted'S Bogus Journey,1991,5.9,308,Adventure Comedy Family Fantasy Science Fiction,35,1990,Poor,Low
Man Of The Year,2006,5.8,129,Comedy Drama Romance Thriller,20,2000,Poor,Low
The American,2010,5.8,481,Crime Drama Thriller,16,2010,Poor,Low
Selena,1997,7.0,114,Drama,29,1990,Average,Low
Vampires Suck,2010,4.2,315,Horror Comedy,16,2010,Poor,Low
Babel,2006,6.9,1055,Drama,20,2000,Average,Moderate
This Is Where I Leave You,2014,6.5,505,Drama Comedy,12,2010,Average,Low
Doubt,2008,7.0,435,Drama Mystery,18,2000,Average,Low
Team America: World Police,2004,6.6,660,Music Adventure Animation Action Comedy,22,2000,Average,Low
Texas Chainsaw 3D,2013,5.3,465,Horror Thriller,13,2010,Poor,Low
Copycat,1995,6.4,194,Drama Thriller,31,1990,Average,Low
Scary Movie 5,2013,4.6,793,Comedy,13,2010,Poor,Low
Milk,2008,7.1,612,History Drama,18,2000,Good,Low
Risen,2016,5.7,295,Action,10,2010,Poor,Low
Ghost Ship,2002,5.3,531,Horror Mystery Thriller,24,2000,Poor,Low
A Very Harold & Kumar Christmas,2011,6.0,328,Comedy,15,2010,Poor,Low
Wild Things,1998,6.3,444,Crime Drama Mystery,28,1990,Average,Low
The Stepfather,2009,5.4,167,Horror Thriller Mystery,17,2000,Poor,Low
The Debt,2010,6.3,257,Drama Thriller,16,2010,Average,Low
High Fidelity,2000,7.0,628,Comedy Drama Romance Music,26,2000,Average,Low
One Missed Call,2008,4.7,171,Horror Mystery Thriller,18,2000,Poor,Low
Eye For An Eye,1996,5.8,63,Drama Thriller,30,1990,Poor,Low
The Bank Job,2008,6.6,697,Thriller Crime Drama,18,2000,Average,Low
Eternal Sunshine Of The Spotless Mind,2004,7.9,3652,Science Fiction Drama Romance,22,2000,Good,Moderate
You Again,2010,6.0,368,Comedy Romance,16,2010,Poor,Low
Street Kings,2008,6.3,363,Action Crime Drama Thriller,18,2000,Average,Low
The World'S End,2013,6.7,1778,Comedy Action Science Fiction,13,2010,Average,Moderate
Nancy Drew,2007,5.8,143,Action Adventure Crime Family Mystery,19,2000,Poor,Low
Daybreakers,2009,6.0,634,Fantasy Horror Action Thriller Science Fiction,17,2000,Poor,Low
She'S Out Of My League,2010,5.9,525,Comedy Romance,16,2010,Poor,Low
Monte Carlo,2011,6.0,593,Adventure Comedy Romance,15,2010,Poor,Low
Stay Alive,2006,5.3,155,Horror Thriller,20,2000,Poor,Low
Quigley Down Under,1990,6.5,119,Romance Action Adventure Western Drama,36,1990,Average,Low
Alpha And Omega,2010,5.3,124,Family Animation,16,2010,Poor,Low
The Covenant,2006,5.2,288,Action Adventure Fantasy Horror Science Fiction,20,2000,Poor,Low
Stick It,2006,6.3,148,Comedy Drama,20,2000,Average,Low
Shorts,2009,5.1,44,Comedy Family,17,2000,Poor,Low
To Die For,1995,6.7,175,Fantasy Drama Comedy Thriller,31,1990,Average,Low
Nerve,2016,7.1,2181,Mystery Adventure Crime,10,2010,Good,Moderate
Appaloosa,2008,6.3,299,Drama Western Crime,18,2000,Average,Low
Vampires,1998,5.8,255,Action Drama Fantasy Horror Thriller,28,1990,Poor,Low
My Best Friend'S Girl,2008,5.4,220,Romance Comedy,18,2000,Poor,Low
Endless Love,2014,6.7,542,Drama Romance,12,2010,Average,Low
Georgia Rule,2007,5.6,130,Comedy Drama Romance,19,2000,Poor,Low
Ladyhawke,1985,6.8,260,Adventure Drama Fantasy Romance,41,1980,Average,Low
Simon Birch,1998,6.5,52,Comedy Drama Family,28,1990,Average,Low
Reign Over Me,2007,7.1,334,Drama,19,2000,Good,Low
Into The Wild,2007,7.8,3045,Adventure Drama,19,2000,Good,Moderate
School For Scoundrels,2006,5.6,111,Comedy Drama Romance,20,2000,Poor,Low
Silent Hill: Revelation 3D,2012,5.0,432,Thriller Horror Mystery,14,2010,Poor,Low
From Dusk Till Dawn,1996,6.9,1603,Horror Action Thriller Crime,30,1990,Average,Moderate
Pooh'S Heffalump Movie,2005,6.4,88,Animation Family,21,2000,Average,Low
Home For The Holidays,1995,6.3,39,Comedy Drama Romance,31,1990,Average,Low
Kung Fu Hustle,2004,7.2,831,Action Comedy Crime Fantasy,22,2000,Good,Low
The Country Bears,2002,4.3,20,Adventure Comedy Family,24,2000,Poor,Low
The Kite Runner,2007,7.3,394,Drama,19,2000,Good,Low
21 Grams,2003,7.2,918,Drama Crime Thriller,23,2000,Good,Low
Paparazzi,2004,5.8,52,Action Drama Thriller,22,2000,Poor,Low
A Guy Thing,2003,5.3,83,Comedy Romance,23,2000,Poor,Low
Loser,2000,5.0,120,Drama Comedy Romance Family,26,2000,Poor,Low
Capitalism: A Love Story,2009,7.0,167,Documentary,17,2000,Average,Low
Secret In Their Eyes,2015,6.2,336,Crime Drama Mystery,11,2010,Average,Low
Disaster Movie,2008,3.0,240,Action Comedy,18,2000,Poor,Low
Armored,2009,5.5,208,Action Crime Drama Thriller,17,2000,Poor,Low
The Man Who Knew Too Little,1997,6.5,125,Comedy Thriller Crime Action,29,1990,Average,Low
What'S Your Number?,2011,6.2,671,Comedy Romance,15,2010,Average,Low
Lockout,2012,5.8,715,Action Thriller Science Fiction,14,2010,Poor,Low
Envy,2004,4.8,139,Comedy,22,2000,Poor,Low
Crank: High Voltage,2009,5.9,861,Action Thriller Crime,17,2000,Poor,Low
Bullets Over Broadway,1994,7.0,130,Action Comedy Thriller,32,1990,Average,Low
One Night With The King,2006,6.1,12,Drama,20,2000,Average,Low
The Quiet American,2002,6.4,81,Drama Action Thriller Romance,24,2000,Average,Low
The Weather Man,2005,6.0,289,Comedy Drama,21,2000,Poor,Low
Undisputed,2002,6.1,139,Action Adventure Drama Thriller,24,2000,Average,Low
Ghost Town,2008,6.4,286,Comedy Fantasy Romance,18,2000,Average,Low
12 Rounds,2009,5.7,220,Action Adventure Drama Thriller,17,2000,Poor,Low
Let Me In,2010,6.7,641,Drama Horror Mystery,16,2010,Average,Low
3 Ninjas Kick Back,1994,4.5,48,Adventure Action Comedy Family,32,1990,Poor,Low
Be Kind Rewind,2008,6.2,424,Drama Comedy,18,2000,Average,Low
Mrs Henderson Presents,2005,6.4,62,Comedy Drama,21,2000,Average,Low
Triple 9,2016,5.6,797,Action Thriller,10,2010,Poor,Low
Deconstructing Harry,1997,7.3,187,Comedy Drama,29,1990,Good,Low
Three To Tango,1999,5.4,62,Comedy Romance,27,1990,Poor,Low
Burnt,2015,6.3,950,Drama,11,2010,Average,Low
We'Re No Angels,1989,5.6,105,Comedy Crime Drama,37,1980,Poor,Low
Everyone Says I Love You,1996,6.5,147,Music Comedy Romance,30,1990,Average,Low
Death Sentence,2007,6.5,297,Action Crime Drama Thriller,19,2000,Average,Low
Everybody'S Fine,2009,6.5,284,Drama,17,2000,Average,Low
Superbabies: Baby Geniuses 2,2004,1.9,35,Comedy Family,22,2000,Poor,Low
The Man,2005,5.4,133,Action Comedy Crime,21,2000,Poor,Low
Code Name: The Cleaner,2007,4.7,78,Action Comedy Crime,19,2000,Poor,Low
Connie And Carla,2004,6.4,24,Comedy,22,2000,Average,Low
Inherent Vice,2014,6.5,833,Comedy Romance Crime Drama Mystery,12,2010,Average,Low
Doogal,2006,3.2,18,Family,20,2000,Poor,Low
Battle Of The Year,2013,5.9,88,Music Drama,13,2010,Poor,Low
An American Carol,2008,4.1,20,Comedy Fantasy,18,2000,Poor,Low
Machete Kills,2013,5.3,631,Action Crime Thriller,13,2010,Poor,Low
Willard,2003,5.8,82,Horror,23,2000,Poor,Low
Strange Wilderness,2008,4.7,69,Comedy,18,2000,Poor,Low
Topsy-Turvy,1999,6.7,41,Comedy Drama Music,27,1990,Average,Low
Little Boy,2015,7.0,185,Comedy Drama War,11,2010,Average,Low
A Dangerous Method,2011,6.2,571,Drama Thriller,15,2010,Average,Low
A Scanner Darkly,2006,6.8,532,Animation Science Fiction Thriller,20,2000,Average,Low
Chasing Mavericks,2012,7.0,216,Drama,14,2010,Average,Low
Alone In The Dark,2005,3.1,173,Action Fantasy Horror Thriller,21,2000,Poor,Low
Bandslam,2009,5.4,126,Comedy Drama Family Music,17,2000,Poor,Low
Birth,2004,5.9,179,Drama Mystery Thriller,22,2000,Poor,Low
A Most Violent Year,2014,6.5,546,Crime Drama Thriller,12,2010,Average,Low
Passchendaele,2008,6.3,26,Drama Romance War History,18,2000,Average,Low
Flash Of Genius,2008,6.3,59,Drama,18,2000,Average,Low
I'M Not There.,2007,6.6,195,Drama Music,19,2000,Average,Low
The Cold Light Of Day,2012,4.8,271,Action Thriller,14,2010,Poor,Low
The Brothers Bloom,2008,6.8,203,Adventure Comedy Drama Romance,18,2000,Average,Low
"Synecdoche, New York",2008,7.4,278,Drama,18,2000,Good,Low
Princess Mononoke,1997,8.2,1983,Adventure Fantasy Animation,29,1990,Excellent,Moderate
Bon Voyage,2003,5.7,20,Comedy Drama Foreign,23,2000,Poor,Low
The Proposition,2005,7.1,218,Action Adventure Crime Drama Thriller,21,2000,Good,Low
My All American,2015,6.8,36,Drama,11,2010,Average,Low
Marci X,2003,3.3,12,Comedy,23,2000,Poor,Low
Equilibrium,2002,6.9,1552,Action Science Fiction Thriller,24,2000,Average,Moderate
The Children Of Huang Shi,2008,6.5,52,Drama War,18,2000,Average,Low
The Yards,2000,6.0,97,Drama Action Thriller Crime,26,2000,Poor,Low
By The Sea,2015,5.4,156,Drama Romance,11,2010,Poor,Low
Steamboy,2004,6.4,102,Animation Fantasy Science Fiction,22,2000,Average,Low
The Game Of Their Lives,2005,5.8,14,Drama,21,2000,Poor,Low
All Good Things,2010,5.9,286,Drama Mystery Thriller Crime Romance,16,2010,Poor,Low
Rapa Nui,1994,6.2,33,Adventure,32,1990,Average,Low
Cj7,2008,6.1,107,Comedy Drama Family Fantasy Science Fiction,18,2000,Average,Low
The Visitors Ii: The Corridors Of Time,1998,5.8,221,Comedy Fantasy,28,1990,Poor,Low
Dylan Dog: Dead Of Night,2011,4.5,139,Action Comedy Horror Mystery Science Fiction,15,2010,Poor,Low
People I Know,2002,5.5,48,Drama Thriller,24,2000,Poor,Low
The Tempest,2010,6.0,31,Drama Fantasy,16,2010,Poor,Low
Regression,2015,5.3,585,Horror Mystery Thriller,11,2010,Poor,Low
Three Kingdoms: Resurrection Of The Dragon,2008,6.6,35,Action History Drama,18,2000,Average,Low
Butterfly On A Wheel,2007,6.3,130,Crime Drama Thriller,19,2000,Average,Low
Zambezia,2012,5.3,68,Comedy Animation Adventure Family,14,2010,Poor,Low
Hands Of Stone,2016,6.1,109,Drama,10,2010,Average,Low
Survivor,2015,5.4,404,Thriller,11,2010,Poor,Low
The Frozen Ground,2013,6.1,465,Thriller Crime,13,2010,Average,Low
The Painted Veil,2006,7.1,312,Drama Romance,20,2000,Good,Low
The Baader Meinhof Complex,2008,7.1,157,Action Crime Drama History Thriller,18,2000,Good,Low
Dances With Wolves,1990,7.6,1046,Adventure Drama Western,36,1990,Good,Moderate
Bad Teacher,2011,5.4,1584,Comedy,15,2010,Poor,Moderate
Sea Of Love,1989,6.7,141,Drama Crime Mystery,37,1980,Average,Low
A Cinderella Story,2004,6.1,713,Comedy,22,2000,Average,Low
Scream,1996,7.0,1476,Crime Horror Mystery,30,1990,Average,Moderate
Thir13En Ghosts,2001,5.4,440,Horror Thriller,25,2000,Poor,Low
The Shining,1980,8.1,3757,Horror Thriller,46,1980,Excellent,Moderate
Back To The Future,1985,8.0,6079,Adventure Comedy Science Fiction Family,41,1980,Good,Moderate
House On Haunted Hill,1999,5.5,209,Horror Mystery Thriller,27,1990,Poor,Low
I Can Do Bad All By Myself,2009,6.0,40,Drama Comedy,17,2000,Poor,Low
The Switch,2010,5.9,583,Comedy Romance Drama,16,2010,Poor,Low
Just Married,2003,5.3,404,Comedy,23,2000,Poor,Low
The Devil'S Double,2011,6.5,208,Drama Action Thriller Crime War,15,2010,Average,Low
The Crazies,2010,6.2,633,Mystery Horror Action,16,2010,Average,Low
Spirited Away,2001,8.3,3840,Fantasy Adventure Animation Family,25,2000,Excellent,Moderate
Firestorm,2013,5.9,43,Action Crime,13,2010,Poor,Low
The Bounty,1984,6.5,108,Action Drama History,42,1980,Average,Low
The Book Thief,2013,7.4,1486,Drama,13,2010,Good,Moderate
Sex Drive,2008,6.0,342,Comedy Adventure Romance,18,2000,Poor,Low
Leap Year,2010,6.4,465,Romance Comedy,16,2010,Average,Low
Take Me Home Tonight,2011,6.2,208,Comedy Drama Romance,15,2010,Average,Low
Won'T Back Down,2012,5.8,40,Drama,14,2010,Poor,Low
Kansas City,1996,6.1,12,Thriller Drama Music Crime,30,1990,Average,Low
Indignation,2016,6.8,69,Drama,10,2010,Average,Low
The Amityville Horror,2005,6.0,588,Horror Thriller Drama,21,2000,Poor,Low
Adaptation.,2002,7.3,638,Comedy Crime Drama,24,2000,Good,Low
Land Of The Dead,2005,6.0,381,Horror,21,2000,Poor,Low
Out Of Inferno,2013,5.8,11,Action,13,2010,Poor,Low
Fear And Loathing In Las Vegas,1998,7.2,1301,Adventure Drama Comedy,28,1990,Good,Moderate
The Invention Of Lying,2009,6.0,518,Comedy Romance Fantasy,17,2000,Poor,Low
Neighbors,2014,6.2,2713,Comedy,12,2010,Average,Moderate
The Mask,1994,6.6,2472,Romance Comedy Crime Fantasy,32,1990,Average,Moderate
Big,1988,6.9,993,Fantasy Drama Comedy Romance Family,38,1980,Average,Low
Borat: Cultural Learnings Of America For Make Benefit Glorious Nation Of Kazakhstan,2006,6.5,1579,Comedy,20,2000,Average,Moderate
Legally Blonde,2001,6.1,882,Comedy,25,2000,Average,Low
Star Trek Iii: The Search For Spock,1984,6.4,434,Science Fiction Action Adventure Thriller,42,1980,Average,Low
The Exorcism Of Emily Rose,2005,6.3,659,Crime Drama Horror Thriller,21,2000,Average,Low
Deuce Bigalow: Male Gigolo,1999,5.5,308,Comedy,27,1990,Poor,Low
Left Behind,2014,3.7,392,Thriller Action Science Fiction,12,2010,Poor,Low
The Family Stone,2005,6.2,249,Comedy Drama Romance,21,2000,Average,Low
Barbershop 2:  Back In Business,2004,5.6,74,Comedy Drama,22,2000,Poor,Low
Bad Santa,2003,6.5,656,Drama Comedy Crime,23,2000,Average,Low
Austin Powers: International Man Of Mystery,1997,6.5,1013,Science Fiction Comedy Crime,29,1990,Average,Moderate
My Big Fat Greek Wedding 2,2016,5.5,322,Romance Comedy Family,10,2010,Poor,Low
Diary Of A Wimpy Kid: Rodrick Rules,2011,6.3,238,Family Comedy,15,2010,Average,Low
Predator,1987,7.3,2093,Science Fiction Action Adventure Thriller,39,1980,Good,Moderate
Amadeus,1984,7.8,1076,Drama History Music,42,1980,Good,Moderate
Prom Night,2008,4.8,167,Crime Horror,18,2000,Poor,Low
Mean Girls,2004,6.9,2320,Comedy,22,2000,Average,Moderate
Under The Tuscan Sun,2003,6.4,172,Comedy Drama Romance,23,2000,Average,Low
Gosford Park,2001,6.8,246,Drama Mystery Thriller,25,2000,Average,Low
Peggy Sue Got Married,1986,5.9,136,Comedy Drama Fantasy Romance,40,1980,Poor,Low
Birdman,2014,7.4,4535,Drama Comedy,12,2010,Good,Moderate
Blue Jasmine,2013,7.0,1098,Comedy Drama,13,2010,Average,Moderate
United 93,2006,6.9,367,Drama History Crime Thriller Action,20,2000,Average,Low
Honey,2003,6.0,303,Romance Music Family,23,2000,Poor,Low
Spy Hard,1996,4.9,147,Action Comedy,30,1990,Poor,Low
The Fog,1980,6.4,311,Horror,46,1980,Average,Low
Soul Surfer,2011,6.9,342,Action Drama,15,2010,Average,Low
Observe And Report,2009,5.6,225,Comedy Crime Drama,17,2000,Poor,Low
Conan The Destroyer,1984,5.8,383,Adventure Fantasy Action,42,1980,Poor,Low
Raging Bull,1980,7.7,938,Drama,46,1980,Good,Low
Love Happens,2009,5.6,180,Drama Romance,17,2000,Poor,Low
Young Sherlock Holmes,1985,6.7,167,Action Adventure Crime Drama Family,41,1980,Average,Low
Fame,2009,5.5,135,Music Comedy Drama Romance,17,2000,Poor,Low
127 Hours,2010,7.0,2606,Adventure Drama Thriller,16,2010,Average,Moderate
Small Time Crooks,2000,6.4,155,Action Comedy Crime,26,2000,Average,Low
Center Stage,2000,6.8,90,Drama Music,26,2000,Average,Low
Love The Coopers,2015,5.4,167,Comedy Family,11,2010,Poor,Low
Catch That Kid,2004,4.9,76,Family Action Adventure,22,2000,Poor,Low
Life As A House,2001,7.2,120,Drama,25,2000,Good,Low
Steve Jobs,2015,6.8,1573,Drama History,11,2010,Average,Moderate
"I Love You, Beth Cooper",2009,5.1,197,Comedy Romance,17,2000,Poor,Low
Youth In Revolt,2009,5.9,319,Drama Comedy Romance,17,2000,Poor,Low
The Legend Of The Lone Ranger,1981,3.7,14,Action Adventure Romance Western,45,1980,Poor,Low
The Tailor Of Panama,2001,6.2,92,Drama Thriller,25,2000,Average,Low
Blow Out,1981,7.3,236,Drama Mystery Thriller,45,1980,Good,Low
Getaway,2013,4.9,246,Action Crime,13,2010,Poor,Low
The Ice Storm,1997,6.9,176,Drama,29,1990,Average,Low
And So It Goes,2014,5.7,164,Comedy Drama Romance,12,2010,Poor,Low
Troop Beverly Hills,1989,5.6,56,Adventure Comedy Family,37,1980,Poor,Low
Being Julia,2004,6.4,23,Comedy Drama Romance,22,2000,Average,Low
Nine 1/2 Weeks,1986,5.8,177,Drama Romance,40,1980,Poor,Low
Dragonslayer,1981,6.5,67,Fantasy,45,1980,Average,Low
The Last Station,2009,6.7,55,Drama Romance,17,2000,Average,Low
Ed Wood,1994,7.3,630,Comedy Drama History,32,1990,Good,Low
Labor Day,2013,6.7,299,Drama,13,2010,Average,Low
Mongol: The Rise Of Genghis Khan,2007,6.5,158,History,19,2000,Average,Low
Rocknrolla,2008,6.9,836,Action Crime Thriller,18,2000,Average,Low
Megaforce,1982,3.5,15,Adventure Action Science Fiction,44,1980,Poor,Low
Hamlet,1996,7.3,117,Drama,30,1990,Good,Low
Mao'S Last Dancer,2009,6.8,28,Drama Romance,17,2000,Average,Low
Midnight Special,2016,6.2,694,Adventure Drama Science Fiction,10,2010,Average,Low
Anything Else,2003,6.2,149,Comedy Romance,23,2000,Average,Low
The Railway Man,2013,6.7,273,Drama History,13,2010,Average,Low
The White Ribbon,2009,7.2,255,Crime Drama Mystery,17,2000,Good,Low
Restoration,2016,5.3,11,Horror,10,2010,Poor,Low
The Wraith,1986,5.9,108,Romance Science Fiction Horror Action Crime,40,1980,Poor,Low
Salton Sea,2002,7.0,104,Drama Mystery Thriller,24,2000,Average,Low
Metallica: Through The Never,2013,6.7,83,Music,13,2010,Average,Low
The Informers,2008,4.4,60,Drama,18,2000,Poor,Low
Carlos,2010,6.7,50,Crime Drama Thriller History,16,2010,Average,Low
I Come With The Rain,2009,5.6,20,Thriller Drama,17,2000,Poor,Low
Day Of The Dead,1985,6.9,270,Horror Science Fiction,41,1980,Average,Low
I Am Wrath,2016,4.5,179,Action Crime Drama Thriller,10,2010,Poor,Low
Renaissance,2006,6.7,77,Action Animation Science Fiction,20,2000,Average,Low
Red Sonja,1985,5.0,206,Adventure Fantasy Action,41,1980,Poor,Low
Red Lights,2012,6.0,376,Thriller,14,2010,Poor,Low
Superbad,2007,7.0,2100,Comedy,19,2000,Average,Moderate
Madea Goes To Jail,2009,6.4,52,Comedy Crime Drama,17,2000,Average,Low
Wolves,2014,5.7,82,Horror Action,12,2010,Poor,Low
Step Up 2: The Streets,2008,6.5,640,Music Drama Romance,18,2000,Average,Low
Hoodwinked!,2005,5.9,479,Animation Comedy Family,21,2000,Poor,Low
Hotel Rwanda,2004,7.5,793,Drama History War,22,2000,Good,Low
Hitman,2007,5.9,966,Action Crime Drama Thriller,19,2000,Poor,Low
Black Nativity,2013,5.8,16,Drama Music,13,2010,Poor,Low
The Prince,2014,4.6,218,Thriller Action,12,2010,Poor,Low
City Of Ghosts,2002,5.4,18,Thriller,24,2000,Poor,Low
The Others,2001,7.4,1660,Horror Drama Mystery Thriller,25,2000,Good,Moderate
Aliens,1986,7.7,3220,Horror Action Thriller Science Fiction,40,1980,Good,Moderate
I Know What You Did Last Summer,1997,5.6,687,Horror Thriller Mystery,29,1990,Poor,Low
Let'S Be Cops,2014,6.4,1219,Comedy,12,2010,Average,Moderate
Sideways,2004,6.9,478,Comedy Drama Romance,22,2000,Average,Low
Beerfest,2006,5.8,172,Comedy,20,2000,Poor,Low
Good Boy!,2003,4.7,30,Comedy Family Science Fiction,23,2000,Poor,Low
The Best Man Holiday,2013,6.7,110,Comedy,13,2010,Average,Low
Smokin' Aces,2006,6.4,534,Action Comedy Crime Thriller,20,2000,Average,Low
Saw: The Final Chapter,2010,5.8,730,Horror Crime,16,2010,Poor,Low
40 Days And 40 Nights,2002,5.2,297,Comedy Romance,24,2000,Poor,Low
A Night At The Roxbury,1998,5.9,198,Comedy,28,1990,Poor,Low
Beastly,2011,6.0,849,Drama Fantasy Romance,15,2010,Poor,Low
The Hills Have Eyes,2006,6.1,705,Horror Thriller,20,2000,Average,Low
Dickie Roberts: Former Child Star,2003,5.1,64,Comedy,23,2000,Poor,Low
"Mcfarland, Usa",2015,7.4,213,Drama,11,2010,Good,Low
Lottery Ticket,2010,5.6,54,Comedy,16,2010,Poor,Low
Atl,2006,6.0,32,Drama,20,2000,Poor,Low
Pitch Perfect,2012,7.3,2247,Comedy Music Romance,14,2010,Good,Moderate
Summer Catch,2001,4.8,63,Drama Comedy Romance,25,2000,Poor,Low
A Simple Plan,1998,6.9,187,Drama Crime Thriller,28,1990,Average,Low
They,2002,4.6,74,Horror Thriller,24,2000,Poor,Low
Larry The Cable Guy: Health Inspector,2006,3.3,17,Comedy,20,2000,Poor,Low
The Adventures Of Elmo In Grouchland,1999,6.3,14,Family,27,1990,Average,Low
Brooklyn'S Finest,2009,6.2,293,Crime Drama Thriller,17,2000,Average,Low
Evil Dead,2013,6.4,1723,Horror,13,2010,Average,Moderate
My Life In Ruins,2009,5.6,101,Comedy Romance,17,2000,Poor,Low
American Dreamz,2006,4.9,95,Comedy Drama Family,20,2000,Poor,Low
Superman Iv: The Quest For Peace,1987,4.1,318,Action Adventure Science Fiction,39,1980,Poor,Low
Running Scared,2006,7.0,331,Action Crime Drama Thriller,20,2000,Average,Low
Bobby Jones: Stroke Of Genius,2004,5.5,19,Drama,22,2000,Poor,Low
Shanghai Surprise,1986,2.9,15,Adventure,40,1980,Poor,Low
The Illusionist,2006,7.1,1615,Fantasy Drama Thriller Romance,20,2000,Good,Moderate
Roar,1981,5.6,19,Adventure Thriller,45,1980,Poor,Low
Veronica Guerin,2003,6.8,59,Drama Crime Thriller,23,2000,Average,Low
Escobar: Paradise Lost,2014,6.1,271,Thriller Romance,12,2010,Average,Low
Southland Tales,2006,5.2,153,Action Adventure Comedy Drama Science Fiction,20,2000,Poor,Low
Dragon Hunters,2008,6.5,129,Animation Family,18,2000,Average,Low
The Apparition,2012,4.5,140,Horror Thriller,14,2010,Poor,Low
My Girl,1991,7.0,428,Comedy Drama Family,35,1990,Average,Low
Fur: An Imaginary Portrait Of Diane Arbus,2006,5.8,73,Drama Mystery Romance,20,2000,Poor,Low
Wall Street,1987,7.0,546,Crime Drama,39,1980,Average,Low
Sense And Sensibility,1995,7.2,352,Drama Romance,31,1990,Good,Low
Becoming Jane,2007,6.9,317,Drama Romance,19,2000,Average,Low
Sydney White,2007,6.0,236,Comedy,19,2000,Poor,Low
House Of Sand And Fog,2003,7.0,199,Drama,23,2000,Average,Low
Dead Poets Society,1989,8.1,2705,Drama,37,1980,Excellent,Moderate
Dumb And Dumber,1994,6.5,1859,Comedy,32,1990,Average,Moderate
When Harry Met Sally...,1989,7.3,950,Comedy Romance Drama,37,1980,Good,Low
The Verdict,1982,7.4,131,Drama,44,1980,Good,Low
Road Trip,2000,5.9,542,Comedy Adventure,26,2000,Poor,Low
Varsity Blues,1999,6.0,122,Comedy Drama Romance,27,1990,Poor,Low
The Artist,2011,7.3,1049,Drama Comedy Romance,15,2010,Good,Moderate
The Unborn,2009,4.8,365,Horror Thriller Mystery,17,2000,Poor,Low
Moonrise Kingdom,2012,7.6,1662,Comedy Drama Romance,14,2010,Good,Moderate
The Texas Chainsaw Massacre: The Beginning,2006,5.9,402,Horror,20,2000,Poor,Low
The Young Messiah,2016,6.4,30,Drama,10,2010,Average,Low
The Master Of Disguise,2002,3.7,78,Comedy Family,24,2000,Poor,Low
Pan'S Labyrinth,2006,7.6,3041,Fantasy Drama War,20,2000,Good,Moderate
See Spot Run,2001,4.8,44,Action Comedy Family,25,2000,Poor,Low
Baby Boy,2001,7.4,55,Crime Drama Romance,25,2000,Good,Low
The Roommate,2011,5.3,224,Thriller Drama Horror,15,2010,Poor,Low
Joe Dirt,2001,5.5,242,Mystery Adventure Comedy Romance Drama,25,2000,Poor,Low
Double Impact,1991,5.3,215,Thriller Action Crime Drama,35,1990,Poor,Low
Hot Fuzz,2007,7.4,2199,Crime Action Comedy,19,2000,Good,Moderate
The Women,2008,4.6,96,Comedy Drama Romance,18,2000,Poor,Low
Vicky Cristina Barcelona,2008,6.7,1020,Drama Romance,18,2000,Average,Moderate
Arn: The Knight Templar,2007,6.4,76,Action Adventure Drama Romance,19,2000,Average,Low
Boys And Girls,2000,5.4,103,Comedy Drama Romance,26,2000,Poor,Low
White Oleander,2002,7.2,108,Drama,24,2000,Good,Low
Jennifer'S Body,2009,5.3,837,Comedy Horror,17,2000,Poor,Low
Drowning Mona,2000,5.4,43,Comedy Crime Mystery,26,2000,Poor,Low
Radio Days,1987,7.0,127,Comedy Drama,39,1980,Average,Low
Remember Me,2010,6.9,948,Drama Romance,16,2010,Average,Low
How To Deal,2003,5.7,42,Drama Comedy Romance,23,2000,Poor,Low
My Stepmother Is An Alien,1988,5.3,131,Comedy Science Fiction,38,1980,Poor,Low
Philadelphia,1993,7.6,988,Drama,33,1990,Good,Low
The Thirteenth Floor,1999,6.8,378,Thriller Science Fiction Mystery,27,1990,Average,Low
The Cookout,2004,4.6,10,Comedy Drama,22,2000,Poor,Low
Duets,2000,5.5,34,Comedy Drama Music,26,2000,Poor,Low
Hollywood Ending,2002,6.4,113,Comedy Drama,24,2000,Average,Low
Detroit Rock City,1999,6.7,100,Comedy Music,27,1990,Average,Low
Highlander,1986,6.8,624,Adventure Action Fantasy,40,1980,Average,Low
Things We Lost In The Fire,2007,6.7,90,Drama,19,2000,Average,Low
Steel,1997,4.3,48,Science Fiction Action Adventure,29,1990,Poor,Low
The Immigrant,2013,6.2,250,Drama Romance,13,2010,Average,Low
The White Countess,2005,6.9,21,Drama History Family Romance,21,2000,Average,Low
Trance,2013,6.5,956,Thriller Crime Drama Mystery,13,2010,Average,Low
Soul Plane,2004,4.7,108,Romance Comedy,22,2000,Poor,Low
Welcome To The Sticks,2008,6.8,615,Comedy,18,2000,Average,Low
Good,2008,6.3,29,Drama,18,2000,Average,Low
Enter The Void,2009,7.2,387,Fantasy Drama,17,2000,Good,Low
Vamps,2012,4.8,91,Comedy Romance Horror,14,2010,Poor,Low
Hachi: A Dog'S Tale,2009,7.7,1717,Drama Family,17,2000,Good,Moderate
Zulu,2013,6.7,172,Crime Drama Thriller,13,2010,Average,Low
The Homesman,2014,6.4,258,Western Drama,12,2010,Average,Low
Juwanna Mann,2002,4.2,20,Comedy Drama,24,2000,Poor,Low
Ararat,2002,5.7,16,War Drama,24,2000,Poor,Low
Slow Burn,2005,5.5,16,Mystery Crime Drama Thriller,21,2000,Poor,Low
Wasabi,2001,6.2,283,Drama Action Comedy,25,2000,Average,Low
Slither,2006,6.3,317,Comedy Horror Science Fiction,20,2000,Average,Low
Beverly Hills Cop,1984,6.8,961,Action Comedy Crime,42,1980,Average,Low
Home Alone,1990,7.1,2414,Comedy Family,36,1990,Good,Moderate
Three Men And A Baby,1987,5.8,253,Family Comedy Drama,39,1980,Poor,Low
Tootsie,1982,6.9,421,Comedy Romance,44,1980,Average,Low
Top Gun,1986,6.7,1698,Action Romance War,40,1980,Average,Moderate
"Crouching Tiger, Hidden Dragon",2000,7.2,927,Adventure Drama Action Romance,26,2000,Good,Low
American Beauty,1999,7.9,3313,Drama,27,1990,Good,Moderate
The King'S Speech,2010,7.6,2752,Drama History,16,2010,Good,Moderate
Twins,1988,5.7,559,Comedy,38,1980,Poor,Low
The Yellow Handkerchief,2008,6.4,52,Drama Romance,18,2000,Average,Low
The Color Purple,1985,7.7,338,Drama,41,1980,Good,Low
Tidal Wave,2009,6.5,48,Action Adventure Drama Thriller,17,2000,Average,Low
The Imitation Game,2014,8.0,5723,History Drama Thriller War,12,2010,Good,Moderate
Private Benjamin,1980,6.0,102,Comedy,46,1980,Poor,Low
Coal Miner'S Daughter,1980,7.2,67,Drama Music,46,1980,Good,Low
Diary Of A Wimpy Kid,2010,5.9,355,Comedy Family,16,2010,Poor,Low
Mama,2013,6.0,1401,Horror,13,2010,Poor,Moderate
National Lampoon'S Vacation,1983,7.1,410,Comedy Adventure Romance,43,1980,Good,Low
Bad Grandpa,2013,6.0,680,Comedy,13,2010,Poor,Low
The Queen,2006,6.8,338,Drama,20,2000,Average,Low
Beetlejuice,1988,7.1,1444,Fantasy Comedy,38,1980,Good,Moderate
Why Did I Get Married?,2007,6.1,33,Comedy Drama,19,2000,Average,Low
Little Women,1994,7.0,215,Drama Romance,32,1990,Average,Low
The Woman In Black,2012,6.1,1206,Drama Horror Thriller,14,2010,Average,Moderate
When A Stranger Calls,2006,5.4,268,Horror Thriller,20,2000,Poor,Low
Big Fat Liar,2002,5.6,197,Comedy Family,24,2000,Poor,Low
Wag The Dog,1997,6.7,270,Comedy Drama,29,1990,Average,Low
The Lizzie Mcguire Movie,2003,5.7,280,Family Comedy,23,2000,Poor,Low
Snitch,2013,5.8,1138,Thriller Drama,13,2010,Poor,Moderate
Krampus,2015,5.9,584,Horror Comedy Fantasy,11,2010,Poor,Low
The Faculty,1998,6.2,492,Horror Mystery Science Fiction,28,1990,Average,Low
What'S Love Got To Do With It,1993,6.9,72,Drama Music,33,1990,Average,Low
Cop Land,1997,6.6,382,Action Crime Drama,29,1990,Average,Low
Not Another Teen Movie,2001,5.5,431,Comedy,25,2000,Poor,Low
End Of Watch,2012,7.2,1170,Crime Drama Thriller,14,2010,Good,Moderate
The Skulls,2000,5.8,156,Crime Drama Thriller,26,2000,Poor,Low
The Theory Of Everything,2014,7.8,3311,Drama Romance,12,2010,Good,Moderate
Malibu'S Most Wanted,2003,4.7,77,Comedy Crime,23,2000,Poor,Low
Where The Heart Is,2000,6.9,155,Comedy Drama Romance,26,2000,Average,Low
Halloween Ii,2009,5.1,267,Horror,17,2000,Poor,Low
Wild,2014,7.0,951,Drama,12,2010,Average,Low
The Last House On The Left,2009,6.2,440,Crime Thriller Horror Drama,17,2000,Average,Low
The Wedding Date,2005,6.2,230,Comedy Romance,21,2000,Average,Low
Halloween: Resurrection,2002,4.5,228,Horror Thriller,24,2000,Poor,Low
The Princess Bride,1987,7.6,1486,Adventure Family Fantasy Comedy Romance,39,1980,Good,Moderate
The Great Debaters,2007,6.9,151,Drama,19,2000,Average,Low
Drive,2011,7.4,3725,Drama Action Thriller Crime,15,2010,Good,Moderate
Confessions Of A Teenage Drama Queen,2004,5.1,221,Comedy,22,2000,Poor,Low
The Object Of My Affection,1998,5.6,72,Comedy Drama Romance,28,1990,Poor,Low
28 Weeks Later,2007,6.5,1197,Horror Thriller Science Fiction,19,2000,Average,Moderate
When The Game Stands Tall,2014,6.3,130,Drama,12,2010,Average,Low
Because Of Winn-Dixie,2005,6.1,61,Comedy Drama Family,21,2000,Average,Low
Love & Basketball,2000,7.4,88,Action Comedy Drama Romance,26,2000,Good,Low
Grosse Pointe Blank,1997,6.9,275,Action Comedy Thriller Romance,29,1990,Average,Low
All About Steve,2009,4.7,295,Comedy,17,2000,Poor,Low
Book Of Shadows: Blair Witch 2,2000,4.3,212,Mystery Thriller Horror,26,2000,Poor,Low
The Craft,1996,6.3,380,Drama Fantasy Horror Thriller,30,1990,Average,Low
Match Point,2005,7.3,1105,Drama Thriller Crime Romance,21,2000,Good,Moderate
Ramona And Beezus,2010,6.1,245,Comedy Family,16,2010,Average,Low
The Remains Of The Day,1993,7.5,202,Drama Romance,33,1990,Good,Low
Boogie Nights,1997,7.5,796,Drama,29,1990,Good,Low
Nowhere To Run,1993,5.5,119,Action Adventure Drama Thriller,33,1990,Poor,Low
Flicka,2006,6.1,52,Drama,20,2000,Average,Low
The Hills Have Eyes 2,2007,5.2,351,Horror Thriller,19,2000,Poor,Low
Urban Legends: Final Cut,2000,4.4,100,Horror,26,2000,Poor,Low
Tuck Everlasting,2002,6.4,128,Fantasy Drama Science Fiction Romance Family,24,2000,Average,Low
The Marine,2006,5.0,163,Action Adventure Drama Thriller,20,2000,Poor,Low
Keanu,2016,6.0,421,Action Comedy,10,2010,Poor,Low
Country Strong,2010,5.9,80,Drama Romance,16,2010,Poor,Low
Disturbing Behavior,1998,5.5,104,Mystery Horror Science Fiction,28,1990,Poor,Low
The Place Beyond The Pines,2013,6.8,1653,Drama Crime,13,2010,Average,Moderate
The November Man,2014,6.0,639,Crime Action Thriller,12,2010,Poor,Low
Eye Of The Beholder,1999,5.3,42,Drama Mystery Thriller,27,1990,Poor,Low
The Hurt Locker,2008,7.2,1840,Drama Thriller War,18,2000,Good,Moderate
Firestarter,1984,5.9,173,Fantasy Drama Horror Action Thriller,42,1980,Poor,Low
Killing Them Softly,2012,5.8,742,Crime Thriller,14,2010,Poor,Low
A Most Wanted Man,2014,6.5,541,Thriller,12,2010,Average,Low
Freddy Got Fingered,2001,4.6,115,Comedy,25,2000,Poor,Low
Veggietales: The Pirates Who Don'T Do Anything,2008,5.9,25,Adventure Animation Comedy Science Fiction Family,18,2000,Poor,Low
U2 3D,2007,6.7,10,Music Documentary,19,2000,Average,Low
Highlander: Endgame,2000,4.4,104,Action Fantasy Science Fiction,26,2000,Poor,Low
Idlewild,2006,5.1,17,Crime Drama Music,20,2000,Poor,Low
One Day,2011,7.0,978,Drama Romance,15,2010,Average,Low
Whip It,2009,6.7,357,Drama,17,2000,Average,Low
Knockaround Guys,2001,5.9,97,Crime Thriller,25,2000,Poor,Low
Confidence,2003,6.4,126,Action Comedy Thriller Crime,23,2000,Average,Low
The Muse,1999,5.3,31,Fantasy Comedy,27,1990,Poor,Low
De-Lovely,2004,6.3,32,Drama Music,22,2000,Average,Low
New York Stories,1989,6.2,64,Comedy Drama Romance,37,1980,Average,Low
The Man With The Iron Fists,2012,5.2,358,Action,14,2010,Poor,Low
Home Fries,1998,4.8,32,Drama Comedy Romance,28,1990,Poor,Low
Here On Earth,2000,5.4,48,Romance,26,2000,Poor,Low
Brazil,1985,7.5,861,Comedy Science Fiction,41,1980,Good,Low
Raise Your Voice,2004,6.0,211,Music Drama Romance,22,2000,Poor,Low
The Big Lebowski,1998,7.8,2926,Comedy Crime,28,1990,Good,Moderate
Black Snake Moan,2006,6.6,243,Drama,20,2000,Average,Low
Dark Blue,2002,6.5,85,Action Crime Drama Thriller,24,2000,Average,Low
A Mighty Heart,2007,6.7,95,Drama Thriller,19,2000,Average,Low
Whatever It Takes,2000,5.0,37,Drama Comedy Romance,26,2000,Poor,Low
Boat Trip,2002,4.7,146,Comedy,24,2000,Poor,Low
The Importance Of Being Earnest,2002,6.7,127,Comedy Drama History Romance,24,2000,Average,Low
Hoot,2006,5.5,44,Drama Family,20,2000,Poor,Low
In Bruges,2008,7.4,1388,Comedy Drama Crime,18,2000,Good,Moderate
Peeples,2013,5.6,26,Comedy,13,2010,Poor,Low
The Rocker,2008,5.6,156,Comedy Music,18,2000,Poor,Low
Post Grad,2009,5.0,100,Comedy,17,2000,Poor,Low
Promised Land,2012,6.0,243,Drama,14,2010,Poor,Low
Whatever Works,2009,6.8,350,Comedy Romance,17,2000,Average,Low
The In Crowd,2000,4.7,15,Thriller,26,2000,Poor,Low
The Three Burials Of Melquiades Estrada,2005,7.0,177,Adventure Crime Drama Mystery Western,21,2000,Average,Low
Jakob The Liar,1999,6.0,90,Comedy Drama History,27,1990,Poor,Low
Kiss Kiss Bang Bang,2005,7.2,886,Action Comedy Crime Mystery,21,2000,Good,Low
Idle Hands,1999,6.1,182,Thriller Comedy Horror,27,1990,Average,Low
Mulholland Drive,2001,7.6,1477,Thriller Drama Mystery,25,2000,Good,Moderate
Blood And Chocolate,2007,5.4,87,Drama Fantasy Horror Romance,19,2000,Poor,Low
You Will Meet A Tall Dark Stranger,2010,5.8,251,Comedy Drama Romance,16,2010,Poor,Low
Never Let Me Go,2010,6.8,737,Drama Romance Science Fiction,16,2010,Average,Low
The Company,2007,7.0,12,Drama,19,2000,Average,Low
Transsiberian,2008,6.5,195,Thriller Crime Mystery,18,2000,Average,Low
The Clan Of The Cave Bear,1986,4.8,27,Adventure Drama,40,1980,Poor,Low
Crazy In Alabama,1999,6.5,12,Comedy Drama,27,1990,Average,Low
Funny Games,2007,6.3,545,Horror Thriller Crime,19,2000,Average,Low
Listening,2015,5.5,31,Drama Thriller Science Fiction,11,2010,Poor,Low
Felicia'S Journey,1999,6.6,23,Drama,27,1990,Average,Low
District B13,2004,6.5,565,Action Thriller Science Fiction,22,2000,Average,Low
Things To Do In Denver When You'Re Dead,1995,6.7,85,Drama Crime,31,1990,Average,Low
The Assassin,2015,6.6,157,Action Drama History,11,2010,Average,Low
Buffalo Soldiers,2001,6.5,93,Drama Comedy War Crime Thriller,25,2000,Average,Low
The Return,2003,7.4,100,Thriller Drama Mystery,23,2000,Good,Low
Ong Bak 2,2008,6.0,152,Adventure Action Thriller,18,2000,Poor,Low
Centurion,2010,5.9,386,Adventure Action Drama,16,2010,Poor,Low
Silent Trigger,1996,5.0,22,Drama Action Thriller,30,1990,Poor,Low
The Midnight Meat Train,2008,6.0,290,Mystery Drama Crime Thriller Horror,18,2000,Poor,Low
The Son Of No One,2011,4.8,92,Drama Thriller Crime,15,2010,Poor,Low
The Good Night,2007,5.7,41,Comedy Drama Romance Fantasy Music,19,2000,Poor,Low
Bathory: Countess Of Blood,2008,5.6,31,Drama Fantasy,18,2000,Poor,Low
Khumba,2013,5.8,72,Animation Adventure Family,13,2010,Poor,Low
Automata,2014,5.6,670,Thriller Science Fiction,12,2010,Poor,Low
Dungeons & Dragons: Wrath Of The Dragon God,2005,4.8,36,Action Adventure Fantasy,21,2000,Poor,Low
Chiamatemi Francesco - Il Papa Della Gente,2015,7.3,12,Drama,11,2010,Good,Low
Shinjuku Incident,2009,6.7,65,Drama Action Thriller Crime,17,2000,Average,Low
Groundhog Day,1993,7.4,2301,Romance Fantasy Drama Comedy,33,1990,Good,Moderate
Magic Mike Xxl,2015,6.3,706,Comedy Drama Music,11,2010,Average,Low
Romeo + Juliet,1996,6.7,1374,Drama Romance,30,1990,Average,Moderate
Sarah'S Key,2010,7.2,196,Drama War,16,2010,Good,Low
Unforgiven,1992,7.7,1113,Western,34,1990,Good,Moderate
Manderlay,2005,6.9,78,Drama,21,2000,Average,Low
Slumdog Millionaire,2008,7.6,2827,Drama Romance,18,2000,Good,Moderate
Fatal Attraction,1987,6.6,291,Drama Romance Thriller,39,1980,Average,Low
Pretty Woman,1990,7.0,1746,Romance Comedy,36,1990,Average,Moderate
Crocodile Dundee Ii,1988,5.5,303,Adventure Comedy,38,1980,Poor,Low
Broken Horses,2015,5.0,10,Thriller Mystery Drama Crime,11,2010,Poor,Low
Born On The Fourth Of July,1989,6.7,395,Drama War,37,1980,Average,Low
Cool Runnings,1993,6.8,491,Comedy,33,1990,Average,Low
My Bloody Valentine,2009,5.3,299,Mystery Horror,17,2000,Poor,Low
Stomp The Yard,2007,6.1,88,Drama Music,19,2000,Average,Low
Urban Legend,1998,5.6,290,Horror Thriller,28,1990,Poor,Low
Good Deeds,2012,6.2,45,Comedy Drama Romance,14,2010,Average,Low
White Fang,1991,6.5,135,Action Adventure Drama Family,35,1990,Average,Low
Superstar,1999,5.1,83,Comedy Family,27,1990,Poor,Low
The Iron Lady,2011,6.2,527,History Drama,15,2010,Average,Low
Jonah: A Veggietales Movie,2002,6.4,22,Action Adventure Animation Comedy Family,24,2000,Average,Low
Poetic Justice,1993,6.9,47,Drama Romance,33,1990,Average,Low
All About The Benjamins,2002,5.8,48,Action Adventure Comedy,24,2000,Poor,Low
Vampire In Brooklyn,1995,4.5,111,Comedy Horror Romance,31,1990,Poor,Low
An American Haunting,2005,5.3,142,Horror Thriller,21,2000,Poor,Low
My Boss'S Daughter,2003,4.4,180,Comedy Romance,23,2000,Poor,Low
A Perfect Getaway,2009,6.2,351,Thriller Mystery Adventure,17,2000,Average,Low
Our Family Wedding,2010,5.7,39,Comedy,16,2010,Poor,Low
Dead Man On Campus,1998,5.6,49,Comedy,28,1990,Poor,Low
Tea With Mussolini,1999,5.8,32,Comedy Drama War,27,1990,Poor,Low
Thinner,1996,5.5,124,Horror Thriller,30,1990,Poor,Low
Crooklyn,1994,6.7,31,Comedy Drama,32,1990,Average,Low
I Think I Love My Wife,2007,5.0,55,Comedy Romance,19,2000,Poor,Low
Jason X,2001,4.5,291,Horror Science Fiction,25,2000,Poor,Low
Bobby,2006,6.4,119,History Drama,20,2000,Average,Low
Head Over Heels,2001,5.3,73,Comedy Romance,25,2000,Poor,Low
Fun Size,2012,5.5,134,Comedy,14,2010,Poor,Low
The Diving Bell And The Butterfly,2007,7.4,283,Drama,19,2000,Good,Low
Little Children,2006,6.9,240,Romance Drama,20,2000,Average,Low
Gossip,2000,5.5,68,Drama Mystery Thriller,26,2000,Poor,Low
A Walk On The Moon,1999,6.2,21,Drama Romance,27,1990,Average,Low
Catch A Fire,2006,6.4,25,Action Drama Thriller,20,2000,Average,Low
Soul Survivors,2001,4.4,49,Horror Mystery Thriller,25,2000,Poor,Low
Jefferson In Paris,1995,5.2,10,Drama Romance,31,1990,Poor,Low
Easy Virtue,2008,6.3,108,Comedy Romance,18,2000,Average,Low
Mr. Turner,2014,6.3,204,History Drama,12,2010,Average,Low
Wild Grass,2009,5.8,22,Drama Romance,17,2000,Poor,Low
Amen.,2002,7.1,75,Drama History,24,2000,Good,Low
Reign Of Assassins,2010,6.7,57,History Action,16,2010,Average,Low
The Lucky Ones,2008,6.3,55,Comedy Drama History,18,2000,Average,Low
Margaret,2011,6.1,86,Drama,15,2010,Average,Low
Stan Helsing,2009,4.0,97,Comedy Horror,17,2000,Poor,Low
Flipped,2010,7.4,418,Romance Drama,16,2010,Good,Low
Brokeback Mountain,2005,7.5,1480,Drama Romance,21,2000,Good,Moderate
Clueless,1995,6.9,803,Comedy Drama Romance,31,1990,Average,Low
Far From Heaven,2002,6.9,144,Drama Romance,24,2000,Average,Low
Hot Tub Time Machine 2,2015,5.0,354,Comedy,11,2010,Poor,Low
Quills,2000,6.8,128,Drama,26,2000,Average,Low
Seven Psychopaths,2012,6.7,1206,Comedy Crime,14,2010,Average,Moderate
The Caveman'S Valentine,2001,6.0,27,Drama Mystery Thriller,25,2000,Poor,Low
Downfall,2004,7.7,1037,Drama History War,22,2000,Good,Moderate
The Sea Inside,2004,7.2,219,Drama,22,2000,Good,Low
Under The Skin,2014,6.0,1102,Thriller Science Fiction Drama,12,2010,Poor,Moderate
"Good Morning, Vietnam",1987,7.1,642,Comedy Drama War,39,1980,Good,Low
Justin Bieber: Never Say Never,2011,4.8,154,Documentary Music Family,15,2010,Poor,Low
Black Swan,2010,7.3,4430,Drama Thriller,16,2010,Good,Moderate
Save The Last Dance,2001,6.3,352,Drama Family Romance Music,25,2000,Average,Low
A Nightmare On Elm Street 4: The Dream Master,1988,5.8,281,Horror Thriller,38,1980,Poor,Low
Miracles From Heaven,2016,6.7,186,Drama,10,2010,Average,Low
"Dude, Where’S My Car?",2000,5.2,509,Comedy,26,2000,Poor,Low
Young Guns,1988,6.6,258,Crime Action Adventure Drama Western,38,1980,Average,Low
St. Vincent,2014,7.1,763,Comedy,12,2010,Good,Low
About Last Night,2014,6.0,210,Comedy Romance,12,2010,Poor,Low
10 Things I Hate About You,1999,7.3,1701,Comedy Romance Drama,27,1990,Good,Moderate
The New Guy,2002,5.7,151,Comedy Family,24,2000,Poor,Low
National Lampoon'S Loaded Weapon 1,1993,5.7,157,Comedy,33,1990,Poor,Low
The Shallows,2016,6.2,1567,Horror Drama Thriller,10,2010,Average,Moderate
The Butterfly Effect,2004,7.3,2060,Science Fiction Thriller,22,2000,Good,Moderate
Snow Day,2000,4.8,51,Comedy Family,26,2000,Poor,Low
This Christmas,2007,7.1,29,Comedy Drama,19,2000,Good,Low
Baby Geniuses,1999,3.3,75,Science Fiction Comedy Family,27,1990,Poor,Low
The Big Hit,1998,6.1,109,Action Adventure Comedy Thriller,28,1990,Average,Low
Harriet The Spy,1996,5.7,46,Comedy Drama Family,30,1990,Poor,Low
Child'S Play 2,1990,5.8,308,Drama Horror,36,1990,Poor,Low
No Good Deed,2014,5.6,181,Crime Thriller,12,2010,Poor,Low
The Mist,2007,6.7,1399,Science Fiction Horror Thriller,19,2000,Average,Moderate
Ex Machina,2015,7.6,4737,Drama Science Fiction,11,2010,Good,Moderate
Being John Malkovich,1999,7.3,1101,Fantasy Drama Comedy,27,1990,Good,Moderate
Two Can Play That Game,2001,6.6,17,Comedy Romance,25,2000,Average,Low
Earth To Echo,2014,5.7,290,Family Adventure Science Fiction,12,2010,Poor,Low
Crazy/Beautiful,2001,6.6,96,Drama Romance,25,2000,Average,Low
Letters From Iwo Jima,2006,7.2,541,Action Adventure Drama War,20,2000,Good,Low
The Astronaut Farmer,2006,6.2,123,Adventure Comedy Drama Science Fiction,20,2000,Average,Low
Woo,1998,5.5,10,Comedy Romance,28,1990,Poor,Low
Room,2015,8.1,2757,Drama Thriller,11,2010,Excellent,Moderate
Dirty Work,1998,6.5,66,Comedy,28,1990,Average,Low
Serial Mom,1994,6.4,135,Comedy Crime Horror Thriller,32,1990,Average,Low
Dick,1999,5.7,67,Comedy,27,1990,Poor,Low
54,1998,5.5,135,Music Drama,28,1990,Poor,Low
Bubble Boy,2001,5.1,163,Adventure Comedy Drama Romance,25,2000,Poor,Low
Birthday Girl,2001,6.1,103,Comedy Crime Thriller,25,2000,Average,Low
21 & Over,2013,5.7,737,Comedy,13,2010,Poor,Low
"Paris, Je T'Aime",2006,6.8,207,Drama Romance,20,2000,Average,Low
Resurrecting The Champ,2007,5.9,60,Drama,19,2000,Poor,Low
Admission,2013,5.4,304,Comedy Drama Romance,13,2010,Poor,Low
The Widow Of Saint-Pierre,2000,6.7,11,Romance Drama,26,2000,Average,Low
Chloe,2009,5.9,498,Drama Thriller Mystery,17,2000,Poor,Low
Find Me Guilty,2006,6.5,138,Drama Action Comedy Crime,20,2000,Average,Low
The Perks Of Being A Wallflower,2012,7.7,2968,Drama Romance,14,2010,Good,Moderate
Excessive Force,1993,4.5,10,Action,33,1990,Poor,Low
Infamous,2006,6.4,60,Drama,20,2000,Average,Low
The Claim,2000,5.6,17,Drama Romance Western,26,2000,Poor,Low
The Vatican Tapes,2015,4.6,243,Thriller Horror,11,2010,Poor,Low
Attack The Block,2011,6.3,733,Action Comedy Science Fiction,15,2010,Average,Low
In The Land Of Blood And Honey,2011,5.8,45,Drama Romance War,15,2010,Poor,Low
The Call,2013,6.6,1257,Crime Thriller,13,2010,Average,Moderate
Operation Chromite,2016,5.8,29,History Drama War Action,10,2010,Poor,Low
The Crocodile Hunter: Collision Course,2002,5.3,34,Family Action Adventure,24,2000,Poor,Low
I Love You Phillip Morris,2009,6.4,503,Comedy Drama Romance,17,2000,Average,Low
Quest For Fire,1981,7.1,109,Adventure Drama,45,1980,Good,Low
Antwone Fisher,2002,6.7,137,Drama Romance,24,2000,Average,Low
The Emperor'S Club,2002,6.9,96,Drama Romance,24,2000,Average,Low
True Romance,1993,7.5,749,Action Thriller Crime Romance,33,1990,Good,Low
Womb,2010,5.9,92,Romance Science Fiction,16,2010,Poor,Low
Glengarry Glen Ross,1992,7.5,323,Crime Drama Mystery,34,1990,Good,Low
The Killer Inside Me,2010,6.0,173,Crime Drama Thriller,16,2010,Poor,Low
Cat People,1982,6.0,94,Drama Fantasy Horror Thriller,44,1980,Poor,Low
Sorority Row,2009,5.4,177,Horror Mystery Thriller,17,2000,Poor,Low
Lars And The Real Girl,2007,7.1,509,Comedy Romance Drama,19,2000,Good,Low
The Boy In The Striped Pyjamas,2008,7.7,1451,War Drama,18,2000,Good,Moderate
Dancer In The Dark,2000,7.6,377,Drama Crime Music,26,2000,Good,Low
Oscar And Lucinda,1997,6.2,25,Drama Romance,29,1990,Average,Low
The Funeral,1996,7.3,31,Crime Drama,30,1990,Good,Low
Solitary Man,2009,5.8,84,Comedy Drama Romance,17,2000,Poor,Low
Machete,2010,6.3,1150,Action Comedy Thriller,16,2010,Average,Moderate
Casino Jack,2010,6.0,94,Crime Comedy Drama,16,2010,Poor,Low
The Land Before Time,1988,7.0,640,Animation Adventure Family,38,1980,Average,Low
Tae Guk Gi: The Brotherhood Of War,2004,7.4,133,Action Adventure Drama History War,22,2000,Good,Low
The Perfect Game,2010,6.3,30,Drama Family,16,2010,Average,Low
American Pie,1999,6.4,2296,Comedy Romance,27,1990,Average,Moderate
Ernest & Celestine,2012,7.6,142,Animation Comedy Drama Family,14,2010,Good,Low
The Golden Child,1986,5.6,304,Action Adventure Comedy,40,1980,Poor,Low
Think Like A Man,2012,6.9,281,Comedy Romance,14,2010,Average,Low
Barbershop,2002,6.2,137,Comedy Drama,24,2000,Average,Low
Star Trek Ii: The Wrath Of Khan,1982,7.3,675,Action Adventure Science Fiction Thriller,44,1980,Good,Low
Ace Ventura: Pet Detective,1994,6.4,1648,Comedy Mystery,32,1990,Average,Moderate
Wargames,1983,7.0,504,Thriller Science Fiction,43,1980,Average,Low
Witness,1985,7.0,375,Crime Drama Romance Thriller,41,1980,Average,Low
Act Of Valor,2012,6.3,417,Action Thriller War,14,2010,Average,Low
Step Up,2006,6.7,1060,Music Drama Romance Crime,20,2000,Average,Moderate
Beavis And Butt-Head Do America,1996,6.5,168,Animation Comedy,30,1990,Average,Low
Jackie Brown,1997,7.3,1514,Comedy Crime Romance,29,1990,Good,Moderate
Harold & Kumar Escape From Guantanamo Bay,2008,6.2,497,Comedy Adventure,18,2000,Average,Low
Chronicle,2012,6.6,1935,Science Fiction Drama Thriller,14,2010,Average,Moderate
Yentl,1983,6.2,51,Music Drama Romance,43,1980,Average,Low
Time Bandits,1981,6.6,249,Family Fantasy Science Fiction Adventure Comedy,45,1980,Average,Low
Crossroads,2002,4.7,158,Action Adventure Comedy Drama Family,24,2000,Poor,Low
Project X,2012,6.5,1564,Comedy Crime,14,2010,Average,Moderate
One Hour Photo,2002,6.6,435,Horror Thriller,24,2000,Average,Low
Quarantine,2008,5.5,339,Horror Science Fiction Thriller,18,2000,Poor,Low
The Eye,2008,5.5,281,Drama Horror Thriller,18,2000,Poor,Low
Johnson Family Vacation,2004,4.7,30,Comedy Family,22,2000,Poor,Low
How High,2001,6.3,218,Comedy,25,2000,Average,Low
The Muppet Christmas Carol,1992,7.2,212,Comedy Family Fantasy Drama,34,1990,Good,Low
Frida,2002,7.3,383,Drama Romance,24,2000,Good,Low
Katy Perry: Part Of Me,2012,6.5,85,Documentary Music,14,2010,Average,Low
The Fault In Our Stars,2014,7.6,3759,Romance Drama,12,2010,Good,Moderate
Rounders,1998,6.9,439,Drama Crime,28,1990,Average,Low
Top Five,2014,6.3,210,Drama Comedy,12,2010,Average,Low
Stir Of Echoes,1999,6.5,330,Horror Mystery Thriller,27,1990,Average,Low
Philomena,2013,7.4,579,Drama,13,2010,Good,Low
The Upside Of Anger,2005,6.4,72,Comedy Drama,21,2000,Average,Low
Aquamarine,2006,5.8,364,Fantasy Romance Family Comedy,20,2000,Poor,Low
Paper Towns,2015,6.1,1937,Drama Mystery Romance,11,2010,Average,Moderate
My Baby'S Daddy,2004,4.3,15,Comedy,22,2000,Poor,Low
Nebraska,2013,7.4,636,Drama Adventure,13,2010,Good,Low
Tales From The Crypt: Demon Knight,1995,6.7,94,Horror Comedy Thriller,31,1990,Average,Low
Max Keeble'S Big Move,2001,5.4,33,Comedy Family Fantasy Science Fiction,25,2000,Poor,Low
Young Adult,2011,5.6,364,Comedy Drama,15,2010,Poor,Low
Crank,2006,6.6,1151,Action Thriller Crime,20,2000,Average,Moderate
Living Out Loud,1998,5.3,11,Comedy Drama Romance,28,1990,Poor,Low
Just Wright,2010,6.1,99,Comedy Drama Romance,16,2010,Average,Low
Rachel Getting Married,2008,6.1,163,Drama,18,2000,Average,Low
The Postman Always Rings Twice,1981,6.4,110,Romance Crime Drama,45,1980,Average,Low
Girl With A Pearl Earring,2003,6.4,377,Drama Romance,23,2000,Average,Low
Das Boot,1981,7.9,613,Action Drama History War Adventure,45,1980,Good,Low
Sorority Boys,2002,4.6,47,Comedy,24,2000,Poor,Low
About Time,2013,7.8,2067,Comedy Drama Science Fiction,13,2010,Good,Moderate
House Of Flying Daggers,2004,7.1,439,Adventure Drama Action Romance,22,2000,Good,Low
Arbitrage,2012,6.1,294,Drama Thriller,14,2010,Average,Low
Project Almanac,2015,6.4,933,Science Fiction Thriller,11,2010,Average,Low
Cadillac Records,2008,6.9,86,Drama History Music,18,2000,Average,Low
Screwed,2000,4.9,23,Action Comedy,26,2000,Poor,Low
Fortress,1992,5.7,168,Action Thriller Science Fiction,34,1990,Poor,Low
For Your Consideration,2006,5.9,43,Comedy Drama,20,2000,Poor,Low
Celebrity,1998,6.0,111,Drama Comedy,28,1990,Poor,Low
Running With Scissors,2006,5.8,78,Drama Comedy,20,2000,Poor,Low
From Justin To Kelly,2003,3.0,23,Comedy Romance,23,2000,Poor,Low
Girl 6,1996,5.7,16,Comedy,30,1990,Poor,Low
In The Cut,2003,4.6,89,Mystery Thriller,23,2000,Poor,Low
Two Lovers,2008,6.6,154,Drama Romance,18,2000,Average,Low
Last Orders,2001,6.0,22,Comedy Drama,25,2000,Poor,Low
The Host,2006,6.7,537,Horror Drama Science Fiction,20,2000,Average,Low
Ravenous,1999,6.9,141,Comedy Horror Thriller Western,27,1990,Average,Low
Charlie Bartlett,2008,6.5,225,Comedy Drama,18,2000,Average,Low
The Great Beauty,2013,7.3,720,Comedy Drama,13,2010,Good,Low
The Dangerous Lives Of Altar Boys,2002,6.4,53,Comedy Drama,24,2000,Average,Low
Stoker,2013,6.5,882,Drama Horror Thriller,13,2010,Average,Low
2046,2004,6.9,206,Fantasy Drama Science Fiction Romance,22,2000,Average,Low
Married Life,2007,6.1,38,Crime Drama Romance,19,2000,Average,Low
Duma,2005,6.9,41,Adventure Drama Family,21,2000,Average,Low
Ondine,2009,6.5,84,Drama Romance,17,2000,Average,Low
Brother,2000,6.8,107,Crime Drama Thriller,26,2000,Average,Low
Welcome To Collinwood,2002,6.2,50,Comedy,24,2000,Average,Low
The Life Before Her Eyes,2007,6.1,88,Thriller Drama Mystery,19,2000,Average,Low
Darling Companion,2012,5.3,22,Drama Romance,14,2010,Poor,Low
Trade,2007,6.8,67,Drama Thriller,19,2000,Average,Low
Fateless,2005,6.5,28,War Drama,21,2000,Average,Low
Breakfast Of Champions,1999,5.2,28,Comedy,27,1990,Poor,Low
"A Woman, A Gun And A Noodle Shop",2009,4.8,13,Comedy Drama Thriller,17,2000,Poor,Low
Cypher,2002,6.7,192,Thriller Science Fiction Mystery,24,2000,Average,Low
City Of Life And Death,2009,7.6,55,Drama History War,17,2000,Good,Low
Space Battleship Yamato,2010,6.3,59,Science Fiction,16,2010,Average,Low
5 Days Of War,2011,5.8,62,War Drama,15,2010,Poor,Low
Triangle,2009,6.9,612,Horror,17,2000,Average,Low
Heaven Is For Real,2014,6.0,229,Drama,12,2010,Poor,Low
Snatch,2000,7.7,2912,Thriller Crime,26,2000,Good,Moderate
Pet Sematary,1989,6.4,407,Drama Horror,37,1980,Average,Low
Madadayo,1993,7.5,20,Drama,33,1990,Good,Low
The Cry Of The Owl,2009,5.5,29,Drama,17,2000,Poor,Low
Gremlins,1984,6.9,1596,Fantasy Horror Comedy,42,1980,Average,Moderate
Dirty Grandpa,2016,5.7,1406,Comedy,10,2010,Poor,Moderate
Trash,2014,7.1,242,Adventure Crime Drama Thriller,12,2010,Good,Low
High School Musical 3: Senior Year,2008,6.2,821,Comedy Drama Family Music Romance,18,2000,Average,Low
The Fighter,2010,7.2,1486,Drama,16,2010,Good,Moderate
Jackass Number Two,2006,6.4,298,Action Comedy Documentary,20,2000,Average,Low
My Cousin Vinny,1992,7.3,384,Comedy Drama,34,1990,Good,Low
If I Stay,2014,7.3,1368,Drama,12,2010,Good,Moderate
Drive Hard,2014,3.9,74,Action Comedy Crime,12,2010,Poor,Low
Major League,1989,6.6,217,Comedy,37,1980,Average,Low
St. Trinian'S,2007,5.6,142,Comedy Family Science Fiction,19,2000,Poor,Low
Phone Booth,2002,6.7,1062,Thriller Drama,24,2000,Average,Moderate
A Walk To Remember,2002,7.5,1018,Drama Romance,24,2000,Good,Moderate
Dead Man Walking,1995,7.3,337,Drama,31,1990,Good,Low
Cruel Intentions,1999,6.6,827,Drama Romance Thriller,27,1990,Average,Low
Saw Vi,2009,6.0,722,Horror Mystery,17,2000,Poor,Low
History Of The World: Part I,1981,6.5,204,Comedy,45,1980,Average,Low
The Secret Life Of Bees,2008,7.4,158,Adventure,18,2000,Good,Low
Corky Romano,2001,4.1,54,Action Comedy Crime,25,2000,Poor,Low
Raising Cain,1992,5.9,65,Drama Horror Thriller Crime,34,1990,Poor,Low
Invaders From Mars,1986,5.5,57,Science Fiction,40,1980,Poor,Low
Brooklyn,2015,7.2,1213,Drama Romance,11,2010,Good,Moderate
Out Cold,2001,5.8,53,Comedy,25,2000,Poor,Low
The Ladies Man,2000,5.7,34,Comedy,26,2000,Poor,Low
Quartet,2012,6.3,139,Drama Comedy Romance,14,2010,Average,Low
Tomcats,2001,4.9,74,Comedy Romance,25,2000,Poor,Low
Frailty,2001,7.0,334,Drama Thriller Crime,25,2000,Average,Low
Woman In Gold,2015,7.3,440,Drama,11,2010,Good,Low
Kinsey,2004,6.6,131,Drama,22,2000,Average,Low
Army Of Darkness,1992,7.3,838,Fantasy Horror Comedy,34,1990,Good,Low
Slackers,2002,5.4,60,Comedy Romance,24,2000,Poor,Low
What'S Eating Gilbert Grape,1993,7.5,919,Romance Drama,33,1990,Good,Low
The Visual Bible: The Gospel Of John,2003,8.2,12,Drama History,23,2000,Excellent,Low
Vera Drake,2004,6.8,80,Crime Drama,22,2000,Average,Low
The Guru,2002,5.1,75,Comedy Romance,24,2000,Poor,Low
Inside Llewyn Davis,2013,7.2,834,Drama Music,13,2010,Good,Low
Return To The Blue Lagoon,1991,5.1,153,Drama Adventure Romance,35,1990,Poor,Low
Romance & Cigarettes,2005,6.0,33,Comedy Music Romance,21,2000,Poor,Low
Copying Beethoven,2006,6.2,42,Drama,20,2000,Average,Low
Brighton Rock,2010,5.6,35,Drama Thriller Crime,16,2010,Poor,Low
Saw V,2008,5.9,820,Horror Thriller Crime,18,2000,Poor,Low
Lol,2012,5.9,881,Drama Comedy Romance,14,2010,Poor,Low
Jindabyne,2006,5.7,25,Crime Drama Mystery Thriller,20,2000,Poor,Low
Kabhi Alvida Naa Kehna,2006,6.1,42,Drama Romance,20,2000,Average,Low
An Ideal Husband,1999,6.3,46,Drama Comedy Romance,27,1990,Average,Low
The Last Days On Mars,2013,5.2,302,Science Fiction Thriller Horror,13,2010,Poor,Low
Darkness,2002,5.6,112,Horror,24,2000,Poor,Low
E.T. The Extra-Terrestrial,1982,7.3,3269,Science Fiction Adventure Family Fantasy,44,1980,Good,Moderate
In The Land Of Women,2007,5.8,160,Romance Comedy Drama,19,2000,Poor,Low
Housefull,2010,5.2,29,Drama Comedy Romance Foreign,16,2010,Poor,Low
September Dawn,2007,5.0,16,Drama Action History Western Romance,19,2000,Poor,Low
For Greater Glory - The True Story Of Cristiada,2012,6.4,35,History Drama,14,2010,Average,Low
The Bélier Family,2014,7.0,766,Comedy Drama Music,12,2010,Average,Low
Good Will Hunting,1997,7.9,2811,Drama,29,1990,Good,Moderate
Misconduct,2016,5.3,149,Drama Thriller,10,2010,Poor,Low
Saw Iii,2006,6.1,1071,Horror Thriller Crime,20,2000,Average,Moderate
Stripes,1981,6.5,249,Action Comedy,45,1980,Average,Low
Bring It On,2000,5.8,568,Comedy,26,2000,Poor,Low
The Purge: Election Year,2016,6.1,1306,Action Horror Thriller,10,2010,Average,Moderate
She'S All That,1999,5.7,418,Comedy Romance,27,1990,Poor,Low
Saw Iv,2007,5.9,903,Horror Thriller Crime,19,2000,Poor,Low
White Noise,2005,5.6,261,Drama Horror Thriller,21,2000,Poor,Low
Madea'S Family Reunion,2006,6.0,77,Drama Comedy Romance,20,2000,Poor,Low
The Color Of Money,1986,6.7,291,Drama,40,1980,Average,Low
The Mighty Ducks,1992,6.4,198,Comedy Family,34,1990,Average,Low
The Grudge,2004,5.8,865,Horror Mystery Thriller,22,2000,Poor,Low
Happy Gilmore,1996,6.5,755,Comedy,30,1990,Average,Low
Jeepers Creepers,2001,6.1,720,Horror Thriller,25,2000,Average,Low
Bill & Ted'S Excellent Adventure,1989,6.7,454,Adventure Comedy Science Fiction,37,1980,Average,Low
The Best Exotic Marigold Hotel,2011,6.9,459,Drama Comedy,15,2010,Average,Low
Recess: School'S Out,2001,6.6,67,Science Fiction Animation Comedy Family,25,2000,Average,Low
Mad Max Beyond Thunderdome,1985,5.9,748,Action Adventure Science Fiction,41,1980,Poor,Low
Commando,1985,6.4,742,Action Adventure Thriller,41,1980,Average,Low
The Boy,2016,5.8,1102,Horror Mystery Thriller,10,2010,Poor,Moderate
Devil,2010,5.8,816,Horror Mystery Thriller,16,2010,Poor,Low
Friday After Next,2002,6.0,100,Comedy,24,2000,Poor,Low
Insidious: Chapter 3,2015,6.2,983,Drama Horror Thriller,11,2010,Average,Low
The Last Dragon,1985,6.4,69,Action Adventure Comedy,41,1980,Average,Low
The Lawnmower Man,1992,5.4,197,Horror Thriller Science Fiction,34,1990,Poor,Low
Nick And Norah'S Infinite Playlist,2008,6.4,379,Comedy Music Romance,18,2000,Average,Low
Dogma,1999,6.8,823,Fantasy Comedy Adventure,27,1990,Average,Low
The Banger Sisters,2002,5.5,62,Comedy Drama,24,2000,Poor,Low
Twilight Zone: The Movie,1983,6.2,161,Drama Fantasy Horror Science Fiction Thriller,43,1980,Average,Low
Road House,1989,6.3,252,Action Thriller,37,1980,Average,Low
A Low Down Dirty Shame,1994,6.0,31,Action Comedy Crime,32,1990,Poor,Low
Swimfan,2002,5.0,70,Drama Thriller,24,2000,Poor,Low
Employee Of The Month,2006,5.3,153,Comedy Romance,20,2000,Poor,Low
Can'T Hardly Wait,1998,6.1,122,Comedy Drama Romance,28,1990,Average,Low
The Outsiders,1983,6.9,291,Crime Drama,43,1980,Average,Low
Pete'S Dragon,2016,6.2,679,Adventure Family Fantasy,10,2010,Average,Low
The Dead Zone,1983,6.9,311,Horror Science Fiction Thriller,43,1980,Average,Low
Sinister 2,2015,5.4,581,Horror,11,2010,Poor,Low
Sparkle,2012,5.8,36,Drama Music,14,2010,Poor,Low
Valentine,2001,5.0,114,Horror Thriller,25,2000,Poor,Low
The Fourth Kind,2009,5.8,441,Mystery Science Fiction Thriller,17,2000,Poor,Low
A Prairie Home Companion,2006,6.4,81,Drama Comedy Music,20,2000,Average,Low
Sugar Hill,1994,5.2,13,Drama Action Thriller,32,1990,Poor,Low
Invasion U.S.A.,1985,5.3,49,Action Thriller,41,1980,Poor,Low
Roll Bounce,2005,6.1,27,Comedy Drama Family,21,2000,Average,Low
Rushmore,1998,7.5,676,Comedy Drama,28,1990,Good,Low
Skyline,2010,4.7,507,Science Fiction,16,2010,Poor,Low
The Second Best Exotic Marigold Hotel,2015,6.3,272,Drama Comedy,11,2010,Average,Low
Kit Kittredge: An American Girl,2008,6.4,34,Comedy Drama Family,18,2000,Average,Low
The Perfect Man,2005,5.5,203,Comedy Drama Family Romance,21,2000,Poor,Low
Mo' Better Blues,1990,6.3,47,Drama Romance,36,1990,Average,Low
Kung Pow: Enter The Fist,2002,6.1,159,Action Comedy,24,2000,Average,Low
Tremors,1990,6.6,864,Action Horror,36,1990,Average,Low
Wrong Turn,2003,6.0,635,Horror Thriller,23,2000,Poor,Low
The Long Riders,1980,6.6,50,Western History,46,1980,Average,Low
The Corruptor,1999,6.0,57,Action Crime Mystery Thriller,27,1990,Poor,Low
Mud,2013,7.0,1068,Drama,13,2010,Average,Moderate
Reno 911!: Miami,2007,5.6,72,Action Adventure Comedy Crime,19,2000,Poor,Low
One Direction: This Is Us,2013,8.0,201,Documentary Music,13,2010,Good,Low
"The Goods: Live Hard, Sell Hard",2009,5.4,58,Comedy,17,2000,Poor,Low
Hey Arnold! The Movie,2002,5.6,62,Animation Family,24,2000,Poor,Low
My Week With Marilyn,2011,6.6,406,Drama,15,2010,Average,Low
The Matador,2005,6.2,136,Action Comedy Crime Drama Thriller,21,2000,Average,Low
Love Jones,1997,8.1,12,Comedy Drama Romance,29,1990,Excellent,Low
The Gift,2015,6.7,1049,Thriller Mystery,11,2010,Average,Moderate
End Of The Spear,2005,6.1,15,Adventure Drama,21,2000,Average,Low
Get Over It,2001,5.5,75,Comedy Romance,25,2000,Poor,Low
Office Space,1999,7.4,1050,Comedy Crime,27,1990,Good,Moderate
Drop Dead Gorgeous,1999,6.4,86,Comedy,27,1990,Average,Low
Big Eyes,2014,6.8,1196,Drama,12,2010,Average,Moderate
Very Bad Things,1998,6.2,179,Comedy Crime Thriller,28,1990,Average,Low
Sleepover,2004,5.3,101,Comedy Family,22,2000,Poor,Low
Body Double,1984,6.4,137,Crime Mystery Horror Thriller,42,1980,Average,Low
Macgruber,2010,5.1,179,Action Adventure Comedy,16,2010,Poor,Low
Dirty Pretty Things,2002,6.8,131,Crime Drama Thriller,24,2000,Average,Low
Movie 43,2013,4.4,797,Comedy,13,2010,Poor,Low
Over Her Dead Body,2008,5.3,145,Comedy,18,2000,Poor,Low
Seeking A Friend For The End Of The World,2012,6.3,700,Comedy Drama Romance Science Fiction,14,2010,Average,Low
Cedar Rapids,2011,5.9,135,Comedy,15,2010,Poor,Low
American History X,1998,8.2,3016,Drama,28,1990,Excellent,Moderate
The Collection,2012,5.9,289,Horror Thriller,14,2010,Poor,Low
The Red Violin,1998,7.3,99,Drama Thriller Mystery Music Romance,28,1990,Good,Low
The Straight Story,1999,7.7,306,Drama,27,1990,Good,Low
Deuces Wild,2002,5.5,34,Action Crime Drama Romance,24,2000,Poor,Low
Bad Words,2013,6.4,334,Comedy,13,2010,Average,Low
"Run, Fatboy, Run",2007,6.2,238,Comedy Romance,19,2000,Average,Low
Black Or White,2014,6.5,115,Drama,12,2010,Average,Low
On The Line,2001,4.1,10,Comedy Family Romance,25,2000,Poor,Low
Rescue Dawn,2006,6.9,336,Adventure Drama War,20,2000,Average,Low
Danny Collins,2015,6.6,183,Comedy Drama Music,11,2010,Average,Low
"Jeff, Who Lives At Home",2011,6.1,217,Drama Comedy,15,2010,Average,Low
I Am Love,2009,6.9,73,Drama Romance,17,2000,Average,Low
Atlas Shrugged Part Ii,2012,5.4,41,Drama Science Fiction Mystery,14,2010,Poor,Low
Romeo Is Bleeding,1993,5.7,36,Action Crime Drama Thriller,33,1990,Poor,Low
The Limey,1999,6.6,105,Action Crime Drama Mystery Thriller,27,1990,Average,Low
Crash,2004,7.2,1149,Drama,22,2000,Good,Moderate
The House Of Mirth,2000,6.4,25,Drama Romance,26,2000,Average,Low
Malone,1987,6.8,15,Action Thriller,39,1980,Average,Low
Peaceful Warrior,2006,7.3,90,Drama Romance,20,2000,Good,Low
Bucky Larson: Born To Be A Star,2011,4.4,51,Comedy,15,2010,Poor,Low
Bamboozled,2000,6.3,24,Comedy Drama,26,2000,Average,Low
The Forest,2016,4.8,448,Horror Thriller,10,2010,Poor,Low
While We'Re Young,2015,5.8,383,Comedy Drama Mystery,11,2010,Poor,Low
A Better Life,2011,7.0,54,Drama,15,2010,Average,Low
Spider,2002,6.4,168,Drama Mystery Thriller,24,2000,Average,Low
Gun Shy,2000,5.4,24,Action Comedy Romance Thriller,26,2000,Poor,Low
Nicholas Nickleby,2002,6.8,49,Adventure Drama Action Family,24,2000,Average,Low
The Iceman,2012,6.4,365,Thriller Crime Drama,14,2010,Average,Low
Krrish,2006,5.5,46,Action Science Fiction,20,2000,Poor,Low
Cecil B. Demented,2000,6.2,51,Thriller Comedy Crime,26,2000,Average,Low
Killer Joe,2011,6.5,425,Crime Drama Thriller,15,2010,Average,Low
The Joneses,2009,6.1,210,Comedy Drama,17,2000,Average,Low
Owning Mahowny,2003,6.8,37,Crime Drama Thriller,23,2000,Average,Low
The Brothers Solomon,2007,4.9,46,Comedy,19,2000,Poor,Low
My Blueberry Nights,2007,6.0,190,Drama Romance,19,2000,Poor,Low
Swept Away,2002,4.8,50,Comedy Romance,24,2000,Poor,Low
"War, Inc.",2008,5.6,86,Action Adventure Comedy Thriller,18,2000,Poor,Low
Shaolin Soccer,2001,6.6,491,Action Comedy,25,2000,Average,Low
The Brown Bunny,2004,5.5,62,Drama,22,2000,Poor,Low
Rosewater,2014,6.5,98,Drama,12,2010,Average,Low
Coriolanus,2011,5.9,131,Drama Thriller,15,2010,Poor,Low
Imaginary Heroes,2004,6.3,29,Comedy Drama,22,2000,Average,Low
High Heels And Low Lifes,2001,6.4,12,Action Crime Comedy,25,2000,Average,Low
World'S Greatest Dad,2009,6.5,177,Comedy Romance,17,2000,Average,Low
Severance,2006,6.4,169,Horror Comedy Thriller,20,2000,Average,Low
Edmond,2005,6.0,50,Drama Thriller,21,2000,Poor,Low
Welcome To The Rileys,2010,6.4,139,Drama,16,2010,Average,Low
Police Academy: Mission To Moscow,1994,4.1,178,Comedy Crime,32,1990,Poor,Low
Cinco De Mayo: La Batalla,2013,5.8,14,War History Drama,13,2010,Poor,Low
Elsa & Fred,2014,6.2,31,Comedy Family Romance,12,2010,Average,Low
The Open Road,2009,4.8,19,Comedy Drama Romance,17,2000,Poor,Low
The Good Guy,2009,5.4,59,Comedy Romance,17,2000,Poor,Low
Motherhood,2009,4.7,44,Comedy Drama,17,2000,Poor,Low
Strangerland,2015,5.1,83,Drama Thriller,11,2010,Poor,Low
Blonde Ambition,2007,3.9,29,Comedy Romance,19,2000,Poor,Low
The Oxford Murders,2008,5.7,188,Crime Mystery Thriller,18,2000,Poor,Low
The Reef,2010,5.4,130,Drama Horror Thriller,16,2010,Poor,Low
Eulogy,2004,6.4,34,Comedy Drama,22,2000,Average,Low
White Noise 2: The Light,2007,5.6,80,Thriller Drama Horror Fantasy,19,2000,Poor,Low
Beat The World,2011,4.3,16,Music Drama,15,2010,Poor,Low
Fifty Dead Men Walking,2008,6.1,35,Action Thriller,18,2000,Average,Low
Adam Resurrected,2008,6.4,22,Drama War,18,2000,Average,Low
Of Horses And Men,2013,6.9,26,Drama Romance Comedy,13,2010,Average,Low
The Devil'S Tomb,2009,4.0,53,Action Horror Thriller Science Fiction,17,2000,Poor,Low
"The Good, The Bad, The Weird",2008,7.1,193,Action Adventure Comedy Western,18,2000,Good,Low
Nurse 3-D,2013,4.9,119,Horror Thriller,13,2010,Poor,Low
Gunless,2010,6.7,27,Drama Action Comedy Western,16,2010,Average,Low
Adventureland,2009,6.4,737,Comedy,17,2000,Average,Low
The Lost City,2005,6.0,24,Drama Romance,21,2000,Poor,Low
Next Friday,2000,6.4,135,Comedy,26,2000,Average,Low
American Heist,2014,4.3,158,Action,12,2010,Poor,Low
Plastic,2014,6.1,86,Drama Action Comedy Crime,12,2010,Average,Low
Amour,2012,7.5,400,Drama Romance,14,2010,Good,Low
Poltergeist Iii,1988,4.5,123,Horror Thriller,38,1980,Poor,Low
Re-Kill,2015,4.9,34,Horror Science Fiction,11,2010,Poor,Low
Volver,2006,7.3,406,Comedy Drama Romance,20,2000,Good,Low
Heavy Metal,1981,6.2,148,Animation Science Fiction,45,1980,Average,Low
Gentlemen Broncos,2009,6.2,51,Action Comedy Thriller,17,2000,Average,Low
Richard Iii,1995,6.9,49,Drama War,31,1990,Average,Low
Into The Grizzly Maze,2015,5.1,74,Action Horror Thriller,11,2010,Poor,Low
Kites,2010,6.0,40,Drama Action Romance,16,2010,Poor,Low
Melancholia,2011,7.0,885,Drama Science Fiction,15,2010,Average,Low
Red Dog,2011,7.1,83,Drama Comedy Family,15,2010,Good,Low
Jab Tak Hai Jaan,2012,7.3,66,Drama Romance,14,2010,Good,Low
The Runaways,2010,6.3,254,Drama Music,16,2010,Average,Low
Detention,2011,5.7,129,Horror Comedy Science Fiction,15,2010,Poor,Low
Loose Cannons,2010,7.0,118,Comedy Drama Romance,16,2010,Average,Low
Set It Off,1996,6.9,66,Drama Action Crime,30,1990,Average,Low
The Best Man,1999,6.8,38,Drama Comedy,27,1990,Average,Low
Child'S Play,1988,6.3,581,Horror Thriller,38,1980,Average,Low
Sicko,2007,7.3,235,Documentary,19,2000,Good,Low
The Purge: Anarchy,2014,6.6,1954,Horror Thriller,12,2010,Average,Moderate
Down To You,2000,4.9,70,Comedy Drama Family Romance,26,2000,Poor,Low
Harold & Kumar Go To White Castle,2004,6.6,693,Comedy Adventure,22,2000,Average,Low
The Contender,2000,6.7,60,Drama Thriller,26,2000,Average,Low
Boiler Room,2000,6.5,201,Crime Drama Thriller,26,2000,Average,Low
Trading Places,1983,7.1,738,Comedy,43,1980,Good,Low
Black Christmas,2006,4.8,119,Horror Thriller,20,2000,Poor,Low
Breakin' All The Rules,2004,5.8,21,Comedy Romance,22,2000,Poor,Low
Henry V,1989,7.4,71,War Drama History Action Romance,37,1980,Good,Low
The Savages,2007,6.8,110,Drama,19,2000,Average,Low
Chasing Papi,2003,6.3,16,Comedy Romance,23,2000,Average,Low
The Way Of The Gun,2000,6.4,100,Action Crime Drama Thriller,26,2000,Average,Low
Igby Goes Down,2002,6.5,95,Comedy Drama,24,2000,Average,Low
Pcu,1994,6.0,41,Comedy,32,1990,Poor,Low
The Ultimate Gift,2006,6.8,78,Romance Drama Family,20,2000,Average,Low
The Ice Pirates,1984,5.7,49,Action Science Fiction Comedy,42,1980,Poor,Low
Gracie,2007,6.0,17,Drama,19,2000,Poor,Low
Trust The Man,2005,5.5,29,Comedy Drama Romance,21,2000,Poor,Low
Hamlet 2,2008,6.1,56,Comedy Music,18,2000,Average,Low
Velvet Goldmine,1998,6.9,116,Drama Music,28,1990,Average,Low
The Wailing,2016,7.2,250,Horror Mystery,10,2010,Good,Low
Glee: The Concert Movie,2011,6.8,79,Documentary Music Family,15,2010,Average,Low
Two Evil Eyes,1990,6.0,35,Horror Thriller,36,1990,Poor,Low
Barbecue,2014,5.8,214,Comedy,12,2010,Poor,Low
All Or Nothing,2002,7.0,33,Comedy Drama,24,2000,Average,Low
Princess Kaiulani,2010,4.8,14,Drama,16,2010,Poor,Low
Flame & Citron,2008,6.8,68,Crime Drama History War,18,2000,Average,Low
Undiscovered,2005,4.5,12,Comedy Romance,21,2000,Poor,Low
Red Riding: In The Year Of Our Lord 1974,2009,7.0,54,Thriller Mystery Crime Drama,17,2000,Average,Low
The Girl On The Train,2009,5.6,10,Drama Romance,17,2000,Poor,Low
Veronika Decides To Die,2009,5.8,75,Drama Romance,17,2000,Poor,Low
Crocodile Dundee,1986,6.3,503,Adventure Comedy,40,1980,Average,Low
"Ultramarines: A Warhammer 40,000 Movie",2010,5.2,27,Animation Science Fiction,16,2010,Poor,Low
The I Inside,2004,5.9,62,Thriller Mystery Science Fiction,22,2000,Poor,Low
Beneath Hill 60,2010,7.3,40,Drama History War,16,2010,Good,Low
Polisse,2011,7.9,285,Drama,15,2010,Good,Low
Awake,2007,6.3,395,Thriller Crime Mystery,19,2000,Average,Low
Star Wars: Clone Wars: Volume 1,2005,8.0,27,Action Adventure Animation Fantasy Science Fiction,21,2000,Good,Low
Skin Trade,2014,5.6,61,Thriller Action Drama,12,2010,Poor,Low
The Lost Boys,1987,6.8,538,Horror Comedy,39,1980,Average,Low
Crazy Heart,2009,6.8,274,Drama Music Romance,17,2000,Average,Low
Baggage Claim,2013,5.6,85,Comedy,13,2010,Poor,Low
Shipwrecked,1990,6.1,14,Adventure Family,36,1990,Average,Low
Election,1999,6.7,270,Comedy,27,1990,Average,Low
The Namesake,2006,6.8,50,Drama,20,2000,Average,Low
The Duff,2015,6.8,1322,Romance Comedy,11,2010,Average,Moderate
Glitter,2001,3.4,38,Drama Romance,25,2000,Poor,Low
The Haunting In Connecticut 2: Ghosts Of Georgia,2013,5.6,175,Horror Drama Thriller,13,2010,Poor,Low
Silmido,2003,6.6,28,Action Drama History,23,2000,Average,Low
Bright Star,2009,6.8,107,Drama Romance,17,2000,Average,Low
My Name Is Khan,2010,7.7,232,Drama Romance,16,2010,Good,Low
All Is Lost,2013,6.6,671,Action Adventure Drama,13,2010,Average,Low
Limbo,1999,7.0,17,Adventure Drama Thriller,27,1990,Average,Low
Namastey London,2007,6.6,29,Drama Foreign Romance,19,2000,Average,Low
The Wind That Shakes The Barley,2006,7.1,154,Drama History War,20,2000,Good,Low
Yeh Jawaani Hai Deewani,2013,7.2,79,Romance,13,2010,Good,Low
Repo! The Genetic Opera,2008,6.7,100,Horror Comedy Music Science Fiction,18,2000,Average,Low
Pulp Fiction,1994,8.3,8428,Thriller Crime,32,1990,Excellent,Moderate
Nightcrawler,2014,7.6,3395,Crime Drama Thriller,12,2010,Good,Moderate
Club Dread,2004,5.1,107,Comedy Horror,22,2000,Poor,Low
Splash,1984,6.1,321,Comedy Fantasy Romance,42,1980,Average,Low
Little Miss Sunshine,2006,7.5,1686,Comedy Drama,20,2000,Good,Moderate
Stand By Me,1986,7.8,1522,Crime Drama,40,1980,Good,Moderate
28 Days Later,2002,7.1,1777,Horror Thriller Science Fiction,24,2000,Good,Moderate
You Got Served,2004,4.8,75,Drama,22,2000,Poor,Low
Brown Sugar,2002,7.0,31,Comedy Romance,24,2000,Average,Low
A Thin Line Between Love And Hate,1996,5.7,15,Comedy Thriller Crime Romance,30,1990,Poor,Low
50/50,2011,7.0,1261,Comedy Drama,15,2010,Average,Moderate
Shutter,2008,5.3,180,Horror Mystery Thriller,18,2000,Poor,Low
That Awkward Moment,2014,6.1,1004,Comedy Romance,12,2010,Average,Moderate
Modern Problems,1981,5.6,23,Comedy,45,1980,Poor,Low
Kicks,2016,7.5,18,Adventure,10,2010,Good,Low
Much Ado About Nothing,1993,7.2,189,Drama Comedy Romance,33,1990,Good,Low
New Nightmare,1994,6.4,291,Horror Thriller Mystery Fantasy,32,1990,Average,Low
Drive Me Crazy,1999,5.8,62,Drama Comedy Romance Family,27,1990,Poor,Low
Akeelah And The Bee,2006,6.7,81,Drama,20,2000,Average,Low
Half Baked,1998,6.4,177,Comedy Crime,28,1990,Average,Low
New In Town,2009,5.2,99,Comedy,17,2000,Poor,Low
American Psycho,2000,7.3,2066,Thriller Drama Crime,26,2000,Good,Moderate
The Good Girl,2002,6.1,181,Drama Comedy Romance,24,2000,Average,Low
Bon Cop Bad Cop,2006,6.5,42,Action Comedy Crime,20,2000,Average,Low
The Boondock Saints Ii: All Saints Day,2009,5.9,261,Action Thriller Crime,17,2000,Poor,Low
Enough Said,2013,6.6,348,Comedy Drama Romance,13,2010,Average,Low
Easy A,2010,6.7,2210,Comedy,16,2010,Average,Moderate
Shadow Of The Vampire,2000,6.6,148,Drama Horror,26,2000,Average,Low
Prom,2011,5.7,134,Comedy,15,2010,Poor,Low
The Pallbearer,1996,4.6,30,Comedy Romance,30,1990,Poor,Low
Held Up,1999,4.9,11,Comedy,27,1990,Poor,Low
Woman On Top,2000,5.5,46,Comedy Drama Romance,26,2000,Poor,Low
Howards End,1992,6.9,95,Drama Romance,34,1990,Average,Low
Anomalisa,2015,7.0,459,Animation Comedy Drama Romance,11,2010,Average,Low
Another Year,2010,7.0,97,Comedy Drama,16,2010,Average,Low
8 Women,2002,6.9,196,Comedy Thriller Music Crime Mystery,24,2000,Average,Low
Showdown In Little Tokyo,1991,5.7,95,Action Thriller,35,1990,Poor,Low
Clay Pigeons,1998,6.3,39,Comedy Crime Drama Thriller,28,1990,Average,Low
It'S Kind Of A Funny Story,2010,6.9,672,Comedy Drama,16,2010,Average,Low
Made In Dagenham,2010,6.6,94,Comedy Drama History,16,2010,Average,Low
When Did You Last See Your Father?,2007,6.9,13,Drama,19,2000,Average,Low
Prefontaine,1997,6.7,21,Drama Romance,29,1990,Average,Low
The Secret Of Kells,2009,7.3,181,Animation Family Fantasy,17,2000,Good,Low
Begin Again,2013,7.3,1254,Comedy Music Romance Drama,13,2010,Good,Moderate
Down In The Valley,2005,5.9,63,Drama Romance,21,2000,Poor,Low
Brooklyn Rules,2007,5.8,18,Drama Action Thriller,19,2000,Poor,Low
The Singing Detective,2003,5.9,41,Comedy Music Mystery Crime,23,2000,Poor,Low
Fido,2006,6.6,135,Romance Comedy Drama Horror,20,2000,Average,Low
The Wendell Baker Story,2005,5.2,16,Comedy Drama Romance,21,2000,Poor,Low
Wild Target,2010,6.4,215,Action Comedy,16,2010,Average,Low
Pathology,2008,5.6,144,Crime Horror Thriller,18,2000,Poor,Low
Wuthering Heights,2009,6.9,37,Drama,17,2000,Average,Low
10Th & Wolf,2006,6.3,24,Action Crime Drama Mystery Thriller,20,2000,Average,Low
Dear Wendy,2005,5.6,33,Comedy Crime Drama Romance,21,2000,Poor,Low
Aloft,2014,5.1,41,Drama,12,2010,Poor,Low
Akira,1988,7.8,773,Science Fiction Animation,38,1980,Good,Low
The Death And Life Of Bobby Z,2007,5.8,103,Drama Action Thriller Crime,19,2000,Poor,Low
The Rocket: The Legend Of Rocket Richard,2005,6.1,17,Drama,21,2000,Average,Low
Swelter,2014,4.6,21,Action Drama Thriller,12,2010,Poor,Low
Imagine Me & You,2005,7.0,177,Drama Comedy Romance,21,2000,Average,Low
Mr. Church,2016,7.0,129,Drama,10,2010,Average,Low
Swimming Pool,2003,6.4,153,Thriller Crime,23,2000,Average,Low
Green Street Hooligans: Underground,2013,5.4,33,Action Drama,13,2010,Poor,Low
The Blood Of Heroes,1989,5.9,31,Action Adventure Science Fiction,37,1980,Poor,Low
Code Of Honor,2016,4.1,16,Action Crime Thriller,10,2010,Poor,Low
Driving Miss Daisy,1989,7.0,350,Comedy Drama,37,1980,Average,Low
Soul Food,1997,6.6,19,Comedy Drama,29,1990,Average,Low
Rumble In The Bronx,1995,6.5,240,Crime Action Comedy Thriller,31,1990,Average,Low
Far From Men,2014,6.6,43,Drama War,12,2010,Average,Low
Thank You For Smoking,2005,7.1,664,Comedy Drama,21,2000,Good,Low
Hostel: Part Ii,2007,5.6,453,Horror,19,2000,Poor,Low
An Education,2009,6.8,409,Drama Romance,17,2000,Average,Low
Shopgirl,2005,5.7,75,Comedy Drama Romance,21,2000,Poor,Low
The Hotel New Hampshire,1984,5.8,26,Comedy Drama,42,1980,Poor,Low
Narc,2002,6.8,142,Action Crime Drama Thriller,24,2000,Average,Low
Witless Protection,2008,4.0,26,Action Adventure Comedy Crime,18,2000,Poor,Low
Extract,2009,5.7,192,Comedy,17,2000,Poor,Low
Masked And Anonymous,2003,5.2,13,Drama Music,23,2000,Poor,Low
Code 46,2003,6.2,116,Drama Romance Science Fiction Thriller,23,2000,Average,Low
Albert Nobbs,2011,6.2,132,Drama,15,2010,Average,Low
Ta Ra Rum Pum,2007,6.0,13,Family Comedy Romance,19,2000,Poor,Low
Persepolis,2007,7.7,450,Animation Drama,19,2000,Good,Low
The Hole,2009,5.6,244,Thriller Adventure Fantasy,17,2000,Poor,Low
The Wave,2008,7.5,841,Drama Thriller,18,2000,Good,Low
The Neon Demon,2016,6.4,887,Thriller Horror,10,2010,Average,Low
Harry Brown,2009,6.7,348,Thriller Crime Drama Action,17,2000,Average,Low
The Omega Code,1999,4.4,17,Horror Thriller,27,1990,Poor,Low
Juno,2007,7.0,2244,Comedy Drama Romance,19,2000,Average,Moderate
Pound Of Flesh,2015,5.5,63,Action,11,2010,Poor,Low
Flashdance,1983,6.1,302,Drama Music Romance,43,1980,Average,Low
(500) Days Of Summer,2009,7.2,2904,Comedy Drama Romance,17,2000,Good,Moderate
The Piano,1993,7.1,281,Drama Romance,33,1990,Good,Low
Magic Mike,2012,6.1,1040,Drama Comedy,14,2010,Average,Moderate
Darkness Falls,2003,4.9,161,Thriller Horror,23,2000,Poor,Low
My Dog Skip,2000,6.5,69,Comedy Drama Family,26,2000,Average,Low
"Definitely, Maybe",2008,6.7,620,Comedy Romance,18,2000,Average,Low
Jumping The Broom,2011,6.0,56,Comedy,15,2010,Poor,Low
"Good Night, And Good Luck.",2005,6.8,273,Drama History,21,2000,Average,Low
Capote,2005,6.8,384,Crime Drama,21,2000,Average,Low
Desperado,1995,6.8,881,Thriller Action Crime,31,1990,Average,Low
Action Jackson,1988,4.9,50,Action Adventure Comedy Crime Drama,38,1980,Poor,Low
The Descent,2005,6.8,1005,Adventure Horror,21,2000,Average,Moderate
Michael Jordan To The Max,2000,7.5,10,Documentary,26,2000,Good,Low
Devil'S Due,2014,4.4,216,Horror,12,2010,Poor,Low
Flirting With Disaster,1996,6.3,66,Comedy Romance,30,1990,Average,Low
The Devil'S Rejects,2005,6.6,322,Drama Horror Crime,21,2000,Average,Low
Dope,2015,7.2,691,Crime Drama Comedy,11,2010,Good,Low
In Too Deep,1999,6.2,17,Drama Action Thriller Crime,27,1990,Average,Low
House Of 1000 Corpses,2003,6.0,306,Horror,23,2000,Poor,Low
A Serious Man,2009,6.6,483,Comedy Drama,17,2000,Average,Low
Get Low,2010,6.5,100,Comedy Drama Mystery,16,2010,Average,Low
Warlock,1989,5.8,95,Adventure Comedy Fantasy Horror,37,1980,Poor,Low
Beyond The Lights,2014,7.0,139,Romance Drama,12,2010,Average,Low
A Single Man,2009,7.3,463,Drama Romance,17,2000,Good,Low
The Last Temptation Of Christ,1988,7.0,201,Drama,38,1980,Average,Low
Outside Providence,1999,5.6,30,Romance Comedy Drama,27,1990,Poor,Low
Bride & Prejudice,2004,6.5,110,Drama Comedy Music Romance,22,2000,Average,Low
Rabbit-Proof Fence,2002,6.8,84,Adventure Drama Action History,24,2000,Average,Low
Who'S Your Caddy?,2007,3.8,18,Comedy,19,2000,Poor,Low
Split Second,1992,5.7,63,Thriller Action Horror Science Fiction Crime,34,1990,Poor,Low
The Other Side Of Heaven,2001,6.7,14,Action Adventure Drama Family,25,2000,Average,Low
Veer-Zaara,2004,7.4,64,Drama Romance,22,2000,Good,Low
Redbelt,2008,6.4,76,Drama,18,2000,Average,Low
Cyrus,2010,6.1,133,Comedy Drama Romance,16,2010,Average,Low
Auto Focus,2002,6.1,56,Drama Crime,24,2000,Average,Low
Factory Girl,2006,6.2,81,Drama,20,2000,Average,Low
We Need To Talk About Kevin,2011,7.4,677,Drama Thriller,15,2010,Good,Low
The Mighty Macs,2009,5.0,15,Action Drama,17,2000,Poor,Low
Losin' It,1983,4.5,31,Comedy,43,1980,Poor,Low
Mother And Child,2009,6.7,46,Drama Romance,17,2000,Average,Low
The Visitors,1993,7.1,420,Fantasy Comedy Science Fiction,33,1990,Good,Low
Somewhere,2010,6.0,208,Comedy Drama,16,2010,Poor,Low
I Hope They Serve Beer In Hell,2009,5.7,20,Comedy Drama,17,2000,Poor,Low
Chairman Of The Board,1998,2.7,13,Comedy,28,1990,Poor,Low
Hesher,2010,6.7,212,Drama,16,2010,Average,Low
Dom Hemingway,2013,5.8,212,Comedy Crime Drama,13,2010,Poor,Low
Gerry,2002,6.2,68,Mystery Drama Adventure,24,2000,Average,Low
Freeheld,2015,7.1,164,Romance Drama,11,2010,Good,Low
The Extra Man,2010,5.9,29,Comedy,16,2010,Poor,Low
Hard To Be A God,2013,6.7,41,Drama Science Fiction,13,2010,Average,Low
Ca$H,2010,6.0,73,Crime Thriller Comedy,16,2010,Poor,Low
The Boondock Saints,1999,7.2,837,Action Thriller Crime,27,1990,Good,Low
Twixt,2011,5.0,85,Horror Thriller,15,2010,Poor,Low
The Snow Queen,2012,5.1,47,Animation Fantasy,14,2010,Poor,Low
Pale Rider,1985,7.0,251,Romance Western,41,1980,Average,Low
Stargate: The Ark Of Truth,2008,6.9,140,Adventure Science Fiction,18,2000,Average,Low
Dazed And Confused,1993,7.4,583,Comedy Drama,33,1990,Good,Low
High School Musical 2,2007,6.1,843,Comedy Drama Family Music,19,2000,Average,Low
Two Lovers And A Bear,2016,6.8,27,Drama Romance,10,2010,Average,Low
Criminal Activities,2015,5.8,110,Thriller Crime Drama,11,2010,Poor,Low
Aimee & Jaguar,1999,6.3,20,Drama History Romance,27,1990,Average,Low
The Chumscrubber,2005,6.7,62,Comedy Drama,21,2000,Average,Low
Shade,2003,6.1,73,Action Thriller Crime,23,2000,Average,Low
House At The End Of The Street,2012,5.6,555,Horror Thriller,14,2010,Poor,Low
Incendies,2010,7.9,479,Drama War Mystery,16,2010,Good,Low
"Remember Me, My Love",2003,5.8,44,Drama Comedy Romance,23,2000,Poor,Low
Perrier’S Bounty,2009,5.1,24,Action Comedy Crime Drama,17,2000,Poor,Low
Elite Squad,2007,7.8,504,Drama Action Crime,19,2000,Good,Low
Annabelle,2014,5.6,1517,Horror,12,2010,Poor,Moderate
Boyz N The Hood,1991,7.4,364,Crime Drama,35,1990,Good,Low
La Bamba,1987,6.8,116,Drama Music,39,1980,Average,Low
The Four Seasons,1981,6.3,16,Comedy Drama Romance,45,1980,Average,Low
Dressed To Kill,1980,6.8,157,Horror Mystery Thriller,46,1980,Average,Low
The Adventures Of Huck Finn,1993,6.2,42,Action Adventure Drama Family,33,1990,Average,Low
Go,1999,7.0,196,Crime Comedy Thriller,27,1990,Average,Low
Friends With Money,2006,5.1,128,Comedy Drama Romance,20,2000,Poor,Low
Bats,1999,4.1,35,Horror Thriller,27,1990,Poor,Low
Nowhere In Africa,2001,7.0,32,Drama,25,2000,Average,Low
Shame,2011,7.0,875,Drama,15,2010,Average,Low
Layer Cake,2004,7.0,559,Drama Thriller Crime,22,2000,Average,Low
The East,2013,6.5,305,Drama Thriller,13,2010,Average,Low
A Home At The End Of The World,2004,6.8,45,Romance Drama,22,2000,Average,Low
The Messenger,2009,7.1,119,Drama History,17,2000,Good,Low
Tracker,2010,6.0,16,Action Drama Thriller Adventure,16,2010,Poor,Low
Control,2007,7.5,200,Drama,19,2000,Good,Low
The Terminator,1984,7.3,4128,Action Thriller Science Fiction,42,1980,Good,Moderate
"Good Bye, Lenin!",2003,7.4,586,Comedy Drama Romance,23,2000,Good,Low
The Damned United,2009,7.2,152,Drama,17,2000,Good,Low
The Return Of The Living Dead,1985,7.3,267,Comedy Horror,41,1980,Good,Low
Mallrats,1995,6.8,392,Romance Comedy,31,1990,Average,Low
Platoon,1986,7.5,1205,Drama War Action,40,1980,Good,Moderate
Fahrenheit 9/11,2004,6.8,397,Documentary,22,2000,Average,Low
Ordinary People,1980,7.4,145,Drama,46,1980,Good,Low
Caddyshack,1980,6.6,365,Comedy,46,1980,Average,Low
The Brothers,2001,6.5,10,Comedy Drama Romance,25,2000,Average,Low
The Wood,1999,7.1,34,Comedy Drama Romance,27,1990,Good,Low
The Usual Suspects,1995,8.1,3254,Drama Crime Thriller,31,1990,Excellent,Moderate
A Nightmare On Elm Street 5: The Dream Child,1989,5.5,245,Horror Thriller,37,1980,Poor,Low
National Lampoon’S Van Wilder,2002,5.9,858,Comedy Romance,24,2000,Poor,Low
The Wrestler,2008,7.3,1000,Drama Romance,18,2000,Good,Low
Best In Show,2000,6.7,166,Comedy,26,2000,Average,Low
Escape From New York,1981,6.9,703,Science Fiction Action,45,1980,Average,Low
School Daze,1988,6.2,26,Comedy Drama,38,1980,Average,Low
Daddy Day Camp,2007,4.4,91,Comedy Family,19,2000,Poor,Low
Mr. Nice Guy,1997,6.3,128,Crime Action Comedy,29,1990,Average,Low
A Mighty Wind,2003,6.6,74,Comedy Music,23,2000,Average,Low
Mystic Pizza,1988,5.9,123,Comedy Drama Romance,38,1980,Poor,Low
Sliding Doors,1998,6.5,354,Comedy Drama Fantasy Romance,28,1990,Average,Low
Tales From The Hood,1995,5.4,32,Crime Horror Thriller,31,1990,Poor,Low
The Last King Of Scotland,2006,7.4,558,Drama,20,2000,Good,Low
Halloween 5: The Revenge Of Michael Myers,1989,5.2,183,Horror Thriller,37,1980,Poor,Low
Bernie,2012,6.5,320,Comedy Crime Drama,14,2010,Average,Low
Pollock,2000,6.6,91,Drama Romance,26,2000,Average,Low
200 Cigarettes,1999,6.1,44,Comedy Drama Romance,27,1990,Average,Low
The Words,2012,6.4,379,Drama Thriller,14,2010,Average,Low
Casa De Mi Padre,2012,5.5,103,Comedy Western,14,2010,Poor,Low
City Island,2009,6.9,113,Drama Comedy,17,2000,Average,Low
The Guard,2011,6.8,372,Action Comedy Thriller Crime,15,2010,Average,Low
College,2008,4.8,48,Comedy,18,2000,Poor,Low
The Virgin Suicides,1999,7.1,817,Drama Romance,27,1990,Good,Low
Little Voice,1998,6.6,61,Comedy Drama,28,1990,Average,Low
Miss March,2009,5.4,77,Comedy Romance,17,2000,Poor,Low
Wish I Was Here,2014,6.4,300,Drama Comedy,12,2010,Average,Low
Simply Irresistible,1999,5.5,52,Comedy,27,1990,Poor,Low
Hedwig And The Angry Inch,2001,7.4,80,Comedy Music,25,2000,Good,Low
Only The Strong,1993,6.9,29,Action,33,1990,Average,Low
Shattered Glass,2003,6.6,111,Drama History,23,2000,Average,Low
Novocaine,2001,6.0,44,Comedy Crime Thriller,25,2000,Poor,Low
The Business Of Strangers,2001,5.7,19,Drama Thriller,25,2000,Poor,Low
The Wackness,2008,6.2,94,Drama,18,2000,Average,Low
Morvern Callar,2002,7.2,34,Drama,24,2000,Good,Low
Beastmaster 2: Through The Portal Of Time,1991,4.6,17,Action Adventure Fantasy Science Fiction,35,1990,Poor,Low
The 5Th Quarter,2011,4.7,12,Drama,15,2010,Poor,Low
The Flower Of Evil,2003,5.7,10,Drama,23,2000,Poor,Low
The Greatest,2009,6.2,34,Drama,17,2000,Average,Low
Snow Flower And The Secret Fan,2011,5.3,22,Drama History,15,2010,Poor,Low
Come Early Morning,2006,5.9,10,Drama Romance,20,2000,Poor,Low
Lucky Break,2001,6.5,11,Action Comedy,25,2000,Average,Low
"Surfer, Dude",2008,4.7,25,Comedy,18,2000,Poor,Low
Lake Of Fire,2006,8.0,10,Documentary,20,2000,Good,Low
11:14,2003,6.8,206,Crime Drama Thriller,23,2000,Average,Low
Men Of War,1994,5.4,29,Action Thriller,32,1990,Poor,Low
Don Mckay,2009,5.4,21,Crime Mystery Thriller,17,2000,Poor,Low
Deadfall,2012,5.6,224,Crime Drama Thriller,14,2010,Poor,Low
A Shine Of Rainbows,2009,6.3,14,Drama Family,17,2000,Average,Low
The Hit List,2011,5.2,73,Action Thriller,15,2010,Poor,Low
Emma,2009,7.6,38,Romance Comedy Drama,17,2000,Good,Low
Videodrome,1983,7.1,454,Horror Mystery Science Fiction,43,1980,Good,Low
The Spanish Apartment,2002,7.0,266,Drama Comedy Romance,24,2000,Average,Low
Song One,2014,5.5,87,Drama,12,2010,Poor,Low
Winter In Wartime,2008,6.8,66,Drama History War,18,2000,Average,Low
Freaky Deaky,2012,4.9,18,Comedy,14,2010,Poor,Low
Trade Of Innocents,2012,5.5,12,Drama Thriller,14,2010,Poor,Low
The Protector,2005,6.8,167,Action Crime Drama Thriller,21,2000,Average,Low
Bend It Like Beckham,2002,6.2,578,Comedy Drama Romance,24,2000,Average,Low
Sunshine State,2002,6.0,10,Drama,24,2000,Poor,Low
Crossover,2006,4.2,10,Action Adventure Drama,20,2000,Poor,Low
Khiladi 786,2012,4.7,11,Action Comedy,14,2010,Poor,Low
[Rec]²,2009,6.4,489,Thriller Horror,17,2000,Average,Low
Chariots Of Fire,1981,6.8,207,Drama History,45,1980,Average,Low
Diary Of A Mad Black Woman,2005,6.4,71,Comedy Drama Romance,21,2000,Average,Low
Shine,1996,7.3,131,Drama,30,1990,Good,Low
Don Jon,2013,5.9,1671,Romance Comedy Drama,13,2010,Poor,Moderate
Ghost World,2001,7.1,426,Comedy Drama,25,2000,Good,Low
Iris,2001,6.2,47,Drama Romance,25,2000,Average,Low
Galaxina,1980,3.3,16,Comedy Science Fiction,46,1980,Poor,Low
The Chorus,2004,7.5,526,Drama,22,2000,Good,Low
Mambo Italiano,2003,5.6,28,Comedy Romance,23,2000,Poor,Low
Wonderland,2003,6.2,73,Crime Drama Mystery Thriller,23,2000,Average,Low
Do The Right Thing,1989,7.6,292,Drama,37,1980,Good,Low
Harvard Man,2001,4.8,15,Drama,25,2000,Poor,Low
Le Havre,2011,6.8,97,Drama Comedy,15,2010,Average,Low
Irreversible,2002,7.1,538,Drama Thriller Crime Mystery,24,2000,Good,Low
R100,2013,5.4,31,Comedy Drama,13,2010,Poor,Low
Rang De Basanti,2006,7.2,97,Drama,20,2000,Good,Low
Salvation Boulevard,2011,5.6,28,Comedy Thriller Action Drama,15,2010,Poor,Low
The Ten,2007,4.9,57,Comedy,19,2000,Poor,Low
A Room For Romeo Brass,1999,7.3,18,Drama Comedy Foreign,27,1990,Good,Low
Headhunters,2011,7.1,399,Thriller Crime,15,2010,Good,Low
Grabbers,2012,6.0,140,Science Fiction Comedy Thriller Horror,14,2010,Poor,Low
Saint Ralph,2004,7.3,24,Comedy Drama,22,2000,Good,Low
Miss Julie,2014,5.9,45,Drama,12,2010,Poor,Low
Somewhere In Time,1980,7.2,102,Science Fiction Drama Fantasy Romance,46,1980,Good,Low
Insidious: Chapter 2,2013,6.5,1211,Horror Thriller,13,2010,Average,Moderate
Saw Ii,2005,6.3,1251,Horror,21,2000,Average,Moderate
10 Cloverfield Lane,2016,6.8,2468,Thriller Science Fiction Drama,10,2010,Average,Moderate
Jackass: The Movie,2002,6.1,345,Documentary Comedy,24,2000,Average,Low
Lights Out,2016,6.3,1129,Horror Thriller,10,2010,Average,Moderate
Paranormal Activity 3,2011,5.9,669,Horror,15,2010,Poor,Low
Ouija,2014,4.9,983,Horror,12,2010,Poor,Low
A Nightmare On Elm Street 3: Dream Warriors,1987,6.5,354,Horror Thriller,39,1980,Average,Low
Instructions Not Included,2013,7.5,205,Comedy Drama,13,2010,Good,Low
Paranormal Activity 4,2012,5.2,563,Horror,14,2010,Poor,Low
Freddy'S Dead: The Final Nightmare,1991,5.1,272,Horror Thriller Comedy,35,1990,Poor,Low
Monster,2003,7.0,485,Crime Drama,23,2000,Average,Low
Paranormal Activity: The Marked Ones,2014,5.2,449,Horror Thriller,12,2010,Poor,Low
The Elephant Man,1980,7.9,719,Drama History,46,1980,Good,Low
Dallas Buyers Club,2013,7.9,2886,Drama History,13,2010,Good,Moderate
The Lazarus Effect,2015,5.1,505,Thriller Horror,11,2010,Poor,Low
Memento,2000,8.1,4028,Mystery Thriller,26,2000,Excellent,Moderate
Oculus,2013,6.3,1050,Horror,13,2010,Average,Moderate
Clerks Ii,2006,6.9,398,Comedy,20,2000,Average,Low
Billy Elliot,2000,7.4,750,Drama Comedy Music,26,2000,Good,Low
The Way Way Back,2013,7.1,688,Comedy Drama,13,2010,Good,Low
House Party 2,1991,4.7,21,Comedy,35,1990,Poor,Low
The Man From Snowy River,1982,6.8,37,Family Drama Action Western Romance,44,1980,Average,Low
Doug'S 1St Movie,1999,5.4,22,Animation Family Comedy,27,1990,Poor,Low
The Apostle,1997,6.1,38,Drama,29,1990,Average,Low
Mommie Dearest,1981,6.5,54,Drama,45,1980,Average,Low
Our Idiot Brother,2011,5.9,365,Comedy Drama,15,2010,Poor,Low
Race,2016,7.1,478,Action Drama,10,2010,Good,Low
The Players Club,1998,6.4,14,Drama,28,1990,Average,Low
"As Above, So Below",2014,6.1,766,Horror Thriller,12,2010,Average,Low
Addicted,2014,5.4,63,Drama Thriller,12,2010,Poor,Low
Eve'S Bayou,1997,6.1,27,Drama,29,1990,Average,Low
Still Alice,2014,7.5,1104,Drama,12,2010,Good,Moderate
Nighthawks,1981,6.4,86,Action Crime Thriller,45,1980,Average,Low
Friday The 13Th Part Viii: Jason Takes Manhattan,1989,4.8,191,Horror Thriller,37,1980,Poor,Low
My Big Fat Greek Wedding,2002,6.2,671,Comedy Drama Romance,24,2000,Average,Low
Spring Breakers,2013,5.0,1551,Drama Crime,13,2010,Poor,Moderate
Halloween: The Curse Of Michael Myers,1995,5.0,170,Horror Thriller,31,1990,Poor,Low
Y Tu Mamá También,2001,7.3,315,Drama Romance,25,2000,Good,Low
Shaun Of The Dead,2004,7.5,2420,Horror Comedy,22,2000,Good,Moderate
The Haunting Of Molly Hartley,2008,4.3,48,Drama Horror,18,2000,Poor,Low
Lone Star,1996,6.9,77,Drama Mystery Romance,30,1990,Average,Low
Halloween 4: The Return Of Michael Myers,1988,5.9,209,Horror Thriller,38,1980,Poor,Low
April Fool'S Day,1986,5.8,73,Horror Mystery,40,1980,Poor,Low
Diner,1982,6.9,83,Comedy Drama,44,1980,Average,Low
Lone Wolf Mcquade,1983,5.5,67,Action Crime Drama Romance Thriller,43,1980,Poor,Low
Apollo 18,2011,5.0,356,Horror Thriller Science Fiction,15,2010,Poor,Low
Sunshine Cleaning,2008,6.5,255,Comedy Drama,18,2000,Average,Low
No Escape,2015,6.7,777,Action Thriller,11,2010,Average,Low
The Beastmaster,1982,6.0,97,Action Fantasy,44,1980,Poor,Low
Fifty Shades Of Black,2016,4.3,331,Romance Comedy,10,2010,Poor,Low
The Perfect Match,2016,5.2,42,Comedy Romance,10,2010,Poor,Low
Digimon: The Movie,2000,6.2,72,Fantasy Animation Science Fiction Family,26,2000,Average,Low
Saved!,2004,6.3,147,Comedy Drama,22,2000,Average,Low
The Barbarian Invasions,2003,6.7,77,Comedy Crime Drama,23,2000,Average,Low
The Forsaken,2001,4.9,47,Action Adventure Horror Thriller,25,2000,Poor,Low
Uhf,1989,6.7,89,Comedy,37,1980,Average,Low
Grandma'S Boy,2006,6.6,220,Comedy,20,2000,Average,Low
Slums Of Beverly Hills,1998,6.5,44,Comedy Drama,28,1990,Average,Low
Made,2001,6.3,55,Action Comedy Thriller,25,2000,Average,Low
Moon,2009,7.6,1794,Science Fiction Drama,17,2000,Good,Moderate
Keeping Up With The Steins,2006,5.2,18,Comedy,20,2000,Poor,Low
Sea Rex 3D: Journey To A Prehistoric World,2010,5.9,11,Documentary,16,2010,Poor,Low
The Sweet Hereafter,1997,6.8,103,Drama,29,1990,Average,Low
Of Gods And Men,2010,6.5,91,Drama History,16,2010,Average,Low
Bottle Shock,2008,6.6,60,Comedy Drama,18,2000,Average,Low
Heavenly Creatures,1994,7.0,294,Drama Fantasy,32,1990,Average,Low
90 Minutes In Heaven,2015,5.4,40,Drama,11,2010,Poor,Low
Everything Must Go,2010,6.0,208,Comedy Drama Romance,16,2010,Poor,Low
Zero Effect,1998,6.0,55,Comedy Crime Mystery Thriller,28,1990,Poor,Low
The Machinist,2004,7.3,1247,Thriller Drama,22,2000,Good,Moderate
Light Sleeper,1992,5.7,15,Drama Crime,34,1990,Poor,Low
Kill The Messenger,2014,6.6,355,Thriller Crime Drama Mystery,12,2010,Average,Low
Rabbit Hole,2010,6.9,165,Drama,16,2010,Average,Low
Party Monster,2003,5.9,58,Comedy Drama Crime,23,2000,Poor,Low
Green Room,2016,6.7,683,Horror Crime Thriller,10,2010,Average,Low
The Oh In Ohio,2006,5.8,27,Comedy Drama Romance,20,2000,Poor,Low
Atlas Shrugged Part Iii: Who Is John Galt?,2014,3.9,15,Drama Science Fiction Mystery,12,2010,Poor,Low
Bottle Rocket,1996,6.8,281,Comedy Crime Drama,30,1990,Average,Low
Albino Alligator,1996,5.6,45,Crime Drama Thriller,30,1990,Poor,Low
Standard Operating Procedure,2008,6.6,14,Documentary,18,2000,Average,Low
Out Of The Blue,1980,6.5,17,Drama,46,1980,Average,Low
Tucker And Dale Vs Evil,2010,7.3,847,Comedy Horror,16,2010,Good,Low
"Lovely, Still",2008,6.2,13,Drama Romance,18,2000,Average,Low
Decoys,2004,4.7,33,Horror Science Fiction Thriller,22,2000,Poor,Low
The Visit,2015,6.0,1360,Horror Thriller,11,2010,Poor,Moderate
Redacted,2007,6.2,37,Drama War,19,2000,Average,Low
Area 51,2015,4.2,151,Horror Thriller Science Fiction,11,2010,Poor,Low
Sleep Tight,2011,7.0,202,Thriller,15,2010,Average,Low
The Cottage,2008,6.3,80,Horror Comedy Crime Thriller,18,2000,Average,Low
Dead Like Me: Life After Death,2009,5.8,65,Drama Fantasy Comedy,17,2000,Poor,Low
Farce Of The Penguins,2006,3.2,13,Comedy Documentary,20,2000,Poor,Low
Rudderless,2014,7.4,105,Music Drama Comedy,12,2010,Good,Low
Christmas Eve,2015,6.1,24,Romance Comedy,11,2010,Average,Low
Dying Of The Light,2014,4.5,118,Thriller Drama,12,2010,Poor,Low
Yoga Hosers,2016,4.7,102,Comedy Fantasy Horror Thriller,10,2010,Poor,Low
Navy Seals Vs. Zombies,2015,3.5,36,Horror Action,11,2010,Poor,Low
I Served The King Of England,2006,7.0,22,Comedy Drama,20,2000,Average,Low
Soul Kitchen,2009,7.1,116,Drama Comedy,17,2000,Good,Low
Sling Blade,1996,7.4,231,Drama,30,1990,Good,Low
The Awakening,2011,6.3,458,Horror Thriller,15,2010,Average,Low
Hostel,2005,5.7,887,Horror,21,2000,Poor,Low
A Cock And Bull Story,2005,6.2,43,Comedy Drama,21,2000,Average,Low
Take Shelter,2011,7.1,471,Thriller Drama,15,2010,Good,Low
Lady In White,1988,6.3,25,Horror Thriller,38,1980,Average,Low
Driving Lessons,2006,6.3,47,Drama Comedy,20,2000,Average,Low
Let'S Kill Ward'S Wife,2014,5.5,76,Comedy,12,2010,Poor,Low
The Texas Chainsaw Massacre 2,1986,5.9,139,Horror,40,1980,Poor,Low
Only God Forgives,2013,5.6,862,Drama Thriller Crime,13,2010,Poor,Low
Dear Frankie,2004,7.0,46,Drama Family,22,2000,Average,Low
The Names Of Love,2010,7.3,93,Drama Comedy Romance,16,2010,Good,Low
Savage Grace,2007,5.7,60,Drama,19,2000,Poor,Low
Out Of The Blue,2006,5.9,18,Drama,20,2000,Poor,Low
Police Academy,1984,6.5,602,Comedy Crime,42,1980,Average,Low
The Blue Lagoon,1980,5.8,408,Romance Adventure Drama,46,1980,Poor,Low
Four Weddings And A Funeral,1994,6.6,632,Comedy Drama Romance,32,1990,Average,Low
Fast Times At Ridgemont High,1982,7.0,322,Comedy,44,1980,Average,Low
25Th Hour,2002,7.2,629,Crime Drama,24,2000,Good,Low
Bound,1996,6.9,198,Crime Drama Romance Thriller,30,1990,Average,Low
Requiem For A Dream,2000,7.9,2443,Crime Drama,26,2000,Good,Moderate
Salvador,1986,7.0,71,Drama,40,1980,Average,Low
Moms' Night Out,2014,5.5,121,Comedy,12,2010,Poor,Low
Donnie Darko,2001,7.7,3452,Fantasy Drama Mystery,25,2000,Good,Moderate
Saving Private Perez,2011,6.1,18,Action Comedy Foreign,15,2010,Average,Low
Character,1997,7.7,25,Drama Foreign History,29,1990,Good,Low
Spun,2002,6.6,132,Comedy Crime Drama,24,2000,Average,Low
Life During Wartime,2009,6.3,30,Comedy Drama,17,2000,Average,Low
Sympathy For Lady Vengeance,2005,7.4,356,Drama Thriller,21,2000,Good,Low
Mozart'S Sister,2010,6.2,13,Drama,16,2010,Average,Low
Mean Machine,2001,6.0,157,Comedy Drama,25,2000,Poor,Low
Exiled,2006,7.0,46,Action Crime Thriller,20,2000,Average,Low
Blackthorn,2011,6.6,73,Adventure Action Western,15,2010,Average,Low
Lilya 4-Ever,2002,7.7,139,Crime Drama,24,2000,Good,Low
After.Life,2010,5.4,251,Drama Horror Mystery Thriller,16,2010,Poor,Low
R.L. Stine'S Monsterville: The Cabinet Of Souls,2015,6.9,35,Comedy Horror,11,2010,Average,Low
Airlift,2016,7.3,57,Thriller Action Drama History,10,2010,Good,Low
Anne Of Green Gables,1985,8.2,68,Drama Family,41,1980,Excellent,Low
Falcon Rising,2014,5.5,71,Adventure Action,12,2010,Poor,Low
The Sweeney,2012,5.7,109,Action Drama Crime,14,2010,Poor,Low
Sexy Beast,2000,7.0,217,Crime Drama Thriller,26,2000,Average,Low
Easy Money,2010,6.5,63,Drama Thriller Crime,16,2010,Average,Low
Whale Rider,2003,7.1,111,Drama Family,23,2000,Good,Low
Paa,2009,6.6,19,Drama Family Foreign,17,2000,Average,Low
Cargo,2009,5.9,140,Thriller Mystery Science Fiction,17,2000,Poor,Low
High School Musical,2006,6.1,1000,Comedy Drama Family Music TV Movie,20,2000,Average,Low
Love And Death On Long Island,1997,6.9,11,Drama Romance Foreign,29,1990,Average,Low
Night Watch,2004,6.3,210,Fantasy Action Thriller,22,2000,Average,Low
The Crying Game,1992,6.9,176,Romance Crime Drama Thriller,34,1990,Average,Low
Porky'S,1981,6.1,183,Comedy,45,1980,Average,Low
Survival Of The Dead,2010,4.6,116,Horror Science Fiction,16,2010,Poor,Low
Lost In Translation,2003,7.3,1895,Drama,23,2000,Good,Moderate
Monster'S Ball,2001,6.5,250,Drama Romance,25,2000,Average,Low
Maggie,2015,5.2,593,Horror,11,2010,Poor,Low
Leaving Las Vegas,1995,7.1,360,Drama Romance,31,1990,Good,Low
Hansel And Gretel Get Baked,2013,4.8,67,Horror Comedy,13,2010,Poor,Low
The Boy Next Door,2015,4.1,1022,Thriller,11,2010,Poor,Moderate
The Kids Are All Right,2010,6.5,506,Comedy Drama,16,2010,Average,Low
They Live,1988,7.1,550,Action Horror Science Fiction Thriller,38,1980,Good,Low
What The #$*! Do We (K)Now!?,2004,5.8,34,Documentary,22,2000,Poor,Low
The Last Exorcism Part Ii,2013,4.4,203,Horror Thriller,13,2010,Poor,Low
Boyhood,2014,7.5,1971,Drama,12,2010,Good,Moderate
Scoop,2006,6.4,420,Comedy Mystery,20,2000,Average,Low
The Wash,2001,5.3,26,Action Comedy,25,2000,Poor,Low
3 Strikes,2000,5.9,15,Action Comedy Romance,26,2000,Poor,Low
The Cooler,2003,6.7,89,Drama Romance,23,2000,Average,Low
The Night Listener,2006,5.5,57,Drama Thriller,20,2000,Poor,Low
The Jerky Boys,1995,4.8,10,Comedy Crime,31,1990,Poor,Low
The Orphanage,2007,7.1,633,Horror Drama Thriller,19,2000,Good,Low
A Haunted House 2,2014,5.4,346,Comedy Horror,12,2010,Poor,Low
The Rules Of Attraction,2002,6.3,168,Comedy Drama Romance,24,2000,Average,Low
Let'S Go To Prison,2006,5.5,69,Comedy Crime,20,2000,Poor,Low
Four Rooms,1995,6.5,530,Crime Comedy,31,1990,Average,Low
Secretary,2002,6.7,376,Comedy Drama Romance,24,2000,Average,Low
Talk Radio,1988,6.7,46,Drama,38,1980,Average,Low
Waiting For Guffman,1996,7.3,63,Music Comedy,30,1990,Good,Low
Love Stinks,1999,5.4,11,Comedy Romance,27,1990,Poor,Low
You Kill Me,2007,6.2,80,Comedy Crime Thriller Romance,19,2000,Average,Low
Thumbsucker,2005,6.1,67,Comedy Drama,21,2000,Average,Low
Red State,2011,5.9,316,Horror Action Thriller,15,2010,Poor,Low
Mirrormask,2005,6.6,102,Fantasy,21,2000,Average,Low
Samsara,2011,8.0,167,Drama Documentary,15,2010,Good,Low
The Art Of Getting By,2011,6.5,415,Drama Romance,15,2010,Average,Low
Zipper,2015,5.5,58,Thriller Drama,11,2010,Poor,Low
Poolhall Junkies,2002,6.5,25,Comedy Drama Thriller,24,2000,Average,Low
Holy Motors,2012,6.9,228,Drama Fantasy,14,2010,Average,Low
Joe,2014,6.5,338,Drama,12,2010,Average,Low
Shooting Fish,1997,7.0,23,Crime Comedy Romance,29,1990,Average,Low
Prison,1988,6.7,27,Crime Drama Horror Thriller,38,1980,Average,Low
Psycho Beach Party,2000,6.0,26,Comedy,26,2000,Poor,Low
"Guten Tag, Ramón",2013,8.1,18,Drama,13,2010,Excellent,Low
Trust,2010,6.6,307,Crime Drama Thriller,16,2010,Average,Low
Adore,2013,6.1,291,Drama,13,2010,Average,Low
Mondays In The Sun,2002,7.1,36,Drama,24,2000,Good,Low
Stake Land,2010,6.2,285,Drama Horror Action Thriller Science Fiction,16,2010,Average,Low
Futuro Beach,2014,6.4,31,Drama,12,2010,Average,Low
Another Happy Day,2011,6.2,37,Comedy Drama,15,2010,Average,Low
A Lonely Place To Die,2011,6.2,157,Adventure Action Thriller Crime,15,2010,Average,Low
Nothing,2003,5.8,38,Comedy Fantasy Science Fiction,23,2000,Poor,Low
The Geographer Drank His Globe Away,2013,7.3,23,Drama,13,2010,Good,Low
Inescapable,2012,5.2,13,Thriller Romance,14,2010,Poor,Low
The Veil,2016,4.5,118,Horror,10,2010,Poor,Low
The Loved Ones,2009,6.6,207,Horror,17,2000,Average,Low
How To Fall In Love,2012,5.2,20,Comedy Romance TV Movie,14,2010,Poor,Low
The Perfect Wave,2014,4.4,21,Romance Adventure Drama,12,2010,Poor,Low
Desert Dancer,2014,6.5,18,Drama,12,2010,Average,Low
Four Lions,2010,7.0,423,Comedy Crime Drama,16,2010,Average,Low
Defendor,2009,6.5,195,Drama Action Comedy Crime,17,2000,Average,Low
The Good Heart,2009,6.0,21,Drama Comedy Romance,17,2000,Poor,Low
The History Boys,2006,6.6,66,Comedy Drama,20,2000,Average,Low
The Full Monty,1997,6.8,363,Comedy,29,1990,Average,Low
Airplane!,1980,7.1,1074,Comedy,46,1980,Good,Moderate
Chain Of Command,2015,5.3,11,Thriller Adventure Action,11,2010,Poor,Low
Friday,1995,7.0,503,Comedy,31,1990,Average,Low
Menace Ii Society,1993,7.2,173,Drama Action Crime,33,1990,Good,Low
Creepshow 2,1987,5.9,129,Horror,39,1980,Poor,Low
The Witch,2016,6.3,1434,Mystery Horror,10,2010,Average,Moderate
She'S The One,1996,5.7,70,Comedy Romance,30,1990,Poor,Low
Gods And Monsters,1998,6.8,81,Drama,28,1990,Average,Low
The Secret In Their Eyes,2009,7.8,626,Crime Drama Mystery Romance,17,2000,Good,Low
Train,2008,4.8,36,Horror Thriller,18,2000,Poor,Low
Evil Dead Ii,1987,7.6,742,Horror Comedy Fantasy,39,1980,Good,Low
Pootie Tang,2001,5.4,43,Action Comedy,25,2000,Poor,Low
Sharknado,2013,3.8,476,TV Movie Horror,13,2010,Poor,Low
Troll Hunter,2010,6.7,583,Fantasy Horror,16,2010,Average,Low
Winter Passing,2006,6.7,28,Comedy Drama,20,2000,Average,Low
D.E.B.S.,2004,5.6,90,Action,22,2000,Poor,Low
The Betrayed,2008,5.2,10,Crime Drama Mystery Thriller,18,2000,Poor,Low
2:13,2009,4.6,10,Horror Thriller Mystery,17,2000,Poor,Low
"Batman: The Dark Knight Returns, Part 2",2013,7.9,419,Action Animation,13,2010,Good,Low
In The Name Of The King Iii,2013,3.3,19,Action Adventure Drama Fantasy,13,2010,Poor,Low
Wicked Blood,2014,5.3,37,Action Drama Thriller,12,2010,Poor,Low
Stranded,2015,5.0,11,Drama,11,2010,Poor,Low
March Of The Penguins,2005,6.9,358,Documentary Family,21,2000,Average,Low
Margin Call,2011,6.7,524,Thriller Drama,15,2010,Average,Low
August,2011,6.2,15,Drama,15,2010,Average,Low
Choke,2008,6.0,127,Comedy Drama,18,2000,Poor,Low
Whiplash,2014,8.3,4254,Drama,12,2010,Excellent,Moderate
City Of God,2002,8.1,1814,Drama Crime,24,2000,Excellent,Moderate
Human Traffic,1999,6.8,97,Comedy Drama,27,1990,Average,Low
To Write Love On Her Arms,2015,6.8,47,Drama Music,11,2010,Average,Low
The Dead Girl,2006,6.4,66,Mystery Drama Crime Thriller,20,2000,Average,Low
The Hunt,2012,7.9,927,Drama,14,2010,Good,Low
A Christmas Story,1983,7.4,344,Comedy Family,43,1980,Good,Low
Bella,2006,6.7,37,Drama Romance,20,2000,Average,Low
Class Of 1984,1982,6.2,66,Action Drama Horror Crime Thriller,44,1980,Average,Low
The Class,2008,6.8,174,Drama,18,2000,Average,Low
Adam,2009,6.9,150,Drama Romance,17,2000,Average,Low
Maria Full Of Grace,2004,6.9,101,Drama Thriller Crime,22,2000,Average,Low
Beginners,2010,6.8,347,Drama Romance Comedy,16,2010,Average,Low
Feast,2005,6.1,160,Action Comedy Horror,21,2000,Average,Low
Antiviral,2012,5.7,112,Science Fiction Horror,14,2010,Poor,Low
Trainspotting,1996,7.8,2655,Drama Crime,30,1990,Good,Moderate
The Original Kings Of Comedy,2000,6.3,15,Comedy,26,2000,Average,Low
Paranormal Activity 2,2010,5.7,722,Horror Thriller,16,2010,Poor,Low
Waking Ned,1998,7.4,54,Comedy Romance,28,1990,Good,Low
Bowling For Columbine,2002,7.3,453,Documentary,24,2000,Good,Low
Coming Home,2014,6.9,49,Drama,12,2010,Average,Low
A Nightmare On Elm Street Part 2: Freddy'S Revenge,1985,5.7,361,Horror,41,1980,Poor,Low
A Room With A View,1985,6.9,156,Drama Romance,41,1980,Average,Low
The Purge,2013,6.0,2428,Science Fiction Horror Thriller,13,2010,Poor,Moderate
Sinister,2012,6.7,1573,Horror Thriller Mystery,14,2010,Average,Moderate
Air Bud,1997,5.3,106,Comedy Family Drama,29,1990,Poor,Low
Pokémon: Spell Of The Unknown,2000,5.9,137,Adventure Fantasy Animation Action Family,26,2000,Poor,Low
Friday The 13Th Part Vi: Jason Lives,1986,5.7,216,Horror Mystery Thriller,40,1980,Poor,Low
Spaced Invaders,1990,4.7,25,Comedy Family Science Fiction,36,1990,Poor,Low
Jason Goes To Hell: The Final Friday,1993,4.2,193,Fantasy Horror Thriller,33,1990,Poor,Low
Dave Chappelle'S Block Party,2005,6.4,28,Comedy Documentary Music,21,2000,Average,Low
Slow West,2015,6.6,367,Romance Thriller Western,11,2010,Average,Low
Krush Groove,1985,7.0,11,Drama Music Romance,41,1980,Average,Low
Next Day Air,2009,5.3,36,Action Comedy Crime,17,2000,Poor,Low
Phat Girlz,2006,3.7,10,Comedy Romance,20,2000,Poor,Low
Before Midnight,2013,7.4,568,Romance Drama,13,2010,Good,Low
Teen Wolf Too,1987,3.8,46,Comedy Fantasy Family,39,1980,Poor,Low
Phantasm Ii,1988,6.3,94,Action Horror Science Fiction Thriller,38,1980,Average,Low
Real Women Have Curves,2002,5.8,19,Comedy Drama,24,2000,Poor,Low
Water,2005,6.8,34,Drama Foreign Romance,21,2000,Average,Low
East Is East,1999,6.5,59,Comedy,27,1990,Average,Low
Whipped,2000,3.1,11,Comedy Romance,26,2000,Poor,Low
Kama Sutra - A Tale Of Love,1996,5.7,35,Drama History Romance,30,1990,Poor,Low
Please Give,2010,6.0,57,Comedy Drama,16,2010,Poor,Low
Warlock: The Armageddon,1993,5.2,38,Fantasy Horror Science Fiction,33,1990,Poor,Low
8 Heads In A Duffel Bag,1997,5.4,39,Comedy Crime,29,1990,Poor,Low
Thirteen Conversations About One Thing,2001,6.4,25,Drama,25,2000,Average,Low
Jawbreaker,1999,5.9,90,Comedy,27,1990,Poor,Low
Basquiat,1996,6.6,94,Drama History,30,1990,Average,Low
Frances Ha,2013,7.2,345,Comedy Drama,13,2010,Good,Low
Tsotsi,2005,6.9,94,Crime Drama,21,2000,Average,Low
Happiness,1998,7.4,194,Comedy Drama,28,1990,Good,Low
Tusk,2014,5.1,366,Comedy Horror,12,2010,Poor,Low
Oldboy,2003,8.0,1945,Drama Thriller Mystery Action,23,2000,Good,Moderate
Letters To God,2010,6.5,37,Action Drama Family Thriller,16,2010,Average,Low
Hobo With A Shotgun,2011,5.7,211,Action Comedy Thriller,15,2010,Poor,Low
Compadres,2016,5.2,17,Action Comedy,10,2010,Poor,Low
Freeway,1996,6.5,95,Comedy Drama Thriller,30,1990,Average,Low
Love'S Abiding Joy,2006,5.8,12,TV Movie Action Drama Family,20,2000,Poor,Low
Fish Tank,2009,6.9,250,Drama,17,2000,Average,Low
Damsels In Distress,2012,5.6,67,Comedy Romance,14,2010,Poor,Low
Creature,1998,4.0,21,Horror Science Fiction Thriller,28,1990,Poor,Low
Bachelorette,2012,5.3,444,Comedy Romance,14,2010,Poor,Low
Tim And Eric'S Billion Dollar Movie,2012,5.2,34,Comedy,14,2010,Poor,Low
Summer Storm,2004,6.7,59,Comedy Drama,22,2000,Average,Low
Chain Letter,2010,3.9,37,Horror Thriller,16,2010,Poor,Low
The Divide,2011,5.7,197,Science Fiction,15,2010,Poor,Low
The Eclipse,2009,6.1,15,Drama Horror Romance,17,2000,Average,Low
Demonic,2015,4.9,148,Thriller Horror,11,2010,Poor,Low
Tanner Hall,2009,5.4,32,Drama,17,2000,Poor,Low
Open Road,2013,5.2,18,Action Drama Thriller,13,2010,Poor,Low
They Came Together,2014,5.3,171,Comedy,12,2010,Poor,Low
30 Nights Of Paranormal Activity With The Devil Inside The Girl With The Dragon Tattoo,2013,2.9,28,Comedy,13,2010,Poor,Low
Never Back Down 2: The Beatdown,2011,5.8,136,Drama Action,15,2010,Poor,Low
Enter The Dangerous Mind,2013,4.8,14,Thriller,13,2010,Poor,Low
Something Wicked,2014,4.6,16,Mystery Thriller,12,2010,Poor,Low
Awol-72,2015,2.8,10,Thriller,11,2010,Poor,Low
Barry Munday,2010,6.3,22,Comedy Drama Romance,16,2010,Average,Low
Central Station,1998,7.6,126,Drama,28,1990,Good,Low
Close Range,2015,4.9,54,Crime Action,11,2010,Poor,Low
Amnesiac,2015,4.1,52,Thriller Mystery Drama Horror,11,2010,Poor,Low
Freakonomics,2010,6.6,36,Documentary,16,2010,Average,Low
High Tension,2003,6.6,271,Horror Thriller Mystery,23,2000,Average,Low
Griff The Invisible,2011,6.1,34,Romance Comedy Drama,15,2010,Average,Low
Unnatural,2015,4.3,12,Thriller Action Horror,11,2010,Poor,Low
Hustle & Flow,2005,6.9,99,Drama,21,2000,Average,Low
Friday The 13Th Part Vii: The New Blood,1988,5.3,192,Horror Thriller,38,1980,Poor,Low
Diary Of The Dead,2007,5.4,190,Horror Action Science Fiction,19,2000,Poor,Low
Lage Raho Munna Bhai,2006,7.6,44,Comedy Drama Romance,20,2000,Good,Low
Ulee'S Gold,1997,6.5,19,Drama,29,1990,Average,Low
Journey To Saturn,2008,4.9,10,Action Adventure Animation Comedy Science Fiction,18,2000,Poor,Low
Friday The 13Th: The Final Chapter,1984,5.9,237,Horror Thriller,42,1980,Poor,Low
Ida,2013,7.1,260,Drama,13,2010,Good,Low
Maurice,1987,7.1,61,Drama Romance,39,1980,Good,Low
Beer League,2006,5.3,22,Comedy,20,2000,Poor,Low
Riding Giants,2004,7.6,23,Documentary,22,2000,Good,Low
Timecrimes,2007,7.0,308,Science Fiction Thriller,19,2000,Average,Low
Silver Medalist,2009,7.4,13,Action Adventure Comedy Drama Foreign,17,2000,Good,Low
Timber Falls,2007,5.2,38,Horror Thriller,19,2000,Poor,Low
"Fat, Sick & Nearly Dead",2010,7.1,47,Documentary,16,2010,Good,Low
A Haunted House,2013,5.4,516,Comedy Horror,13,2010,Poor,Low
2016: Obama'S America,2012,4.6,19,Documentary,14,2010,Poor,Low
That Thing You Do!,1996,6.8,225,Comedy Drama,30,1990,Average,Low
Halloween Iii: Season Of The Witch,1982,5.0,229,Horror Mystery Science Fiction,44,1980,Poor,Low
Kevin Hart: Let Me Explain,2013,7.1,95,Comedy Documentary,13,2010,Good,Low
My Own Private Idaho,1991,7.1,212,Drama Romance,35,1990,Good,Low
Garden State,2004,7.1,618,Comedy Drama Romance,22,2000,Good,Low
Before Sunrise,1995,7.7,959,Drama Romance,31,1990,Good,Low
Jesus' Son,1999,6.7,22,Comedy Drama Romance,27,1990,Average,Low
Saving Face,2004,6.8,32,Comedy Romance,22,2000,Average,Low
Brick Lane,2007,5.2,15,Drama,19,2000,Poor,Low
Robot & Frank,2012,6.8,450,Science Fiction Comedy Drama Crime,14,2010,Average,Low
My Life Without Me,2003,7.2,77,Drama Romance,23,2000,Good,Low
The Spectacular Now,2013,6.8,1048,Comedy Drama Romance,13,2010,Average,Moderate
Religulous,2008,7.2,197,Comedy Documentary,18,2000,Good,Low
The Other End Of The Line,2008,6.1,50,Comedy Romance,18,2000,Average,Low
Anatomy,2000,6.1,61,Horror Thriller,26,2000,Average,Low
Sleep Dealer,2008,6.0,40,Drama Science Fiction Thriller,18,2000,Poor,Low
Super,2010,6.6,441,Comedy Action Drama,16,2010,Average,Low
Christmas Mail,2010,5.0,15,Comedy Family,16,2010,Poor,Low
Stung,2015,4.9,63,Comedy Horror,11,2010,Poor,Low
Antibirth,2016,4.8,40,Horror,10,2010,Poor,Low
Get On The Bus,1996,7.0,11,Drama,30,1990,Average,Low
Thr3E,2006,4.8,21,Drama Horror Thriller,20,2000,Poor,Low
Idiocracy,2006,6.3,664,Adventure Comedy Science Fiction,20,2000,Average,Low
The Rise Of The Krays,2015,4.5,19,Crime,11,2010,Poor,Low
This Is England,2006,7.4,363,Drama Crime,20,2000,Good,Low
U.F.O.,2012,3.1,47,Action Adventure Science Fiction,14,2010,Poor,Low
The Calling,2014,5.6,88,Thriller,12,2010,Poor,Low
The Brave Little Toaster,1987,6.7,93,Fantasy Adventure Animation Comedy Family,39,1980,Average,Low
Friday The 13Th Part Iii,1982,5.7,254,Horror Thriller,44,1980,Poor,Low
Friday The 13Th: A New Beginning,1985,5.1,196,Horror Thriller,41,1980,Poor,Low
The Last Sin Eater,2007,6.2,11,Drama,19,2000,Average,Low
Do You Believe?,2015,6.6,48,Fantasy Drama,11,2010,Average,Low
Eden,2015,5.6,19,Thriller Drama,11,2010,Poor,Low
There'S Always Woodstock,2014,5.4,12,Romance Comedy Music,12,2010,Poor,Low
Jack Brooks: Monster Slayer,2007,5.7,59,Action Comedy Horror,19,2000,Poor,Low
Bully,2001,6.7,125,Crime Drama,25,2000,Average,Low
Elling,2001,7.0,51,Comedy Drama,25,2000,Average,Low
[Rec],2007,7.1,934,Horror Mystery,19,2000,Good,Low
Containment,2015,5.1,36,Thriller Horror Science Fiction,11,2010,Poor,Low
The Timber,2015,4.1,15,Adventure Drama Western,11,2010,Poor,Low
The Toxic Avenger Part Ii,1989,5.3,39,Comedy Horror Action,37,1980,Poor,Low
It Follows,2015,6.6,1832,Horror Thriller,11,2010,Average,Moderate
Mad Max 2: The Road Warrior,1981,7.3,957,Adventure Action Thriller Science Fiction,45,1980,Good,Low
The Legend Of Drunken Master,1994,7.2,242,Action Comedy,32,1990,Good,Low
Boys Don'T Cry,1999,7.2,353,Crime Drama,27,1990,Good,Low
Silent House,2011,5.2,125,Horror Mystery,15,2010,Poor,Low
The Lives Of Others,2006,7.9,958,Drama Thriller,20,2000,Good,Low
Courageous,2011,6.8,77,Drama,15,2010,Average,Low
The Triplets Of Belleville,2003,7.3,231,Adventure Animation Comedy Drama,23,2000,Good,Low
Smoke Signals,1998,6.6,24,Drama Comedy,28,1990,Average,Low
American Splendor,2003,7.1,120,Comedy Drama,23,2000,Good,Low
Before Sunset,2004,7.6,718,Drama Romance,22,2000,Good,Low
Amores Perros,2000,7.6,521,Drama Thriller,26,2000,Good,Low
Thirteen,2003,6.7,339,Crime Drama,23,2000,Average,Low
Winter'S Bone,2010,6.8,565,Drama,16,2010,Average,Low
Touching The Void,2003,7.6,138,Documentary Action Adventure,23,2000,Good,Low
Me And You And Everyone We Know,2005,7.0,107,Comedy Drama,21,2000,Average,Low
Inside Job,2010,7.7,286,Documentary,16,2010,Good,Low
We Are Your Friends,2015,6.3,658,Drama Music Romance,11,2010,Average,Low
Ghost Dog: The Way Of The Samurai,1999,7.2,298,Crime Drama,27,1990,Good,Low
Harsh Times,2005,6.3,197,Crime Drama Thriller Action,21,2000,Average,Low
Captive,2015,5.6,92,Crime Drama Thriller,11,2010,Poor,Low
Full Frontal,2002,4.8,26,Comedy Drama Romance,24,2000,Poor,Low
Witchboard,1986,5.9,58,Horror,40,1980,Poor,Low
Shortbus,2006,6.3,140,Romance Drama Comedy,20,2000,Average,Low
Waltz With Bashir,2008,7.8,291,Drama Animation War,18,2000,Good,Low
No End In Sight,2007,7.2,23,Documentary,19,2000,Good,Low
The Diary Of A Teenage Girl,2015,6.8,279,Drama Romance,11,2010,Average,Low
In The Shadow Of The Moon,2007,7.6,31,Documentary,19,2000,Good,Low
Meek'S Cutoff,2010,6.5,77,Drama Western,16,2010,Average,Low
Inside Deep Throat,2005,6.8,31,History Documentary,21,2000,Average,Low
Dinner Rush,2000,7.1,19,Drama Action Thriller,26,2000,Good,Low
Clockwatchers,1997,5.6,13,Comedy Drama,29,1990,Poor,Low
The Virginity Hit,2010,4.6,19,Comedy,16,2010,Poor,Low
Subway,1985,6.3,86,Action Thriller,41,1980,Average,Low
House Of D,2005,6.1,23,Comedy Drama,21,2000,Average,Low
Teeth,2007,5.2,210,Comedy Horror,19,2000,Poor,Low
Six-String Samurai,1998,5.8,36,Action Adventure Science Fiction,28,1990,Poor,Low
It'S All Gone Pete Tong,2004,7.1,52,Drama Comedy Music,22,2000,Good,Low
Saint John Of Las Vegas,2009,5.9,18,Comedy,17,2000,Poor,Low
24 7: Twenty Four Seven,1997,6.3,10,Comedy Drama Romance,29,1990,Average,Low
Stonewall,2015,5.2,32,Drama,11,2010,Poor,Low
The Lost Medallion: The Adventures Of Billy Stone,2013,5.6,13,Adventure Family,13,2010,Poor,Low
The Last Five Years,2014,5.5,143,Comedy Drama Music Romance,12,2010,Poor,Low
Return Of The Living Dead 3,1993,5.9,88,Comedy Science Fiction Romance Horror,33,1990,Poor,Low
London,2005,6.1,96,Drama Action Romance,21,2000,Average,Low
Sherrybaby,2006,6.3,41,Drama,20,2000,Average,Low
Circle,2015,6.0,333,Horror Science Fiction,11,2010,Poor,Low
Eden Lake,2008,6.7,406,Horror Thriller,18,2000,Average,Low
Plush,2013,5.4,40,Thriller,13,2010,Poor,Low
Lesbian Vampire Killers,2009,5.3,124,Horror Comedy,17,2000,Poor,Low
Gangster'S Paradise: Jerusalema,2008,6.8,16,Drama Action Crime Foreign,18,2000,Average,Low
Freeze Frame,2004,6.9,18,Thriller Drama Crime,22,2000,Average,Low
Grave Encounters,2011,6.1,381,Thriller Horror,15,2010,Average,Low
Stitches,2012,5.5,92,Horror,14,2010,Poor,Low
Nine Dead,2010,5.2,84,Crime Drama Horror Thriller,16,2010,Poor,Low
No Man'S Land: The Rise Of Reeker,2008,4.4,27,Horror Thriller,18,2000,Poor,Low
Highway,2002,5.6,37,Action Adventure Drama,24,2000,Poor,Low
Small Apartments,2012,5.7,50,Comedy Crime,14,2010,Poor,Low
Coffee Town,2013,6.7,45,Comedy,13,2010,Average,Low
All Is Bright,2013,5.3,36,Comedy Drama,13,2010,Poor,Low
Straight A'S,2013,5.2,46,Comedy Drama,13,2010,Poor,Low
Slacker Uprising,2007,5.9,10,Documentary,19,2000,Poor,Low
The Walking Deceased,2015,4.2,35,Science Fiction Comedy,11,2010,Poor,Low
The Curse Of Downers Grove,2015,4.4,24,Thriller Mystery Horror Drama,11,2010,Poor,Low
Shark Lake,2015,4.4,19,Thriller,11,2010,Poor,Low
River'S Edge,1986,6.7,59,Crime Drama,40,1980,Average,Low
Northfork,2003,6.7,24,Fantasy Drama Science Fiction,23,2000,Average,Low
The Marine 4: Moving Target,2015,5.8,49,Thriller Action,11,2010,Poor,Low
Buried,2010,6.6,827,Drama Thriller Mystery,16,2010,Average,Low
Submarine,2011,7.4,443,Drama Comedy Romance,15,2010,Good,Low
The Square,2013,7.8,55,Documentary Drama History,13,2010,Good,Low
One To Another,2006,5.8,12,Drama,20,2000,Poor,Low
Abcd (Any Body Can Dance),2013,5.6,10,Drama Music,13,2010,Poor,Low
Man On Wire,2008,7.5,275,Thriller Documentary Crime History,18,2000,Good,Low
Abandoned,2015,5.8,27,Drama Thriller,11,2010,Poor,Low
Brotherly Love,2015,6.9,21,Drama,11,2010,Average,Low
The Last Exorcism,2010,5.6,328,Horror Drama Thriller,16,2010,Poor,Low
Nowhere Boy,2009,7.2,244,Drama,17,2000,Good,Low
The Crime Of Padre Amaro,2002,6.2,36,Drama Romance,24,2000,Average,Low
Beasts Of The Southern Wild,2012,6.8,403,Drama Fantasy,14,2010,Average,Low
Higher Ground,2011,5.3,14,Drama Thriller,15,2010,Poor,Low
The Greatest Movie Ever Sold,2011,6.4,88,Comedy Documentary,15,2010,Average,Low
Ed And His Dead Mother,1993,5.5,12,Comedy,33,1990,Poor,Low
Sublime,2007,5.3,33,Horror Thriller,19,2000,Poor,Low
Independence Daysaster,2013,4.2,22,Action Science Fiction,13,2010,Poor,Low
Run Lola Run,1998,7.2,664,Action Drama Thriller,28,1990,Good,Low
May,2002,6.3,152,Drama Horror Thriller Romance,24,2000,Average,Low
Against The Wild,2013,4.9,19,Adventure Family,13,2010,Poor,Low
Under The Same Moon,2008,7.0,28,Drama,18,2000,Average,Low
In The Bedroom,2001,6.4,89,Drama Thriller,25,2000,Average,Low
I Spit On Your Grave,2010,6.3,519,Thriller Crime Horror,16,2010,Average,Low
"Happy, Texas",1999,5.5,39,Comedy Crime,27,1990,Poor,Low
My Summer Of Love,2004,6.0,59,Drama Thriller Romance,22,2000,Poor,Low
The Lunchbox,2013,7.3,221,Drama Romance,13,2010,Good,Low
Grace Unplugged,2013,6.0,24,Drama Music,13,2010,Poor,Low
Caramel,2007,6.8,52,Drama Comedy Romance,19,2000,Average,Low
Out Of The Dark,2014,4.6,55,Thriller Horror,12,2010,Poor,Low
The Bubble,2006,7.6,20,Drama Romance,20,2000,Good,Low
Cabin Fever,2016,4.4,111,Horror,10,2010,Poor,Low
Waitress,2007,6.7,129,Comedy,19,2000,Average,Low
Bloodsport,1988,6.6,363,Action,38,1980,Average,Low
Kids,1995,6.8,279,Drama Crime,31,1990,Average,Low
The Squid And The Whale,2005,6.9,226,Comedy Drama,21,2000,Average,Low
Kissing Jessica Stein,2001,5.9,48,Comedy,25,2000,Poor,Low
Kickboxer: Vengeance,2016,4.5,99,Action Drama,10,2010,Poor,Low
Exotica,1994,6.5,64,Drama Mystery,32,1990,Average,Low
Buffalo '66,1998,7.1,166,Romance Comedy Crime Drama,28,1990,Good,Low
Insidious,2010,6.8,1737,Horror Thriller,16,2010,Average,Moderate
Repo Man,1984,6.7,144,Comedy Crime Science Fiction Thriller,42,1980,Average,Low
Nine Queens,2000,7.4,153,Crime Drama Thriller,26,2000,Good,Low
The Gatekeepers,2012,6.5,39,Documentary,14,2010,Average,Low
The Ballad Of Jack And Rose,2005,6.5,43,Drama,21,2000,Average,Low
The To Do List,2013,5.5,342,Comedy Romance,13,2010,Poor,Low
Killing Zoe,1993,6.1,111,Action Crime Drama Thriller,33,1990,Average,Low
The Believer,2001,6.8,151,Drama,25,2000,Average,Low
Snow Angels,2008,6.5,48,Drama Romance,18,2000,Average,Low
Session 9,2001,6.2,251,Horror Mystery,25,2000,Average,Low
I Want Someone To Eat Cheese With,2006,5.7,12,Comedy Romance,20,2000,Poor,Low
Hatchet,2006,5.7,159,Comedy Horror,20,2000,Poor,Low
My Name Is Bruce,2007,5.9,107,Comedy Horror,19,2000,Poor,Low
Pontypool,2009,6.6,183,Horror Mystery Science Fiction,17,2000,Average,Low
Trucker,2008,6.8,16,Drama,18,2000,Average,Low
The Lords Of Salem,2012,5.1,242,Horror Thriller,14,2010,Poor,Low
Housebound,2014,6.5,358,Horror Comedy Thriller,12,2010,Average,Low
Wal-Mart: The High Cost Of Low Price,2005,6.9,24,Documentary,21,2000,Average,Low
Closer To The Moon,2013,6.4,13,Comedy Drama,13,2010,Average,Low
Checkmate,2015,4.2,13,Thriller Action Crime,11,2010,Poor,Low
#Horror,2015,3.3,52,Drama Mystery Horror Thriller,11,2010,Poor,Low
The Holy Girl,2004,6.8,10,Drama Foreign,22,2000,Average,Low
Incident At Loch Ness,2004,5.9,18,Adventure Comedy Horror,22,2000,Poor,Low
Girlhouse,2014,5.2,97,Horror Thriller,12,2010,Poor,Low
The Blue Room,2014,6.2,32,Drama Crime Thriller,12,2010,Average,Low
"Lock, Stock And Two Smoking Barrels",1998,7.5,1648,Comedy Crime,28,1990,Good,Moderate
The Celebration,1998,7.7,207,Drama,28,1990,Good,Low
Trees Lounge,1996,6.7,51,Comedy Drama,30,1990,Average,Low
Eddie: The Sleepwalking Cannibal,2012,6.1,30,Horror Comedy,14,2010,Average,Low
Def-Con 4,1985,2.8,10,Science Fiction,41,1980,Poor,Low
The Hebrew Hammer,2003,5.9,18,Action Comedy,23,2000,Poor,Low
The 41–Year–Old Virgin Who Knocked Up Sarah Marshall And Felt Superbad About It,2010,3.2,34,Comedy,16,2010,Poor,Low
Forget Me Not,2009,5.0,66,Drama Horror Romance,17,2000,Poor,Low
Friday The 13Th Part 2,1981,6.0,315,Horror Thriller,45,1980,Poor,Low
C.H.U.D.,1984,5.3,62,Horror Science Fiction,42,1980,Poor,Low
Filly Brown,2013,5.9,10,Drama,13,2010,Poor,Low
Da Sweet Blood Of Jesus,2014,4.1,13,Thriller Comedy Romance,12,2010,Poor,Low
"Sex, Lies, And Videotape",1989,6.7,185,Drama,37,1980,Average,Low
Saw,2004,7.2,2184,Horror Mystery Crime,22,2000,Good,Moderate
Super Troopers,2001,6.6,362,Comedy Crime Mystery,25,2000,Average,Low
The Amazing Catfish,2013,5.7,17,Comedy Drama,13,2010,Poor,Low
Monsoon Wedding,2001,6.8,57,Comedy Drama Romance,25,2000,Average,Low
You Can Count On Me,2000,6.8,88,Drama Romance,26,2000,Average,Low
But I'M A Cheerleader,1999,6.5,101,Comedy,27,1990,Average,Low
Home Run,2013,6.3,24,Drama,13,2010,Average,Low
Reservoir Dogs,1992,8.0,3697,Crime Thriller,34,1990,Good,Moderate
The Second Mother,2015,7.8,165,Drama,11,2010,Good,Low
Blue Like Jazz,2012,5.8,25,Drama Comedy,14,2010,Poor,Low
Desire,2011,4.1,140,Drama Romance,15,2010,Poor,Low
Grand Theft Parsons,2003,6.0,11,Crime Comedy Drama Adventure,23,2000,Poor,Low
Extreme Movie,2008,3.9,44,Comedy,18,2000,Poor,Low
Below Zero,2011,4.4,12,Thriller Horror,15,2010,Poor,Low
Crowsnest,2012,4.8,12,Unknown,14,2010,Poor,Low
Airborne,1993,6.1,20,Action Adventure Comedy,33,1990,Average,Low
The Wicked Within,2015,4.2,26,Horror,11,2010,Poor,Low
Waiting...,2005,6.2,237,Comedy,21,2000,Average,Low
Dead Man'S Shoes,2004,7.2,151,Drama Thriller Crime,22,2000,Good,Low
From A Whisper To A Scream,1987,6.8,15,Comedy Horror,39,1980,Average,Low
Beyond The Black Rainbow,2010,5.7,77,Fantasy Science Fiction Horror,16,2010,Poor,Low
The Raid,2011,7.3,1055,Action Thriller Crime,15,2010,Good,Moderate
The Vatican Exorcisms,2013,4.4,11,Horror Documentary Mystery,13,2010,Poor,Low
Lake Mungo,2008,6.1,90,Horror Thriller,18,2000,Average,Low
Rocket Singh: Salesman Of The Year,2009,7.0,27,Drama Comedy Romance,17,2000,Average,Low
Unfriended,2015,5.5,1047,Horror Thriller,11,2010,Poor,Moderate
The Howling,1981,6.4,161,Drama Horror,45,1980,Average,Low
Chernobyl Diaries,2012,4.9,483,Horror Thriller,14,2010,Poor,Low
Hellraiser,1987,6.9,449,Horror,39,1980,Average,Low
God'S Not Dead 2,2016,5.7,72,Drama,10,2010,Poor,Low
Cry_Wolf,2005,5.6,126,Horror Thriller,21,2000,Poor,Low
Godzilla 2000,1999,5.9,43,Adventure Horror Action Science Fiction,27,1990,Poor,Low
Blue Valentine,2010,6.9,890,Drama Romance,16,2010,Average,Low
Transamerica,2005,6.9,144,Drama,21,2000,Average,Low
The Devil Inside,2012,4.6,262,Thriller Horror,14,2010,Poor,Low
An Inconvenient Truth,2006,6.7,251,Documentary,20,2000,Average,Low
Shine A Light,2008,7.2,44,Documentary Music,18,2000,Good,Low
The Green Inferno,2014,5.0,349,Action Adventure Horror Thriller,12,2010,Poor,Low
Departure,2016,7.5,12,Drama Romance Family,10,2010,Good,Low
The Sessions,2012,6.6,179,Drama Romance Comedy,14,2010,Average,Low
"Food, Inc.",2008,7.4,217,Documentary,18,2000,Good,Low
October Baby,2011,6.8,35,Drama,15,2010,Average,Low
Next Stop Wonderland,1998,6.0,20,Comedy Drama Romance,28,1990,Poor,Low
The Skeleton Twins,2014,6.7,292,Drama,12,2010,Average,Low
Martha Marcy May Marlene,2011,6.7,277,Drama Thriller,15,2010,Average,Low
Obvious Child,2014,6.7,187,Comedy Romance,12,2010,Average,Low
Frozen River,2008,6.7,99,Drama,18,2000,Average,Low
20 Feet From Stardom,2013,7.4,85,Documentary Music,13,2010,Good,Low
Two Girls And A Guy,1997,5.4,24,Drama Romance,29,1990,Poor,Low
Who Killed The Electric Car?,2006,7.2,59,Documentary,20,2000,Good,Low
The Broken Hearts Club: A Romantic Comedy,2000,6.3,25,Comedy Drama Romance,26,2000,Average,Low
Bubba Ho-Tep,2002,6.7,191,Comedy Horror Thriller Mystery Fantasy,24,2000,Average,Low
Orgazmo,1997,6.2,115,Comedy,29,1990,Average,Low
All The Real Girls,2003,5.9,30,Drama Romance,23,2000,Poor,Low
Dream With The Fishes,1997,7.7,10,Comedy,29,1990,Good,Low
Blue Car,2002,6.7,13,Drama,24,2000,Average,Low
Palo Alto,2014,6.4,348,Drama,12,2010,Average,Low
Ajami,2009,6.8,27,Crime Drama,17,2000,Average,Low
Wristcutters: A Love Story,2006,6.7,160,Comedy Drama Fantasy Romance,20,2000,Average,Low
I Origins,2014,7.5,1063,Science Fiction Drama,12,2010,Good,Moderate
The Battle Of Shaker Heights,2003,5.6,17,Comedy Drama Romance,23,2000,Poor,Low
The Act Of Killing,2012,7.5,210,Documentary,14,2010,Good,Low
Taxi To The Dark Side,2007,6.6,53,Documentary,19,2000,Average,Low
Antarctica: A Year On Ice,2013,7.2,29,Drama Adventure Documentary,13,2010,Good,Low
A Lego Brickumentary,2015,6.4,55,Documentary,11,2010,Average,Low
The House Of The Devil,2009,6.0,197,Mystery Horror,17,2000,Poor,Low
The Perfect Host,2010,6.2,135,Comedy Thriller Crime,16,2010,Average,Low
Safe Men,1998,6.3,16,Comedy Crime,28,1990,Average,Low
The Specials,2000,5.5,11,Action Comedy,26,2000,Poor,Low
Alone With Her,2006,6.2,20,Crime Drama Romance Thriller,20,2000,Average,Low
Creative Control,2016,5.4,25,Drama Science Fiction,10,2010,Poor,Low
Special,2006,6.6,32,Drama Fantasy Science Fiction,20,2000,Average,Low
Heli,2013,6.2,32,Crime Drama,13,2010,Average,Low
Loving Annabelle,2006,6.4,55,Drama Romance,20,2000,Average,Low
Hits,2014,4.9,23,Drama Comedy,12,2010,Poor,Low
The Poker House,2008,6.1,47,Drama,18,2000,Average,Low
Zmd: Zombies Of Mass Destruction,2009,4.7,31,Horror,17,2000,Poor,Low
Snow White: A Deadly Summer,2012,4.8,11,Horror Thriller,14,2010,Poor,Low
Hidden Away,2014,7.6,26,Romance Drama,12,2010,Good,Low
Black Rock,2012,4.9,78,Thriller Horror,14,2010,Poor,Low
Truth Or Dare,2012,5.7,117,Horror Thriller Mystery,14,2010,Poor,Low
Fear Clinic,2014,4.0,42,Horror,12,2010,Poor,Low
Zombie Hunter,2013,3.5,34,Comedy Action Science Fiction Thriller,13,2010,Poor,Low
Banshee Chapter,2013,5.7,92,Horror Thriller,13,2010,Poor,Low
Ask Me Anything,2014,5.5,155,Drama Mystery Thriller,12,2010,Poor,Low
L!Fe Happens,2011,5.3,66,Comedy,15,2010,Poor,Low
"4 Months, 3 Weeks And 2 Days",2007,7.3,156,Drama,19,2000,Good,Low
Hard Candy,2005,6.8,701,Drama Thriller,21,2000,Average,Low
The Quiet,2005,6.1,73,Drama Thriller,21,2000,Average,Low
Circumstance,2011,7.4,23,Drama,15,2010,Good,Low
Fruitvale Station,2013,7.3,390,Drama,13,2010,Good,Low
The Brass Teapot,2012,5.8,160,Comedy Fantasy Thriller,14,2010,Poor,Low
The Hammer,2007,6.5,15,Comedy,19,2000,Average,Low
Latter Days,2003,6.7,56,Drama Comedy Romance,23,2000,Average,Low
"For A Good Time, Call...",2012,5.8,110,Comedy,14,2010,Poor,Low
Celeste & Jesse Forever,2012,6.4,163,Comedy Drama Romance,14,2010,Average,Low
London To Brighton,2006,6.5,34,Crime Drama Thriller,20,2000,Average,Low
American Hero,2015,5.0,62,Action Comedy Science Fiction,11,2010,Poor,Low
A Separation,2011,7.7,469,Drama,15,2010,Good,Low
Welcome To The Dollhouse,1995,6.9,103,Comedy Drama,31,1990,Average,Low
Ruby In Paradise,1993,5.6,10,Drama Romance,33,1990,Poor,Low
Raising Victor Vargas,2002,7.8,13,Drama Romance,24,2000,Good,Low
The Mudge Boy,2003,7.3,23,Drama,23,2000,Good,Low
Not Cool,2014,3.7,25,Comedy,12,2010,Poor,Low
Dead Snow,2009,6.1,311,Horror Comedy,17,2000,Average,Low
Saints And Soldiers,2003,6.6,98,Action Adventure Drama History War,23,2000,Average,Low
Aqua Teen Hunger Force Colon Movie Film For Theaters,2007,6.5,35,Animation Comedy,19,2000,Average,Low
Safety Not Guaranteed,2012,6.8,556,Comedy Romance Science Fiction Drama,14,2010,Average,Low
Kevin Hart: Laugh At My Pain,2011,7.7,43,Comedy Documentary,15,2010,Good,Low
Kill List,2011,6.0,210,Horror Thriller Crime,15,2010,Poor,Low
The Innkeepers,2011,5.4,219,Horror Thriller,15,2010,Poor,Low
Donkey Punch,2008,4.5,52,Horror Drama Thriller Crime,18,2000,Poor,Low
All The Boys Love Mandy Lane,2008,5.7,209,Horror Mystery Thriller,18,2000,Poor,Low
Hoop Dreams,1994,7.7,87,Documentary,32,1990,Good,Low
Rize,2005,5.9,13,Documentary,21,2000,Poor,Low
L.I.E.,2001,6.7,31,Drama,25,2000,Average,Low
The Sisterhood Of Night,2015,6.5,31,Mystery Drama Thriller,11,2010,Average,Low
Half Nelson,2006,6.5,240,Drama,20,2000,Average,Low
Adulterers,2016,5.2,16,Thriller Crime Drama,10,2010,Poor,Low
Escape From Tomorrow,2013,4.8,87,Horror Fantasy,13,2010,Poor,Low
After,2012,5.6,63,Mystery Thriller,14,2010,Poor,Low
Walter,2015,5.3,26,Drama Comedy,11,2010,Poor,Low
The Blair Witch Project,1999,6.3,1055,Horror Mystery,27,1990,Average,Moderate
The Country Doctor,2016,6.0,63,Drama Comedy,10,2010,Poor,Low
Fireproof,2008,7.0,100,Drama,18,2000,Average,Low
Open Water,2004,5.4,315,Drama Thriller,22,2000,Poor,Low
High Road,2012,5.8,22,Comedy,14,2010,Poor,Low
The Station Agent,2003,7.4,210,Drama Comedy,23,2000,Good,Low
To Save A Life,2009,6.2,21,Drama,17,2000,Average,Low
Wordplay,2006,7.3,10,Documentary,20,2000,Good,Low
Beyond The Mat,1999,7.8,17,Documentary,27,1990,Good,Low
Osama,2003,6.3,32,Drama,23,2000,Average,Low
Twin Falls Idaho,1999,7.0,11,Drama Romance,27,1990,Average,Low
Mean Creek,2004,6.9,106,Crime Drama,22,2000,Average,Low
Lonesome Jim,2005,6.4,26,Comedy Drama Romance,21,2000,Average,Low
Drinking Buddies,2013,6.0,356,Romance Drama,13,2010,Poor,Low
Deceptive Practice: The Mysteries And Mentors Of Ricky Jay,2012,7.1,17,Documentary,14,2010,Good,Low
Johnny Suede,1991,4.7,13,Comedy Romance,35,1990,Poor,Low
Rubber,2010,5.7,251,Comedy Drama Fantasy Horror Mystery,16,2010,Poor,Low
Kiss The Bride,2007,4.2,11,Drama Comedy Romance,19,2000,Poor,Low
Monsters,2010,6.2,587,Drama Thriller Science Fiction,16,2010,Average,Low
Detention Of The Dead,2012,4.5,34,Comedy Horror,14,2010,Poor,Low
Crazy Stone,2006,6.9,22,Action Comedy,20,2000,Average,Low
Good Kill,2015,5.9,208,Action Drama Thriller,11,2010,Poor,Low
Now Is Good,2012,7.3,371,Drama Romance,14,2010,Good,Low
Girls Gone Dead,2012,3.5,14,Horror Comedy,14,2010,Poor,Low
Enter Nowhere,2011,6.5,49,Mystery Science Fiction Thriller,15,2010,Average,Low
The Toxic Avenger,1984,6.3,113,Science Fiction Action Comedy Horror,42,1980,Average,Low
Bloody Sunday,2002,7.2,53,Action Adventure Drama History,24,2000,Good,Low
Conversations With Other Women,2006,6.2,38,Drama Romance,20,2000,Average,Low
Poultrygeist: Night Of The Chicken Dead,2006,5.9,41,Horror Comedy,20,2000,Poor,Low
Metropolitan,1990,7.0,38,Comedy Drama,36,1990,Average,Low
As It Is In Heaven,2004,6.9,42,Romance Drama Comedy Music,22,2000,Average,Low
Napoleon Dynamite,2004,6.7,554,Comedy,22,2000,Average,Low
Blue Ruin,2014,6.9,462,Crime Thriller,12,2010,Average,Low
Paranormal Activity,2007,5.9,1316,Horror Mystery,19,2000,Poor,Moderate
Dogtown And Z-Boys,2001,7.2,52,Documentary,25,2000,Good,Low
Tarnation,2003,7.5,22,Documentary Drama,23,2000,Good,Low
The Beyond,1981,6.6,117,Horror,45,1980,Average,Low
What Happens In Vegas,2008,5.8,923,Comedy Romance,18,2000,Poor,Low
The Dark Hours,2005,5.5,22,Horror Science Fiction Thriller,21,2000,Poor,Low
My Beautiful Laundrette,1985,6.6,51,Romance Drama Comedy,41,1980,Average,Low
Trekkies,1997,6.3,22,Documentary,29,1990,Average,Low
The Evil Dead,1981,7.3,894,Horror,45,1980,Good,Low
Maniac,2012,6.0,316,Horror,14,2010,Poor,Low
Murderball,2005,6.9,23,Documentary,21,2000,Average,Low
American Ninja 2: The Confrontation,1987,4.9,49,Action Adventure Drama,39,1980,Poor,Low
Dogtooth,2009,6.9,332,Drama,17,2000,Average,Low
Tupac: Resurrection,2003,8.0,26,Music Documentary,23,2000,Good,Low
Tumbleweeds,1999,6.2,11,Comedy Drama,27,1990,Average,Low
The Prophecy,1995,6.4,138,Fantasy Horror Thriller,31,1990,Average,Low
When The Cat'S Away,1996,6.1,16,Comedy,30,1990,Average,Low
Pieces Of April,2003,6.4,64,Comedy Drama,23,2000,Average,Low
Old Joy,2006,6.3,36,Drama,20,2000,Average,Low
Wendy And Lucy,2008,6.4,64,Drama,18,2000,Average,Low
Bizarre,2015,6.2,11,Drama Romance,11,2010,Average,Low
Graduation Day,1981,5.0,22,Horror,45,1980,Poor,Low
Some Guy Who Kills People,2011,5.7,45,Comedy Horror Thriller,15,2010,Poor,Low
Compliance,2012,6.3,221,Drama Thriller Crime,14,2010,Average,Low
Chasing Amy,1997,6.7,433,Comedy Drama Romance,29,1990,Average,Low
Lovely & Amazing,2001,6.3,23,Comedy Drama Romance,25,2000,Average,Low
Better Luck Tomorrow,2002,6.5,27,Crime Drama,24,2000,Average,Low
The Incredibly True Adventure Of Two Girls In Love,1995,5.7,13,Comedy Drama Romance,31,1990,Poor,Low
Chuck & Buck,2000,5.7,16,Comedy Drama,26,2000,Poor,Low
Cube,1997,6.9,1069,Thriller Science Fiction Mystery,29,1990,Average,Moderate
I Married A Strange Person!,1998,7.5,12,Drama Comedy Animation,28,1990,Good,Low
November,2004,4.9,11,Drama Mystery Thriller,22,2000,Poor,Low
Like Crazy,2011,6.4,381,Drama Romance,15,2010,Average,Low
The Canyons,2013,4.1,75,Thriller Drama,13,2010,Poor,Low
Shotgun Stories,2007,6.9,57,Drama Thriller,19,2000,Average,Low
Exam,2009,6.6,523,Thriller Mystery,17,2000,Average,Low
Ink,2009,6.4,101,Action Fantasy,17,2000,Average,Low
Butterfly,1982,5.0,12,Crime Drama,44,1980,Poor,Low
The Frozen,2012,4.2,14,Horror Thriller,14,2010,Poor,Low
Bronson,2008,6.9,733,Drama Action Crime,18,2000,Average,Low
Urbania,2000,5.2,10,Romance Drama,26,2000,Poor,Low
Swingers,1996,6.8,253,Comedy Romance,30,1990,Average,Low
The Grace Card,2011,6.5,10,Drama,15,2010,Average,Low
Three,2010,6.3,31,Romance Drama Comedy,16,2010,Average,Low
Malevolence,2004,4.9,14,Crime Horror Thriller,22,2000,Poor,Low
Super Hybrid,2010,4.6,24,Horror,16,2010,Poor,Low
Baghead,2008,5.8,23,Drama Comedy Horror,18,2000,Poor,Low
Good Dick,2008,6.1,34,Comedy Drama Romance,18,2000,Average,Low
The Man From Earth,2007,7.7,687,Science Fiction Drama,19,2000,Good,Low
Children Of Heaven,1997,7.8,112,Drama Comedy Family,29,1990,Good,Low
Weekend,2011,7.4,163,Drama Romance,15,2010,Good,Low
She'S Gotta Have It,1986,6.1,25,Comedy Romance,40,1980,Average,Low
Another Earth,2011,6.8,527,Drama Science Fiction,15,2010,Average,Low
Tadpole,2002,5.5,19,Comedy Drama Romance,24,2000,Poor,Low
Once,2007,7.3,453,Drama Music Romance,19,2000,Good,Low
When The Lights Went Out,2012,5.8,49,Thriller Drama Horror,14,2010,Poor,Low
Aroused,2013,7.2,11,Documentary,13,2010,Good,Low
Roger & Me,1989,7.4,90,Documentary History,37,1980,Good,Low
Sound Of My Voice,2011,6.3,108,Science Fiction Drama Mystery,15,2010,Average,Low
Your Sister'S Sister,2011,6.5,137,Drama Comedy,15,2010,Average,Low
A Dog'S Breakfast,2007,5.9,24,Comedy,19,2000,Poor,Low
The Birth Of A Nation,2016,6.5,178,Drama,10,2010,Average,Low
Facing The Giants,2006,6.6,64,Drama,20,2000,Average,Low
The Gallows,2015,4.9,361,Horror Thriller,11,2010,Poor,Low
Hollywood Shuffle,1987,5.7,19,Comedy,39,1980,Poor,Low
The Mighty,1998,7.1,51,Comedy Drama,28,1990,Good,Low
The Lost Skeleton Of Cadavra,2001,6.5,30,Comedy Horror Science Fiction,25,2000,Average,Low
Cheap Thrills,2013,6.3,155,Drama Comedy Crime,13,2010,Average,Low
Indie Game: The Movie,2012,7.4,203,Documentary,14,2010,Good,Low
Straightheads,2007,5.2,40,Thriller,19,2000,Poor,Low
Pi,1998,7.1,586,Mystery Drama Thriller,28,1990,Good,Low
Super Size Me,2004,6.6,506,Documentary Comedy Drama,22,2000,Average,Low
The Fp,2011,4.5,11,Comedy,15,2010,Poor,Low
Happy Christmas,2014,5.2,58,Comedy Drama,12,2010,Poor,Low
Supporting Characters,2012,6.7,10,Drama Comedy,14,2010,Average,Low
Absentia,2011,5.8,121,Mystery Horror Thriller,15,2010,Poor,Low
The Brothers Mcmullen,1995,6.3,23,Comedy Drama Romance,31,1990,Average,Low
The Dirties,2013,6.0,42,Drama,13,2010,Poor,Low
Tiny Furniture,2010,5.6,59,Romance Comedy Drama,16,2010,Poor,Low
The Call Of Cthulhu,2005,6.9,41,Horror Thriller Fantasy,21,2000,Average,Low
The Signal,2014,5.8,631,Thriller Science Fiction,12,2010,Poor,Low
George Washington,2000,6.4,36,Drama,26,2000,Average,Low
The Exploding Girl,2009,6.4,15,Drama Romance,17,2000,Average,Low
Down Terrace,2009,6.3,26,Drama Action Comedy,17,2000,Average,Low
Clerks,1994,7.4,755,Comedy,32,1990,Good,Low
In The Company Of Men,1997,6.8,44,Comedy Drama,29,1990,Average,Low
Rampage,2009,6.0,131,Action Drama Crime Thriller,17,2000,Poor,Low
Slacker,1990,6.4,77,Comedy,36,1990,Average,Low
Flywheel,2003,6.8,19,Drama Family,23,2000,Average,Low
Backmask,2015,4.7,79,Thriller Horror,11,2010,Poor,Low
The Puffy Chair,2005,6.2,15,Drama Comedy Romance,21,2000,Average,Low
Breaking Upwards,2009,5.6,12,Comedy Romance,17,2000,Poor,Low
All Superheroes Must Die,2011,4.2,13,Science Fiction Thriller,15,2010,Poor,Low
Clean,2004,6.7,17,Drama,22,2000,Average,Low
The Circle,2000,6.6,17,Drama Foreign,26,2000,Average,Low
Cure,1997,7.4,63,Crime Horror Mystery Thriller,29,1990,Good,Low
Primer,2004,6.9,658,Science Fiction Drama Thriller,22,2000,Average,Low
El Mariachi,1992,6.6,238,Action Crime Thriller,34,1990,Average,Low
My Date With Drew,2005,6.3,16,Documentary,21,2000,Average,Low
