title,year,rating,votes,genre
Avatar,2009,7.2,11800,Action Adventure Fantasy Science Fiction
Pirates of the Caribbean: At World's End,2007,6.9,4500,Adventure Fantasy Action
Spectre,2015,6.3,4466,Action Adventure Crime
The Dark Knight Rises,2012,7.6,9106,Action Crime Drama Thriller
John Carter,2012,6.1,2124,Action Adventure Science Fiction
Spider-Man 3,2007,5.9,3576,Fantasy Action Adventure
Tangled,2010,7.4,3330,Animation Family
Avengers: Age of Ultron,2015,7.3,6767,Action Adventure Science Fiction
Harry Potter and the Half-Blood Prince,2009,7.4,5293,Adventure Fantasy Family
Batman v Superman: Dawn of Justice,2016,5.7,7004,Action Adventure Fantasy
Superman Returns,2006,5.4,1400,Adventure Fantasy Action Science Fiction
Quantum of Solace,2008,6.1,2965,Adventure Action Thriller Crime
Pirates of the Caribbean: Dead Man's Chest,2006,7.0,5246,Adventure Fantasy Action
The Lone Ranger,2013,5.9,2311,Action Adventure Western
Man of Steel,2013,6.5,6359,Action Adventure Fantasy Science Fiction
The Chronicles of Narnia: Prince Caspian,2008,6.3,1630,Adventure Family Fantasy
The Avengers,2012,7.4,11776,Science Fiction Action Adventure
Pirates of the Caribbean: On Stranger Tides,2011,6.4,4948,Adventure Action Fantasy
Men in Black 3,2012,6.2,4160,Action Comedy Science Fiction
The Hobbit: The Battle of the Five Armies,2014,7.1,4760,Action Adventure Fantasy
The Amazing Spider-Man,2012,6.5,6586,Action Adventure Fantasy
Robin Hood,2010,6.2,1398,Action Adventure
The Hobbit: The Desolation of Smaug,2013,7.6,4524,Adventure Fantasy
The Golden Compass,2007,5.8,1303,Adventure Fantasy
King Kong,2005,6.6,2337,Adventure Drama Action
Titanic,1997,7.5,7562,Drama Romance Thriller
Captain America: Civil War,2016,7.1,7241,Adventure Action Science Fiction
Battleship,2012,5.5,2114,Thriller Action Adventure Science Fiction
Jurassic World,2015,6.5,8662,Action Adventure Science Fiction Thriller
Skyfall,2012,6.9,7604,Action Adventure Thriller
Spider-Man 2,2004,6.7,4321,Action Adventure Fantasy
Iron Man 3,2013,6.8,8806,Action Adventure Science Fiction
Alice in Wonderland,2010,6.4,4645,Family Fantasy Adventure
X-Men: The Last Stand,2006,6.3,3525,Adventure Action Science Fiction Thriller
Monsters University,2013,7.0,3528,Animation Family
Transformers: Revenge of the Fallen,2009,6.0,3138,Science Fiction Action Adventure
Transformers: Age of Extinction,2014,5.8,3095,Science Fiction Action Adventure
Oz: The Great and Powerful,2013,5.7,3530,Fantasy Adventure Family
The Amazing Spider-Man 2,2014,6.5,4179,Action Adventure Fantasy
TRON: Legacy,2010,6.3,2841,Adventure Action Science Fiction
Cars 2,2011,5.8,2033,Animation Family Adventure Comedy
Green Lantern,2011,5.1,2487,Adventure Action Thriller Science Fiction
Toy Story 3,2010,7.6,4597,Animation Family Comedy
Terminator Salvation,2009,5.9,2463,Action Science Fiction Thriller
Furious 7,2015,7.3,4176,Action
World War Z,2013,6.7,5560,Action Drama Horror Science Fiction Thriller
X-Men: Days of Future Past,2014,7.5,6032,Action Adventure Fantasy Science Fiction
Star Trek Into Darkness,2013,7.4,4418,Action Adventure Science Fiction
Jack the Giant Slayer,2013,5.5,2598,Action Family Fantasy
The Great Gatsby,2013,7.3,3769,Drama Romance
Prince of Persia: The Sands of Time,2010,6.2,2317,Adventure Fantasy Action Romance
Pacific Rim,2013,6.7,4794,Action Science Fiction Adventure
Transformers: Dark of the Moon,2011,6.1,3299,Action Science Fiction Adventure
Indiana Jones and the Kingdom of the Crystal Skull,2008,5.7,2495,Adventure Action
The Good Dinosaur,2015,6.6,1736,Adventure Animation Family
Brave,2012,6.7,4641,Animation Adventure Comedy Family Action
Star Trek Beyond,2016,6.6,2568,Action Adventure Science Fiction
WALL·E,2008,7.8,6296,Animation Family
Rush Hour 3,2007,6.1,783,Action Comedy Crime Thriller
2012,2009,5.6,4903,Action Adventure Science Fiction
A Christmas Carol,2009,6.6,1095,Animation Drama
Jupiter Ascending,2015,5.2,2768,Science Fiction Fantasy Action Adventure
The Legend of Tarzan,2016,5.5,2430,Action Adventure
"The Chronicles of Narnia: The Lion, the Witch and the Wardrobe",2005,6.7,2629,Adventure Family Fantasy
X-Men: Apocalypse,2016,6.4,4721,Science Fiction
The Dark Knight,2008,8.2,12002,Drama Action Crime Thriller
Up,2009,7.7,6870,Animation Comedy Family Adventure
Monsters vs Aliens,2009,6.0,1423,Animation Family Adventure Science Fiction
Iron Man,2008,7.4,8776,Action Science Fiction Adventure
Hugo,2011,7.0,2141,Adventure Drama Family
Wild Wild West,1999,5.1,1020,Action Adventure Comedy Science Fiction Western
The Mummy: Tomb of the Dragon Emperor,2008,5.2,1387,Adventure Action Fantasy
Suicide Squad,2016,5.9,7458,Action Adventure Crime Fantasy Science Fiction
Evan Almighty,2007,5.3,1151,Fantasy Comedy Family
Edge of Tomorrow,2014,7.6,4858,Action Science Fiction
Waterworld,1995,5.9,992,Adventure Action
G.I. Joe: The Rise of Cobra,2009,5.6,1962,Adventure Action Thriller Science Fiction
Inside Out,2015,8.0,6560,Drama Comedy Animation Family
The Jungle Book,2016,6.7,2892,Family Adventure Drama Fantasy
Iron Man 2,2010,6.6,6849,Adventure Action Science Fiction
Snow White and the Huntsman,2012,5.8,3118,Adventure Fantasy Drama
Maleficent,2014,7.0,4496,Fantasy Adventure Action Family Romance
Dawn of the Planet of the Apes,2014,7.3,4410,Science Fiction Action Drama Thriller
The Lovers,2015,4.8,34,Action Adventure Science Fiction Romance
47 Ronin,2013,5.9,1326,Drama Action Adventure Fantasy
Captain America: The Winter Soldier,2014,7.6,5764,Action Adventure Science Fiction
Shrek Forever After,2010,6.0,1959,Comedy Adventure Fantasy Animation Family
Tomorrowland,2015,6.2,2846,Adventure Family Mystery Science Fiction
Big Hero 6,2014,7.8,6135,Adventure Family Animation Action Comedy
Wreck-It Ralph,2012,7.1,4570,Family Animation Comedy Adventure
The Polar Express,2004,6.4,1474,Adventure Animation Family Fantasy
Independence Day: Resurgence,2016,4.9,2491,Action Adventure Science Fiction
How to Train Your Dragon,2010,7.5,4227,Fantasy Adventure Animation Family
Terminator 3: Rise of the Machines,2003,5.9,2143,Action Thriller Science Fiction
Guardians of the Galaxy,2014,7.9,9742,Action Science Fiction Adventure
Interstellar,2014,8.1,10867,Adventure Drama Science Fiction
Inception,2010,8.1,13752,Action Thriller Science Fiction Mystery Adventure
Shin Godzilla,2016,6.5,143,Action Adventure Drama Horror Science Fiction
The Hobbit: An Unexpected Journey,2012,7.0,8297,Adventure Fantasy Action
The Fast and the Furious,2001,6.6,3428,Action Crime Thriller
The Curious Case of Benjamin Button,2008,7.3,3292,Fantasy Drama Thriller Mystery Romance
X-Men: First Class,2011,7.1,5181,Action Science Fiction Adventure
The Hunger Games: Mockingjay - Part 2,2015,6.6,3984,Action Adventure Science Fiction
The Sorcerer's Apprentice,2010,5.8,1470,Fantasy Adventure Action Comedy Drama
Poseidon,2006,5.5,583,Adventure Action Drama Thriller
Alice Through the Looking Glass,2016,6.5,1725,Fantasy
Shrek the Third,2007,6.0,2278,Fantasy Adventure Animation Comedy Family
Warcraft,2016,6.3,2268,Action Adventure Fantasy
Terminator Genisys,2015,5.8,3631,Science Fiction Action Thriller Adventure
The Chronicles of Narnia: The Voyage of the Dawn Treader,2010,6.2,1514,Adventure Family Fantasy
Pearl Harbor,2001,6.6,1791,History Romance War
Transformers,2007,6.6,4040,Adventure Science Fiction Action
Alexander,2004,5.6,927,War History Action Adventure Drama
Harry Potter and the Order of the Phoenix,2007,7.4,5494,Adventure Fantasy Family Mystery
Harry Potter and the Goblet of Fire,2005,7.5,5608,Adventure Fantasy Family
Hancock,2008,6.2,2961,Fantasy Action
I Am Legend,2007,6.9,4853,Drama Horror Action Thriller Science Fiction
Charlie and the Chocolate Factory,2005,6.7,3624,Adventure Comedy Family Fantasy
Ratatouille,2007,7.5,4369,Animation Comedy Family Fantasy
Batman Begins,2005,7.5,7359,Action Crime Drama
Madagascar: Escape 2 Africa,2008,6.2,1810,Family Animation
Night at the Museum: Battle of the Smithsonian,2009,5.9,1971,Adventure Fantasy Action Comedy Family
X-Men Origins: Wolverine,2009,6.2,4021,Adventure Action Thriller Science Fiction
The Matrix Revolutions,2003,6.4,3096,Adventure Action Thriller Science Fiction
Frozen,2013,7.3,5295,Animation Adventure Family
The Matrix Reloaded,2003,6.7,3443,Adventure Action Thriller Science Fiction
Thor: The Dark World,2013,6.8,4755,Action Adventure Fantasy
Mad Max: Fury Road,2015,7.2,9427,Action Adventure Science Fiction Thriller
Angels & Demons,2009,6.5,2129,Thriller Mystery
Thor,2011,6.6,6525,Adventure Fantasy Action
Bolt,2008,6.3,1750,Animation Family Adventure Comedy
G-Force,2009,5.1,510,Fantasy Action Adventure Family Comedy
Wrath of the Titans,2012,5.5,1431,Adventure
Dark Shadows,2012,5.7,2320,Comedy Fantasy
Mission: Impossible - Rogue Nation,2015,7.1,3224,Action Adventure Thriller
The Wolfman,2010,5.5,549,Drama Horror Thriller
Bee Movie,2007,5.7,1171,Family Animation Adventure Comedy
Kung Fu Panda 2,2011,6.7,1880,Animation Family
The Last Airbender,2010,4.7,1151,Action Adventure Family Fantasy
Mission: Impossible III,2006,6.5,2028,Adventure Action Thriller
White House Down,2013,6.4,1891,Action Drama Thriller
Mars Needs Moms,2011,5.5,199,Adventure Animation Family
Flushed Away,2006,6.0,874,Adventure Animation Comedy Family
Pan,2015,5.9,954,Adventure Family Fantasy
Mr. Peabody & Sherman,2014,6.7,843,Animation Adventure Family
Troy,2004,6.9,2759,Adventure Drama War
Madagascar 3: Europe's Most Wanted,2012,6.4,1808,Animation Family
Die Another Day,2002,5.8,1092,Adventure Action Thriller
Ghostbusters,2016,5.3,2142,Action Fantasy Comedy
Armageddon,1998,6.4,2482,Action Thriller Science Fiction Adventure
Men in Black II,2002,6.0,3114,Action Adventure Comedy Science Fiction
Beowulf,2007,5.5,841,Adventure Action Animation
Kung Fu Panda 3,2016,6.7,1603,Action Adventure Animation Comedy Family
Mission: Impossible - Ghost Protocol,2011,6.8,3972,Action Thriller Adventure
Rise of the Guardians,2012,7.1,1922,Fantasy Animation Family
Fun with Dick and Jane,2005,5.9,627,Comedy
The Last Samurai,2003,7.3,1895,Drama Action War History
Exodus: Gods and Kings,2014,5.6,1921,Adventure Drama Action
Star Trek,2009,7.4,4518,Science Fiction Action Adventure
Spider-Man,2002,6.8,5265,Fantasy Action
How to Train Your Dragon 2,2014,7.6,3106,Fantasy Action Adventure Animation Comedy
Gods of Egypt,2016,5.3,1277,Fantasy
Stealth,2005,4.9,331,Action
Watchmen,2009,7.0,2811,Action Mystery Science Fiction
Lethal Weapon 4,1998,6.3,767,Action Adventure Comedy Crime Thriller
Hulk,2003,5.3,1533,Drama Action Science Fiction
G.I. Joe: Retaliation,2013,5.4,3025,Adventure Action Science Fiction Thriller
Sahara,2005,5.7,434,Action Adventure Comedy Drama Mystery
Final Fantasy: The Spirits Within,2001,5.9,433,Adventure Action Animation Fantasy Science Fiction
Captain America: The First Avenger,2011,6.6,7047,Action Adventure Science Fiction
The World Is Not Enough,1999,6.0,862,Adventure Action Thriller
Master and Commander: The Far Side of the World,2003,6.9,790,Adventure
The Twilight Saga: Breaking Dawn - Part 2,2012,6.1,2553,Adventure Fantasy Drama Romance
Happy Feet Two,2011,5.8,373,Animation Comedy Family
The Incredible Hulk,2008,6.1,3021,Science Fiction Action Adventure
The BFG,2016,6.0,1000,Adventure Family Fantasy
The Revenant,2015,7.3,6396,Western Drama Adventure Thriller
Turbo,2013,6.1,1074,Animation Family
Rango,2011,6.6,2051,Animation Comedy Family Western Adventure
Penguins of Madagascar,2014,6.5,1346,Family Animation Adventure Comedy
The Bourne Ultimatum,2007,7.3,2888,Action Drama Mystery Thriller
Kung Fu Panda,2008,6.9,3145,Adventure Animation Family Comedy
Ant-Man,2015,7.0,5880,Science Fiction Action Adventure
The Hunger Games: Catching Fire,2013,7.4,6495,Adventure Action Science Fiction
Home,2015,6.8,1519,Fantasy Comedy Animation Science Fiction Family
War of the Worlds,2005,6.2,2322,Adventure Thriller Science Fiction
Bad Boys II,2003,6.3,1564,Adventure Action Comedy Thriller Crime
Puss in Boots,2011,6.4,451,Action Adventure Animation Family Fantasy
Salt,2010,6.2,2093,Action Mystery Thriller
Noah,2014,5.6,2350,Drama Adventure
The Adventures of Tintin,2011,6.7,2061,Adventure Animation Mystery
Harry Potter and the Prisoner of Azkaban,2004,7.7,5877,Adventure Fantasy Family
Australia,2008,6.3,694,Drama
After Earth,2013,5.0,2532,Science Fiction Action Adventure
Dinosaur,2000,6.2,542,Animation Family
Night at the Museum: Secret of the Tomb,2014,6.1,1851,Adventure Comedy Fantasy Family
Megamind,2010,6.7,1918,Animation Action Comedy Family Science Fiction
Harry Potter and the Philosopher's Stone,2001,7.5,7006,Adventure Fantasy Family
R.I.P.D.,2013,5.4,1260,Fantasy Action Comedy Crime
Pirates of the Caribbean: The Curse of the Black Pearl,2003,7.5,6985,Adventure Fantasy Action
The Hunger Games: Mockingjay - Part 1,2014,6.6,5584,Science Fiction Adventure Thriller
The Da Vinci Code,2006,6.5,2704,Thriller Mystery
Rio 2,2014,6.3,978,Animation Adventure Comedy Family
X2,2003,6.8,3506,Adventure Action Science Fiction Thriller
Fast Five,2011,7.1,2438,Action Thriller Crime
Sherlock Holmes: A Game of Shadows,2011,7.0,3886,Adventure Action Crime Mystery
Clash of the Titans,2010,5.6,2233,Adventure Fantasy Action
Total Recall,1990,7.1,1710,Action Adventure Science Fiction
The 13th Warrior,1999,6.4,510,Adventure Fantasy Action
The Bourne Legacy,2012,6.0,2651,Action Thriller
Batman & Robin,1997,4.2,1418,Action Crime Fantasy
How the Grinch Stole Christmas,2000,6.2,1386,Family Comedy Fantasy
The Day After Tomorrow,2004,6.2,2392,Action Adventure Science Fiction Thriller
Mission: Impossible II,2000,5.9,1928,Adventure Action Thriller
The Perfect Storm,2000,6.2,597,Drama
Fantastic 4: Rise of the Silver Surfer,2007,5.4,2589,Adventure Fantasy Action Thriller
Life of Pi,2012,7.2,5797,Adventure Drama Action
Ghost Rider,2007,5.2,1712,Thriller Action Fantasy Horror
Jason Bourne,2016,5.9,2341,Action Thriller
Charlie's Angels: Full Throttle,2003,5.2,914,Action Adventure Comedy
Prometheus,2012,6.3,5080,Science Fiction Adventure Mystery
Stuart Little 2,2002,5.4,613,Family Adventure Animation Comedy
Elysium,2013,6.4,3439,Science Fiction Action Drama Thriller
The Chronicles of Riddick,2004,6.3,1570,Action Science Fiction
RoboCop,2014,5.7,2342,Action Science Fiction
Speed Racer,2008,5.7,354,Action Family Science Fiction
How Do You Know,2010,4.9,223,Comedy Drama Romance
Knight and Day,2010,5.9,1547,Action Comedy
Oblivion,2013,6.4,4800,Action Science Fiction Adventure Mystery
Star Wars: Episode III - Revenge of the Sith,2005,7.1,4116,Science Fiction Adventure Action
Star Wars: Episode II - Attack of the Clones,2002,6.4,3992,Adventure Action Science Fiction
"Monsters, Inc.",2001,7.5,5996,Animation Comedy Family
The Wolverine,2013,6.3,4053,Action Science Fiction Adventure Fantasy
Star Wars: Episode I - The Phantom Menace,1999,6.3,4432,Adventure Action Science Fiction
The Croods,2013,6.8,2399,Adventure Animation Comedy Family Fantasy
Asterix at the Olympic Games,2008,5.0,471,Fantasy Adventure Comedy Family
Windtalkers,2002,5.8,341,Drama Action History War
The Huntsman: Winter's War,2016,6.0,1523,Action Adventure Drama
Teenage Mutant Ninja Turtles,2014,5.8,2636,Science Fiction Action Adventure Fantasy Comedy
Gravity,2013,7.3,5751,Science Fiction Thriller Drama
Dante's Peak,1997,5.7,428,Action Adventure Thriller
Teenage Mutant Ninja Turtles: Out of the Shadows,2016,5.8,963,Fantasy Action Adventure Comedy
Fantastic Four,2015,4.4,2278,Action Adventure Science Fiction
Night at the Museum,2006,6.3,2862,Action Adventure Comedy Family Fantasy
San Andreas,2015,6.0,2968,Action Drama Thriller
Tomorrow Never Dies,1997,6.0,925,Adventure Action Thriller
The Patriot,2000,6.8,1099,Drama History War Action
Ocean's Twelve,2004,6.4,2124,Thriller Crime
Mr. & Mrs. Smith,2005,6.5,2965,Action Comedy Drama Thriller
Insurgent,2015,6.2,3829,Adventure Science Fiction Thriller
The Aviator,2004,7.0,1489,Drama
Gulliver's Travels,2010,4.9,621,Comedy
The Green Hornet,2011,5.5,1251,Action Crime Comedy
300: Rise of an Empire,2014,6.1,2397,Action War
The Smurfs,2011,5.5,1179,Animation Family Adventure Comedy Fantasy
Home on the Range,2004,5.7,389,Animation Family
Allegiant,2016,5.9,1998,Adventure Science Fiction
Real Steel,2011,6.6,2692,Action Science Fiction Drama
The Smurfs 2,2013,5.5,695,Fantasy Family Comedy Animation
Speed 2: Cruise Control,1997,4.1,434,Action Adventure Thriller
Ender's Game,2013,6.6,2303,Science Fiction Action Adventure
Live Free or Die Hard,2007,6.4,2089,Action Thriller
The Lord of the Rings: The Fellowship of the Ring,2001,8.0,8705,Adventure Fantasy Action
Around the World in 80 Days,2004,5.7,672,Action Adventure Comedy
Ali,2001,6.7,447,Drama
The Cat in the Hat,2003,4.9,366,Comedy Fantasy Family
"I, Robot",2004,6.7,3793,Action Science Fiction
Kingdom of Heaven,2005,6.6,1157,Drama Action Adventure History War
Stuart Little,1999,5.8,959,Animation Fantasy Family Comedy
The Princess and the Frog,2009,6.7,1247,Romance Family Animation Music
The Martian,2015,7.6,7268,Drama Adventure Science Fiction
The Island,2005,6.5,1770,Action Thriller Science Fiction Adventure
Town & Country,2001,3.7,16,Comedy Romance
Gone in Sixty Seconds,2000,6.1,1485,Action Crime Thriller
Gladiator,2000,7.9,5439,Action Drama Adventure
Minority Report,2002,7.1,2608,Action Thriller Science Fiction Mystery
Harry Potter and the Chamber of Secrets,2002,7.4,5815,Adventure Fantasy Family
Casino Royale,2006,7.3,3855,Adventure Action Thriller
Planet of the Apes,2001,5.6,1243,Thriller Science Fiction Action Adventure
Terminator 2: Judgment Day,1991,7.7,4185,Action Thriller Science Fiction
Public Enemies,2009,6.5,1344,History Crime Drama
American Gangster,2007,7.4,1502,Drama Crime
True Lies,1994,6.8,1116,Action Thriller
The Taking of Pelham 1 2 3,2009,6.2,954,Thriller Drama Crime
Little Fockers,2010,5.4,1060,Comedy Romance
The Other Guys,2010,6.1,1383,Action Comedy Crime
Eraser,1996,5.6,543,Action Drama Mystery Thriller
Django Unchained,2012,7.8,10099,Drama Western
The Hunchback of Notre Dame,1996,6.8,1129,Drama Animation Family
The Emperor's New Groove,2000,7.2,1490,Adventure Animation Comedy Family Fantasy
The Expendables 2,2012,6.1,2896,Action Adventure Thriller
National Treasure,2004,6.4,1926,Adventure Action Thriller Mystery
Eragon,2006,4.9,967,Fantasy Action Adventure Family
Where the Wild Things Are,2009,6.4,572,Family Fantasy
Epic,2013,6.4,1121,Animation Adventure Family Fantasy
The Tourist,2010,6.0,1699,Action Thriller Romance
End of Days,1999,5.5,482,Action Fantasy Horror Mystery
Blood Diamond,2006,7.3,2281,Drama Thriller Action
The Wolf of Wall Street,2013,7.9,6571,Crime Drama Comedy
Batman Forever,1995,5.2,1498,Action Crime Fantasy
Starship Troopers,1997,6.7,1560,Adventure Action Thriller Science Fiction
Cloud Atlas,2012,6.6,2977,Drama Science Fiction
Legend of the Guardians: The Owls of Ga'Hoole,2010,6.5,703,Animation Adventure Family Fantasy
Catwoman,2004,4.2,808,Action Crime
Hercules,2014,5.6,1680,Action Adventure
Treasure Planet,2002,7.2,948,Adventure Animation Family Fantasy Science Fiction
Land of the Lost,2009,5.3,381,Adventure Comedy Science Fiction
The Expendables 3,2014,6.1,1795,Action Adventure Thriller
Point Break,2015,5.5,783,Action Crime Thriller
Son of the Mask,2005,3.6,338,Fantasy Comedy Family Adventure
In the Heart of the Sea,2015,6.5,1276,Thriller Drama Adventure Action History
The Adventures of Pluto Nash,2002,4.4,142,Action Comedy Science Fiction
Green Zone,2010,6.4,717,War Action Adventure Drama Thriller
The Peanuts Movie,2015,6.5,604,Animation
The Spanish Prisoner,1997,7.1,73,Crime Drama Mystery Thriller
The Mummy Returns,2001,6.0,2206,Adventure Action Fantasy
Gangs of New York,2002,7.1,1910,Drama History Crime
The Flowers of War,2011,7.1,187,Drama History War
Surf's Up,2007,5.9,601,Animation Comedy Family
The Stepford Wives,2004,5.4,334,Action Comedy Science Fiction
Black Hawk Down,2001,7.2,1811,Action History War
The Campaign,2012,5.6,578,Comedy
The Fifth Element,1997,7.3,3885,Adventure Fantasy Action Thriller Science Fiction
Sex and the City 2,2010,5.4,426,Comedy Drama Romance
The Road to El Dorado,2000,7.0,858,Adventure Animation Comedy Family
Ice Age: Continental Drift,2012,6.2,2672,Animation Comedy Adventure Family
Cinderella,2015,6.7,2374,Romance Fantasy Family Drama
The Lovely Bones,2009,6.6,1065,Fantasy Drama
Finding Nemo,2003,7.6,6122,Animation Family
The Lord of the Rings: The Return of the King,2003,8.1,8064,Adventure Fantasy Action
The Lord of the Rings: The Two Towers,2002,8.0,7487,Adventure Fantasy Action
Seventh Son,2014,5.2,957,Adventure Fantasy
Lara Croft: Tomb Raider,2001,5.7,2192,Adventure Fantasy Action Thriller
Transcendence,2014,5.9,2295,Thriller Science Fiction Drama Mystery
Jurassic Park III,2001,5.7,2077,Adventure Action Thriller Science Fiction
Rise of the Planet of the Apes,2011,7.0,4347,Thriller Action Drama Science Fiction
The Spiderwick Chronicles,2008,6.3,572,Adventure Family Fantasy
A Good Day to Die Hard,2013,5.2,3493,Action Thriller
The Alamo,2004,5.8,106,Western History War
The Incredibles,2004,7.4,5152,Action Adventure Animation Family
Cutthroat Island,1995,5.7,136,Action Adventure
Percy Jackson & the Olympians: The Lightning Thief,2010,6.0,2010,Adventure Fantasy Family
Men in Black,1997,6.9,4412,Action Adventure Comedy Science Fiction
Toy Story 2,1999,7.3,3806,Animation Comedy Family
Unstoppable,2010,6.3,1165,Action Thriller
Rush Hour 2,2001,6.4,1054,Action Comedy Crime Thriller
What Lies Beneath,2000,6.3,488,Drama Horror Mystery Thriller
Cloudy with a Chance of Meatballs,2009,6.5,1747,Animation Comedy Family
Ice Age: Dawn of the Dinosaurs,2009,6.5,2271,Animation Comedy Family Adventure
The Secret Life of Walter Mitty,2013,7.0,3144,Adventure Comedy Drama Fantasy
Charlie's Angels,2000,5.6,1232,Action Adventure Comedy Crime Thriller
The Departed,2006,7.9,4339,Drama Thriller Crime
Mulan,1998,7.6,2008,Animation Family Adventure
Tropic Thunder,2008,6.5,1667,Action Comedy
The Girl with the Dragon Tattoo,2011,7.2,2434,Thriller Crime Mystery Drama
Die Hard: With a Vengeance,1995,6.9,2066,Action Thriller
Sherlock Holmes,2009,7.0,5766,Action Adventure Crime Mystery
Ben-Hur,2016,5.3,621,Drama
Atlantis: The Lost Empire,2001,6.7,1224,Animation Family Adventure Science Fiction
Alvin and the Chipmunks: The Road Chip,2015,5.8,428,Adventure Animation Comedy Family
Valkyrie,2008,6.7,1173,Drama Thriller History War
You Don't Mess with the Zohan,2008,5.5,1048,Comedy Action
Pixels,2015,5.6,2513,Action Comedy Science Fiction
A.I. Artificial Intelligence,2001,6.8,1974,Drama Science Fiction Adventure
The Haunted Mansion,2003,5.2,466,Thriller Fantasy Comedy Family Mystery
Contact,1997,7.2,1308,Drama Science Fiction Mystery
Hollow Man,2000,5.6,634,Action Science Fiction Thriller
The Interpreter,2005,6.2,392,Crime Thriller
Percy Jackson: Sea of Monsters,2013,5.9,1648,Adventure Family Fantasy
Lara Croft Tomb Raider: The Cradle of Life,2003,5.5,1418,Action Adventure Fantasy Thriller
Now You See Me 2,2016,6.7,3235,Action Adventure Comedy Crime Mystery
The Saint,1997,5.9,302,Thriller Action Romance Science Fiction Adventure
Spy Game,2001,6.8,579,Action Crime Thriller
Mission to Mars,2000,5.7,369,Science Fiction
Rio,2011,6.5,2166,Animation Adventure Comedy Family
Bicentennial Man,1999,6.9,963,Comedy Science Fiction
Volcano,1997,5.2,376,Science Fiction Action Drama Thriller
The Devil's Own,1997,5.9,290,Crime Thriller Drama
K-19: The Widowmaker,2002,6.1,264,Drama History Thriller
Conan the Barbarian,1982,6.6,650,Adventure Fantasy Action
Cinderella Man,2005,7.3,616,Romance Drama History
The Nutcracker: The Untold Story,2010,5.4,50,Fantasy Action Family
Seabiscuit,2003,6.7,216,Drama History
Twister,1996,6.1,950,Action Adventure Drama
Cast Away,2000,7.5,3218,Adventure Drama
Happy Feet,2006,5.9,1410,Animation Comedy
The Bourne Supremacy,2004,7.2,2825,Action Drama Thriller
Air Force One,1997,6.2,840,Action Thriller
Ocean's Eleven,2001,7.2,3783,Thriller Crime
The Three Musketeers,2011,5.6,924,Adventure Action Thriller
Hotel Transylvania,2012,6.8,2566,Animation Comedy Family Fantasy
Enchanted,2007,6.6,1449,Comedy Family Fantasy Romance
Safe House,2012,6.3,1345,Action Thriller
102 Dalmatians,2000,5.1,313,Comedy Family
Tower Heist,2011,5.8,932,Action Comedy
The Holiday,2006,6.7,1225,Comedy Romance
Enemy of the State,1998,6.7,1240,Action Drama Thriller
It's Complicated,2009,6.2,360,Comedy Romance
Ocean's Thirteen,2007,6.5,1999,Crime Thriller
Open Season,2006,6.1,656,Adventure Animation Family
Divergent,2014,6.9,4663,Adventure Action Science Fiction
Enemy at the Gates,2001,7.2,999,War
The Rundown,2003,6.4,514,Adventure Action Comedy Thriller
Last Action Hero,1993,6.1,712,Adventure Fantasy Action Comedy Family
Memoirs of a Geisha,2005,7.3,652,Drama History Romance
The Fast and the Furious: Tokyo Drift,2006,6.1,1705,Action Crime Drama Thriller
Arthur Christmas,2011,6.7,333,Drama Animation Family Comedy
Meet Joe Black,1998,6.9,1147,Fantasy Drama Mystery
Collateral Damage,2002,5.5,427,Action Thriller Drama
All That Jazz,1979,7.3,85,Drama Music
Mirror Mirror,2012,5.5,1114,Adventure Fantasy Drama Comedy Science Fiction
Scott Pilgrim vs. the World,2010,7.2,2126,Action Adventure Comedy
The Core,2003,5.4,516,Action Thriller Adventure Science Fiction
Nutty Professor II: The Klumps,2000,4.7,332,Fantasy Comedy Romance Science Fiction
Scooby-Doo,2002,5.4,820,Mystery Adventure Comedy
Dredd,2012,6.6,1940,Action Science Fiction
Click,2006,6.0,2104,Comedy Drama Fantasy Romance
Creepshow,1982,6.7,226,Horror Comedy Fantasy
Cats & Dogs 2 : The Revenge of Kitty Galore,2010,4.9,119,Comedy Family
Jumper,2008,5.9,1799,Adventure Fantasy Science Fiction
Hellboy II: The Golden Army,2008,6.5,1527,Adventure Fantasy Science Fiction
Zodiac,2007,7.3,2023,Crime Drama Mystery Thriller
The 6th Day,2000,5.7,595,Science Fiction
Bruce Almighty,2003,6.4,3012,Fantasy Comedy
The Expendables,2010,6.0,2926,Thriller Adventure Action
Mission: Impossible,1996,6.7,2631,Adventure Action Thriller
The Hunger Games,2012,6.9,9455,Science Fiction Adventure Fantasy
The Hangover Part II,2011,6.2,3739,Comedy
Batman Returns,1992,6.6,1673,Action Fantasy
Over the Hedge,2006,6.3,1074,Comedy Animation Family
Lilo & Stitch,2002,7.1,1314,Animation Family
Charlotte's Web,2006,5.8,288,Comedy Family Fantasy
Deep Impact,1998,5.9,855,Action Drama Romance
RED 2,2013,6.4,1526,Action Comedy Crime Thriller
The Longest Yard,2005,6.2,785,Comedy Drama
Alvin and the Chipmunks: Chipwrecked,2011,5.4,484,Comedy Fantasy Family Music Animation
Grown Ups 2,2013,5.8,1155,Comedy
Get Smart,2008,6.0,1051,Action Comedy Thriller
Something's Gotta Give,2003,6.3,410,Drama Comedy Romance
Shutter Island,2010,7.8,6336,Drama Thriller Mystery
Four Christmases,2008,5.3,331,Comedy Romance Drama
Robots,2005,6.0,1333,Animation Comedy Family Science Fiction
Face/Off,1997,6.8,1583,Action Crime Science Fiction Thriller
Bedtime Stories,2008,5.9,901,Fantasy Comedy Family Romance
Road to Perdition,2002,7.3,1077,Thriller Crime Drama
Just Go with It,2011,6.3,1543,Romance Comedy
Con Air,1997,6.5,1270,Action Thriller Crime
Eagle Eye,2008,6.3,1018,Mystery Thriller Action
Cold Mountain,2003,6.7,533,Drama
The Book of Eli,2010,6.6,2164,Action Thriller Science Fiction
Flubber,1997,5.3,695,Comedy Family Science Fiction
The Haunting,1999,5.2,369,Horror Thriller Fantasy Mystery
Space Jam,1996,6.5,1288,Animation Comedy Drama Family Fantasy
The Pink Panther,2006,5.6,550,Action Comedy Crime Mystery Family
The Day the Earth Stood Still,2008,5.2,1043,Drama Science Fiction Thriller
Conspiracy Theory,1997,6.5,431,Action Drama Mystery Thriller
Fury,2014,7.4,3946,War Drama Action
Six Days Seven Nights,1998,5.6,332,Action Adventure Comedy Romance
Yogi Bear,2010,5.2,220,Comedy Family Animation Adventure
Spirit: Stallion of the Cimarron,2002,7.4,831,Western Animation Adventure Comedy Family
Zookeeper,2011,5.3,498,Comedy Romance Family
Lost in Space,1998,5.0,388,Adventure Family Science Fiction
The Manchurian Candidate,2004,6.2,393,Drama Thriller Mystery
Déjà Vu,1998,8.0,1,Romance Drama
Hotel Transylvania 2,2015,6.7,1497,Animation Comedy Family
Fantasia 2000,1999,7.0,292,Animation Family Music
The Time Machine,2002,5.8,631,Science Fiction Adventure Action
Mighty Joe Young,1998,5.9,208,Action Adventure Family Fantasy
Swordfish,2001,6.1,932,Action Crime Thriller
The Legend of Zorro,2005,5.9,893,Action Adventure
What Dreams May Come,1998,6.8,577,Drama Fantasy Romance
Little Nicky,2000,5.2,438,Comedy Fantasy Romance
The Brothers Grimm,2005,5.6,818,Adventure Fantasy Action Comedy Thriller
Mars Attacks!,1996,6.1,1509,Comedy Fantasy Science Fiction
Evolution,2015,6.4,47,Mystery Drama Horror
The Edge,1997,6.7,349,Action Adventure Drama
Surrogates,2009,5.9,1195,Action Science Fiction Thriller
Thirteen Days,2000,6.9,189,Drama Thriller
Daylight,1996,5.8,378,Action Adventure Thriller
Walking With Dinosaurs,2013,5.2,133,Animation Family Adventure
Battlefield Earth,2000,3.0,255,Action Science Fiction War
Looney Tunes: Back in Action,2003,5.6,297,Animation Comedy Family
Nine,2009,5.1,165,Drama Music Romance
Timeline,2003,5.4,318,Action Adventure Science Fiction
The Postman,1997,6.1,299,Drama Adventure
Babe: Pig in the City,1998,5.2,305,Adventure Comedy Drama Family Fantasy
The Last Witch Hunter,2015,5.7,1316,Fantasy Action Adventure
Red Planet,2000,5.4,267,Thriller Action Science Fiction
Arthur and the Invisibles,2006,6.0,639,Adventure Fantasy Animation Family
Oceans,2009,7.3,111,Documentary Family
A Sound of Thunder,2005,4.8,111,Thriller Science Fiction Adventure Action
Pompeii,2014,5.2,1267,Action Adventure History Romance Drama
Top Cat Begins,2015,5.3,9,Comedy Animation
A Beautiful Mind,2001,7.7,3009,Drama Romance
The Lion King,1994,8.0,5376,Family Animation Drama
Journey 2: The Mysterious Island,2012,5.8,1030,Adventure Action Science Fiction
Cloudy with a Chance of Meatballs 2,2013,6.4,915,Animation Family Comedy
Red Dragon,2002,6.7,1115,Crime Thriller Horror
Hidalgo,2004,6.5,318,Western Adventure
Jack and Jill,2011,4.1,604,Comedy
2 Fast 2 Furious,2003,6.2,2028,Action Crime Thriller
The Little Prince,2015,7.6,756,Adventure Animation Fantasy
The Invasion,2007,5.7,359,Science Fiction Thriller
The Adventures of Rocky & Bullwinkle,2000,3.9,87,Action Adventure Animation Comedy Family
The Secret Life of Pets,2016,5.9,3462,Animation Family
The League of Extraordinary Gentlemen,2003,5.7,1155,Fantasy Action Thriller Science Fiction
Despicable Me 2,2013,7.0,4637,Animation Comedy Family
Independence Day,1996,6.7,3260,Action Adventure Science Fiction
The Lost World: Jurassic Park,1997,6.2,2487,Adventure Action Science Fiction
Madagascar,2005,6.6,3237,Family Animation
Children of Men,2006,7.4,2071,Drama Action Thriller Science Fiction
X-Men,2000,6.8,4097,Adventure Action Science Fiction
Wanted,2008,6.4,2528,Action Thriller Crime
The Rock,1996,6.9,1456,Action Adventure Thriller
Ice Age: The Meltdown,2006,6.5,2951,Animation Family Comedy Adventure
50 First Dates,2004,6.6,2105,Comedy Romance
Hairspray,2007,6.5,709,Family Comedy Music Romance
Exorcist: The Beginning,2004,4.7,183,Horror Mystery Thriller
Inspector Gadget,1999,4.3,318,Action Adventure Comedy Family
Now You See Me,2013,7.3,5487,Thriller Crime
Grown Ups,2010,6.0,1705,Comedy
The Terminal,2004,7.0,1910,Comedy Drama
Hotel for Dogs,2009,5.7,202,Comedy Family
Vertical Limit,2000,5.9,283,Action Adventure Thriller
Charlie Wilson's War,2007,6.5,338,Comedy Drama History
Shark Tale,2004,5.8,1557,Animation Action Comedy Family
Dreamgirls,2006,6.6,284,Drama
Be Cool,2005,5.4,292,Comedy Crime
Munich,2005,6.9,696,Drama Action History Thriller
Tears of the Sun,2003,6.4,573,Action Drama War
Killers,2010,5.7,772,Action Comedy Thriller Romance
The Man from U.N.C.L.E.,2015,7.1,2265,Comedy Action Adventure
Spanglish,2004,5.8,369,Comedy
Monster House,2006,6.3,874,Animation Comedy Family Fantasy
Bandits,2001,6.2,302,Action Comedy Crime Romance
First Knight,1995,5.9,311,Action Adventure Drama Romance
Anna and the King,1999,6.4,197,Drama History Romance
Immortals,2011,5.7,880,Fantasy Action Drama
Hostage,2005,6.2,512,Mystery Drama Thriller Crime
Titan A.E.,2000,6.3,313,Animation Action Science Fiction Family Adventure
Hollywood Homicide,2003,5.0,166,Action Adventure Comedy Thriller
Soldier,1998,6.1,221,Action War Science Fiction
Carriers,2009,5.8,282,Action Drama Horror Science Fiction Thriller
Monkeybone,2001,4.3,78,Adventure Fantasy Animation Action Comedy
Flight of the Phoenix,2004,5.7,276,Action Adventure Drama Thriller
Unbreakable,2000,6.9,1946,Science Fiction Thriller Drama
Minions,2015,6.4,4571,Family Animation Adventure Comedy
Sucker Punch,2011,5.9,1623,Action Fantasy Thriller
Snake Eyes,1998,5.8,327,Crime Mystery
Sphere,1998,5.8,476,Science Fiction
The Angry Birds Movie,2016,5.9,1022,Family Animation
Fool's Gold,2008,5.4,444,Romance Comedy Adventure
Funny People,2009,5.7,390,Comedy Drama
The Kingdom,2007,6.5,513,Thriller Action Drama
Talladega Nights: The Ballad of Ricky Bobby,2006,6.2,491,Comedy
Dr. Dolittle 2,2001,4.9,410,Comedy Family Romance Fantasy
Braveheart,1995,7.7,3336,Action Drama History War
Jarhead,2005,6.6,765,Drama War
The Simpsons Movie,2007,6.9,2264,Animation Comedy Family
The Majestic,2001,6.6,188,Drama Romance
Driven,2001,4.5,179,Action
Two Brothers,2004,6.9,180,Adventure Drama Family
The Village,2004,6.2,1071,Drama Mystery Thriller
Doctor Dolittle,1998,5.4,686,Comedy Family Fantasy
Signs,2002,6.4,1599,Drama Thriller Science Fiction Mystery
Shrek 2,2004,6.7,2988,Adventure Animation Comedy Family Fantasy
Cars,2006,6.6,3877,Animation Adventure Comedy Family
Runaway Bride,1999,5.7,455,Comedy Romance
xXx,2002,5.8,1424,Action Adventure Thriller
The SpongeBob Movie: Sponge Out of Water,2015,5.8,719,Animation Adventure Comedy Family
Ransom,1996,6.4,470,Action Thriller
Inglourious Basterds,2009,7.9,6430,Drama Action Thriller War
Hook,1991,6.6,1532,Adventure Fantasy Comedy Family
Die Hard 2,1990,6.6,1896,Action Thriller
S.W.A.T.,2003,5.8,770,Action Thriller Crime
Vanilla Sky,2001,6.5,1078,Drama Mystery Romance Science Fiction Thriller
Lady in the Water,2006,5.3,409,Drama Thriller Fantasy Mystery
AVP: Alien vs. Predator,2004,5.5,1217,Adventure Science Fiction Action
Alvin and the Chipmunks: The Squeakquel,2009,5.4,666,Comedy Family Animation Fantasy Music
We Were Soldiers,2002,6.7,521,Action History War
Olympus Has Fallen,2013,6.2,2981,Action Thriller
Star Trek: Insurrection,1998,6.3,391,Science Fiction Action Adventure Thriller
Battle: Los Angeles,2011,5.5,1448,Action Science Fiction
Big Fish,2003,7.6,1994,Adventure Fantasy Drama
Wolf,1994,6.0,216,Fantasy
War Horse,2011,7.0,992,Drama War
The Monuments Men,2014,5.8,1523,War Drama History Action
The Abyss,1989,7.1,808,Adventure Action Thriller Science Fiction
Wall Street: Money Never Sleeps,2010,5.8,493,Drama Crime
Dracula Untold,2014,6.2,2389,Horror Action Drama Fantasy War
The Siege,1998,6.0,352,Drama Action Thriller Crime
Stardust,2007,7.1,1184,Adventure Fantasy Romance Family
Seven Years in Tibet,1997,7.0,630,Adventure Drama History
The Dilemma,2011,5.2,304,Comedy Drama
Bad Company,2002,5.4,228,Action Adventure Comedy Thriller
Doom,2005,5.0,609,Adventure Action Horror
I Spy,2002,5.2,269,Action Adventure Comedy Thriller
Underworld: Awakening,2012,6.1,1862,Fantasy Action Horror
Rock of Ages,2012,6.0,385,Comedy Drama Music Romance
Hart's War,2002,5.9,241,Drama War
Killer Elite,2011,6.1,695,Action Adventure Thriller
Rollerball,2002,3.4,106,Action Science Fiction Thriller
Ballistic: Ecks vs. Sever,2002,4.3,97,Action Adventure Thriller
Hard Rain,1998,5.5,179,Thriller
Osmosis Jones,2001,5.9,228,Adventure Animation Action Comedy Family
Legends of Oz: Dorothy's Return,2013,5.9,43,Animation Music Family
Blackhat,2015,5.1,826,Crime Drama Mystery
Sky Captain and the World of Tomorrow,2004,5.7,439,Mystery Action Thriller Science Fiction Adventure
Basic Instinct 2,2006,4.6,180,Crime Mystery Thriller
Escape Plan,2013,6.7,1659,Action Thriller
The Legend of Hercules,2014,4.4,533,Action Adventure
The Sum of All Fears,2002,5.9,437,Thriller Action Drama
The Twilight Saga: Eclipse,2010,5.8,2301,Adventure Fantasy Drama Romance
The Score,2001,6.7,423,Action Crime Thriller
Despicable Me,2010,7.1,6478,Animation Family
Money Train,1995,5.4,222,Action Comedy Crime
Ted 2,2015,6.2,2463,Comedy
Agora,2009,6.9,395,Adventure Drama History
Mystery Men,1999,5.7,250,Adventure Fantasy Action Comedy Science Fiction
Hall Pass,2011,5.4,611,Comedy
The Insider,1999,7.3,481,Drama Thriller
The Finest Hours,2016,6.3,588,Action Drama History Thriller
Body of Lies,2008,6.5,895,Action Drama Thriller
Dinner for Schmucks,2010,5.5,531,Comedy
Abraham Lincoln: Vampire Hunter,2012,5.5,1269,Action Fantasy Horror
Entrapment,1999,6.0,602,Romance Drama Mystery
The X Files,1998,6.6,488,Mystery Science Fiction Thriller
The Last Legion,2007,5.0,207,Action Adventure Fantasy War
Saving Private Ryan,1998,7.9,5048,Drama History War
Need for Speed,2014,6.1,1520,Action Crime Drama Thriller
What Women Want,2000,6.1,992,Comedy Romance
Ice Age,2002,7.1,3857,Animation Comedy Family Adventure
Dreamcatcher,2003,5.3,567,Drama Horror Science Fiction Thriller
Lincoln,2012,6.7,1429,History Drama
The Matrix,1999,7.9,8907,Action Science Fiction
Apollo 13,1995,7.3,1599,Drama
The Santa Clause 2,2002,5.5,297,Fantasy Comedy Family
Les Misérables,2012,7.1,1884,Drama Music Romance
You've Got Mail,1998,6.3,838,Comedy Romance
Step Brothers,2008,6.5,1062,Comedy
The Mask of Zorro,1998,6.3,1183,Action Adventure
Due Date,2010,6.2,1685,Comedy Drama
Unbroken,2014,7.3,1400,Drama War
Space Cowboys,2000,6.3,403,Action Adventure Thriller
Cliffhanger,1993,6.1,588,Action Adventure Thriller
Broken Arrow,1996,5.7,453,Action Adventure Drama Thriller
The Kid,2000,6.0,238,Fantasy Comedy Family
World Trade Center,2006,5.9,447,Drama History Thriller
Mona Lisa Smile,2003,6.5,393,Drama Romance
The Dictator,2012,5.9,1743,Comedy
Eyes Wide Shut,1999,7.1,1234,Mystery Drama
Annie,2014,6.0,466,Comedy Drama Family
Focus,2015,6.7,2542,Romance Comedy Crime Drama
This Means War,2012,5.9,1389,Action Comedy Romance
Blade: Trinity,2004,5.7,1252,Science Fiction Action Horror Thriller Adventure
Red Dawn,1984,6.4,215,Action Thriller
Primary Colors,1998,6.1,94,Comedy Drama
Resident Evil: Retribution,2012,5.6,1600,Action Horror Science Fiction
Death Race,2008,6.0,1175,Action Thriller Science Fiction
The Long Kiss Goodnight,1996,6.5,314,Crime Action Mystery Thriller
Proof of Life,2000,6.0,208,Action Adventure Drama Romance Thriller
Zathura: A Space Adventure,2005,6.1,779,Family Fantasy Science Fiction Adventure
Fight Club,1999,8.3,9413,Drama
We Are Marshall,2006,6.7,186,Drama
Hudson Hawk,1991,5.4,269,Action Adventure Comedy
Lucky Numbers,2000,4.9,52,Action Adventure Comedy Crime Romance
"I, Frankenstein",2014,5.0,687,Horror Thriller
Oliver Twist,2005,6.7,274,Crime Drama Family
Elektra,2005,4.8,575,Action Fantasy
Sin City: A Dame to Kill For,2014,6.3,1286,Crime Thriller
Random Hearts,1999,5.3,63,Drama Romance
Everest,2015,6.7,1772,Adventure Drama
Perfume: The Story of a Murderer,2006,7.1,1165,Crime Fantasy Drama
Austin Powers in Goldmember,2002,5.9,979,Comedy Crime Science Fiction
Astro Boy,2009,6.1,409,Animation Action Family Science Fiction
Jurassic Park,1993,7.6,4856,Adventure Science Fiction
Wyatt Earp,1994,6.5,202,Drama Action Western
Clear and Present Danger,1994,6.4,386,Action Drama Thriller
Dragon Blade,2015,5.9,145,Action Drama Adventure
Little Man,2006,5.3,261,Comedy Crime
U-571,2000,6.1,340,Action Drama Thriller War
The American President,1995,6.5,195,Comedy Drama Romance
The Love Guru,2008,4.3,242,Comedy Romance
3000 Miles to Graceland,2001,5.8,178,Action Adventure Comedy Thriller Crime
The Hateful Eight,2015,7.6,4274,Crime Drama Mystery Western
Blades of Glory,2007,5.9,569,Action Comedy Drama
Hop,2011,5.5,331,Animation Comedy Family
300,2006,7.0,4997,Action Adventure War
Meet the Fockers,2004,6.1,1373,Comedy Romance
Marley & Me,2008,6.9,1343,Comedy Family
The Green Mile,1999,8.2,4048,Fantasy Drama Crime
Wild Hogs,2007,5.6,648,Action Adventure Comedy
Chicken Little,2005,5.6,944,Animation Family Comedy
Gone Girl,2014,7.9,5862,Mystery Thriller Drama
The Bourne Identity,2002,7.3,3583,Action Drama Mystery Thriller
GoldenEye,1995,6.6,1174,Adventure Action Thriller
The General's Daughter,1999,6.1,205,Crime Drama Mystery Thriller
The Truman Show,1998,7.8,4537,Comedy Drama
The Prince of Egypt,1998,6.8,817,Adventure Animation Drama Family Music
Daddy Day Care,2003,5.6,506,Comedy Family
2 Guns,2013,6.6,1589,Action Comedy Crime
Cats & Dogs,2001,5.0,352,Comedy Family
The Italian Job,2003,6.6,1919,Action Crime
Two Weeks Notice,2002,5.9,487,Romance Comedy
Antz,1998,6.0,1272,Adventure Animation Comedy Family
Couples Retreat,2009,5.3,588,Comedy Romance
Days of Thunder,1990,5.9,353,Adventure
Cheaper by the Dozen 2,2005,5.7,526,Comedy
Maze Runner: The Scorch Trials,2015,6.4,3040,Action
Eat Pray Love,2010,5.8,636,Drama
The Family Man,2000,6.5,521,Comedy Drama Romance Fantasy
RED,2010,6.6,2808,Action Adventure Comedy Crime Thriller
Any Given Sunday,1999,6.8,422,Drama
The Horse Whisperer,1998,6.7,292,Drama Romance
Collateral,2004,7.0,1451,Drama Crime Thriller
The Scorpion King,2002,5.3,779,Action Fantasy Adventure
Ladder 49,2004,6.2,207,Drama Action Thriller
Jack Reacher,2012,6.3,2998,Crime Drama Thriller
Deep Blue Sea,1999,5.6,604,Action Science Fiction Thriller
This Is It,2009,6.7,247,Music Documentary
Contagion,2011,6.2,1325,Drama Thriller Science Fiction
Kangaroo Jack,2003,4.3,203,Comedy Adventure Crime
Coraline,2009,7.3,1386,Animation Family
The Happening,2008,4.9,950,Thriller Science Fiction
Man on Fire,2004,7.3,1553,Action Drama Thriller Crime
The Shaggy Dog,2006,4.5,137,Comedy Family
Starsky & Hutch,2004,5.6,644,Comedy Crime
Jingle All the Way,1996,5.5,575,Family Comedy
Hellboy,2004,6.5,2225,Fantasy Action Science Fiction
A Civil Action,1998,6.1,109,Drama
ParaNorman,2012,6.7,789,Family Animation Adventure Comedy
The Jackal,1997,6.1,527,Action Thriller Adventure Crime
Paycheck,2003,5.9,581,Action Adventure Mystery Science Fiction Thriller
Up Close & Personal,1996,5.9,50,Drama Romance
The Tale of Despereaux,2008,5.8,258,Adventure Animation Family
The Tuxedo,2002,5.3,483,Thriller Action Comedy Science Fiction
Under Siege 2: Dark Territory,1995,5.6,210,Action Thriller
Jack Ryan: Shadow Recruit,2014,5.9,1173,Action Drama Thriller
Joy,2015,6.4,1581,Drama Comedy
London Has Fallen,2016,5.8,1621,Action Crime Thriller
Alien: Resurrection,1997,5.9,1365,Science Fiction Horror Action
Shooter,2007,6.9,1462,Action Drama Mystery Thriller Crime
The Boxtrolls,2014,6.6,668,Animation Comedy Family Fantasy
Practical Magic,1998,6.3,338,Drama Fantasy Comedy
The Lego Movie,2014,7.5,3070,Adventure Animation Comedy Family Fantasy
Miss Congeniality 2: Armed and Fabulous,2005,5.3,425,Action Comedy
Reign of Fire,2002,6.0,669,Adventure Action Fantasy
Gangster Squad,2013,6.2,1778,Crime Drama Action Thriller
Year One,2009,4.6,524,Comedy Adventure
Invictus,2009,7.0,1125,Drama History
State of Play,2009,6.7,484,Action
Duplicity,2009,5.7,201,Romance Comedy Crime
My Favorite Martian,1999,5.1,80,Comedy Drama Family Science Fiction
The Sentinel,2006,5.8,225,Action Thriller Crime
Planet 51,2009,5.6,556,Science Fiction Animation Family Comedy Adventure
Star Trek: Nemesis,2002,6.1,479,Science Fiction Action Adventure Thriller
Intolerable Cruelty,2003,5.8,391,Crime Comedy Romance
Trouble with the Curve,2012,6.6,366,Drama Romance
Edge of Darkness,2010,6.2,487,Crime Drama Mystery Thriller
The Relic,1997,5.8,130,Horror Mystery Thriller
Analyze That,2002,5.7,380,Comedy Crime
Righteous Kill,2008,5.9,375,Action Crime Drama Thriller
Mercury Rising,1998,6.0,368,Action Crime Drama Thriller
The Soloist,2009,6.6,234,Drama
The Legend of Bagger Vance,2000,6.3,251,Fantasy Drama
Almost Famous,2000,7.4,797,Drama Music
Garfield: A Tail of Two Kitties,2006,5.1,464,Animation Comedy Family
xXx: State of the Union,2005,4.7,549,Action Adventure Crime Drama Mystery
Priest,2011,5.4,692,Action Science Fiction Fantasy Thriller Horror
Sinbad: Legend of the Seven Seas,2003,6.6,372,Family Animation Adventure
Event Horizon,1997,6.5,742,Horror Science Fiction Mystery
Dragonfly,2002,6.1,204,Drama
The Black Dahlia,2006,5.7,287,Drama
Flyboys,2006,6.3,271,Action Adventure Drama History Romance
The Last Castle,2001,7.0,285,Action Drama Thriller
Supernova,2000,4.9,109,Horror Science Fiction Thriller
Winter's Tale,2014,6.0,487,Drama Fantasy Mystery Romance
The Mortal Instruments: City of Bones,2013,6.2,1602,Action Adventure Drama Mystery Romance
Meet Dave,2008,5.0,371,Comedy Science Fiction Adventure Family
Dark Water,2005,5.3,274,Drama Horror Thriller
Edtv,1999,5.7,166,Comedy
Inkheart,2008,6.0,592,Adventure Family Fantasy
The Spirit,2008,4.7,320,Action Comedy Thriller Crime Science Fiction
Mortdecai,2015,5.4,1055,Comedy Adventure
In the Name of the King: A Dungeon Siege Tale,2007,4.1,224,Adventure Fantasy Action Drama
Beyond Borders,2003,6.7,110,Drama Romance Adventure War
The Monkey King 2,2016,6.0,24,Action Adventure Fantasy
The Great Raid,2005,6.8,91,Action History War
Deadpool,2016,7.4,10995,Action Adventure Comedy
Holy Man,1998,4.9,111,Drama Comedy
American Sniper,2014,7.4,4469,War Action
Goosebumps,2015,6.2,995,Adventure Horror Comedy
Just Like Heaven,2005,6.5,579,Comedy Fantasy Romance
The Flintstones in Viva Rock Vegas,2000,4.4,134,Science Fiction Comedy Family Romance
Rambo III,1988,5.7,690,Action Adventure Thriller War
Leatherheads,2008,5.7,130,Comedy Romance Drama
The Ridiculous 6,2015,4.9,388,Comedy Western
Did You Hear About the Morgans?,2009,5.1,276,Comedy
The Internship,2013,6.1,1658,Comedy
Resident Evil: Afterlife,2010,5.8,1363,Action Adventure Horror Science Fiction
Red Tails,2012,5.9,178,Drama Action Adventure History War
The Devil's Advocate,1997,7.2,1374,Drama Horror Mystery Thriller
That's My Boy,2012,5.5,453,Comedy
DragonHeart,1996,6.4,535,Fantasy
After the Sunset,2004,6.0,226,Action Comedy Crime Drama
Ghost Rider: Spirit of Vengeance,2011,4.7,1135,Action Fantasy Thriller
Captain Corelli's Mandolin,2001,5.5,145,Drama History Romance
The Pacifier,2005,5.8,842,Action Comedy Drama Family Thriller
Walking Tall,2004,6.0,381,Adventure Drama Action Thriller
Forrest Gump,1994,8.2,7927,Comedy Drama Romance
Alvin and the Chipmunks,2007,5.5,1177,Comedy Music Family Fantasy Animation
Meet the Parents,2000,6.6,1698,Comedy Romance
Pocahontas,1995,6.7,1457,Adventure Animation Drama Family
Superman,1978,6.9,1022,Action Adventure Fantasy Science Fiction
The Nutty Professor,1996,5.4,702,Fantasy Comedy Romance Science Fiction
Hitch,2005,6.4,1665,Comedy Drama Romance
George of the Jungle,1997,5.4,496,Adventure Comedy Family Romance
American Wedding,2003,6.0,1129,Comedy Romance
Captain Phillips,2013,7.6,2454,Action Drama Thriller
Date Night,2010,5.9,1122,Comedy
Casper,1995,6.0,1019,Fantasy Comedy Family
The Equalizer,2014,7.1,2954,Thriller Action Crime
Maid in Manhattan,2002,5.6,485,Comedy Drama Romance
Crimson Tide,1995,7.0,498,Action Thriller Drama
The Pursuit of Happyness,2006,7.7,2525,Drama
Flightplan,2005,6.1,772,Thriller Drama Mystery
Disclosure,1994,5.9,210,Drama Thriller Crime Mystery Romance
City of Angels,1998,6.4,529,Drama Fantasy Romance
Kill Bill: Vol. 1,2003,7.7,4949,Action Crime
Bowfinger,1999,6.0,254,Comedy
Kill Bill: Vol. 2,2004,7.6,3948,Action Crime Thriller
Tango & Cash,1989,6.1,458,Action Adventure Comedy
Death Becomes Her,1992,6.3,636,Fantasy Comedy
Shanghai Noon,2000,6.2,735,Adventure Action Comedy Western
Executive Decision,1996,5.8,256,Action Adventure Drama Thriller
Mr. Popper's Penguins,2011,5.7,751,Comedy Family
The Forbidden Kingdom,2008,6.3,461,Action Adventure Fantasy
Free Birds,2013,5.7,254,Animation Comedy Family
Alien³,1992,6.2,1633,Science Fiction Action Horror
Evita,1996,5.9,120,History Drama Music
Ronin,1998,6.7,658,Action Thriller Crime Adventure
The Ghost and the Darkness,1996,6.4,236,Adventure
Paddington,2014,7.0,883,Family Comedy
The Watch,2012,5.3,881,Comedy
The Hunted,2003,6.0,189,Drama Action Thriller Crime
Instinct,1999,6.2,146,Drama Mystery Thriller
Stuck on You,2003,5.1,188,Comedy
Semi-Pro,2008,5.4,251,Comedy
The Pirates! In an Adventure with Scientists!,2012,6.4,374,Animation Adventure Family Comedy
Changeling,2008,7.3,1131,Crime Drama Mystery
Chain Reaction,1996,5.3,284,Action Drama Science Fiction Thriller
The Fan,1996,5.7,194,Drama Mystery Thriller
The Phantom of the Opera,2004,7.0,438,Thriller Drama Romance
Elizabeth: The Golden Age,2007,6.6,303,Drama History Romance
Æon Flux,2005,5.4,703,Action Science Fiction
Gods and Generals,2003,6.1,48,Drama History War
Turbulence,1997,5.2,62,Action Thriller Crime
Imagine That,2009,5.7,134,Comedy
Muppets Most Wanted,2014,6.2,316,Comedy Adventure Crime Family
Thunderbirds,2004,4.2,91,Action Adventure Comedy Family Fantasy
Burlesque,2010,6.9,573,Drama Romance
A Very Long Engagement,2004,7.1,346,Drama
Lolita,1962,7.3,395,Drama Romance
D-Tox,2002,5.3,123,Action Thriller
Blade II,2002,6.2,1528,Fantasy Horror Action Thriller
Seven Pounds,2008,7.5,2039,Drama
Bullet to the Head,2013,5.2,481,Action Crime Thriller
The Godfather: Part III,1990,7.1,1546,Crime Drama Thriller
Elizabethtown,2005,6.1,327,Comedy Drama Romance
"You, Me and Dupree",2006,5.4,407,Comedy Romance
Superman II,1980,6.5,629,Action Adventure Fantasy Science Fiction
Gigli,2003,3.5,104,Drama
All the King's Men,2006,5.7,95,Drama Thriller
Shaft,2000,5.5,308,Action Adventure Crime Thriller
Anastasia,1997,7.4,1432,Animation Family
Moulin Rouge!,2001,7.4,1300,Drama Music Romance
Domestic Disturbance,2001,5.4,113,Mystery Thriller Crime
Black Mass,2015,6.3,1242,Crime Drama
Flags of Our Fathers,2006,6.7,526,War Drama History
Law Abiding Citizen,2009,7.2,1486,Drama Crime Thriller
Grindhouse,2007,6.8,459,Thriller Action Horror
Beloved,1998,5.9,26,Drama Thriller
Lucky You,2007,5.4,81,Drama Romance
Catch Me If You Can,2002,7.7,3795,Drama Crime
Zero Dark Thirty,2012,6.7,1702,Thriller Drama History
The Break-Up,2006,5.6,832,Romance Comedy
Mamma Mia!,2008,6.4,1386,Comedy Romance
Valentine's Day,2010,5.7,1013,Comedy Romance
The Dukes of Hazzard,2005,5.1,316,Action Adventure Comedy
The Thin Red Line,1998,7.2,771,Drama History War
The Change-Up,2011,5.9,736,Comedy
Man on the Moon,1999,6.9,435,Comedy Drama Romance
Casino,1995,7.8,1307,Drama Crime
From Paris with Love,2010,6.1,675,Action Crime Thriller
Bulletproof Monk,2003,5.1,278,Action Comedy Fantasy
"Me, Myself & Irene",2000,6.1,927,Comedy
Barnyard,2006,5.3,225,Animation Comedy Family
Deck the Halls,2006,5.1,109,Comedy Family
The Twilight Saga: New Moon,2009,5.6,2436,Adventure Fantasy Drama Romance
Shrek,2001,7.3,4056,Adventure Animation Comedy Family Fantasy
The Adjustment Bureau,2011,6.5,1652,Science Fiction Thriller Romance
Robin Hood: Prince of Thieves,1991,6.6,909,Adventure
Jerry Maguire,1996,6.7,913,Comedy Drama Romance
Ted,2012,6.3,4697,Comedy Fantasy
As Good as It Gets,1997,7.2,915,Comedy Romance
Patch Adams,1998,7.0,832,Comedy Drama
Anchorman 2: The Legend Continues,2013,6.0,923,Comedy
Mr. Deeds,2002,5.6,644,Comedy Romance
Super 8,2011,6.6,2435,Thriller Science Fiction Mystery
Erin Brockovich,2000,7.1,716,Drama
How to Lose a Guy in 10 Days,2003,6.3,850,Comedy Romance
22 Jump Street,2014,7.0,3319,Crime Comedy Action
Interview with the Vampire,1994,7.2,1516,Horror Romance
Yes Man,2008,6.4,1813,Comedy
Central Intelligence,2016,6.2,1650,Action Comedy
Stepmom,1998,6.9,277,Drama Romance
Daddy's Home,2015,5.8,854,Comedy
Into the Woods,2014,5.6,1652,Fantasy Comedy Music
Inside Man,2006,7.3,1630,Crime Drama Thriller
Payback,1999,6.7,548,Drama Action Thriller Crime
Congo,1995,5.0,213,Action Adventure Drama Mystery Science Fiction
We Bought a Zoo,2011,6.5,909,Drama Comedy Family
Knowing,2009,5.9,1486,Action Adventure Drama Mystery Science Fiction
Failure to Launch,2006,5.5,399,Comedy
The Ring Two,2005,5.4,632,Drama Horror Thriller
"Crazy, Stupid, Love.",2011,7.0,2443,Comedy Drama Romance
Garfield,2004,5.2,820,Animation Comedy Family
Christmas with the Kranks,2004,5.2,193,Comedy Family
Moneyball,2011,7.0,1381,Drama
Outbreak,1995,6.3,513,Action Drama Science Fiction Thriller
Non-Stop,2014,6.8,2268,Action Thriller Mystery
Race to Witch Mountain,2009,5.5,509,Adventure Family Fantasy Science Fiction Thriller
V for Vendetta,2006,7.7,4442,Action Thriller Fantasy
Shanghai Knights,2003,6.0,692,Action Adventure Comedy Western
Curious George,2006,6.2,106,Adventure Animation Comedy Family
Herbie Fully Loaded,2005,5.1,542,Comedy Family Adventure Fantasy Romance
Don't Say a Word,2001,6.0,220,Thriller
Hansel & Gretel: Witch Hunters,2013,5.7,3239,Fantasy Horror Action
Unfaithful,2002,6.3,276,Thriller Drama
I Am Number Four,2011,5.9,1567,Action Thriller Science Fiction Adventure
Syriana,2005,6.3,451,Drama Thriller
13 Hours: The Secret Soldiers of Benghazi,2016,7.0,938,Action Drama History Thriller War
The Book of Life,2014,7.3,755,Romance Animation Adventure Comedy Family
Firewall,2006,5.6,267,Thriller
Absolute Power,1997,6.4,223,Crime Drama Thriller
G.I. Jane,1997,6.0,395,Action Drama
The Game,1997,7.5,1506,Drama Thriller Mystery
Silent Hill,2006,6.3,1067,Horror Mystery
The Replacements,2000,6.1,203,Comedy
American Reunion,2012,6.1,1611,Comedy
The Negotiator,1998,6.8,582,Action Adventure Crime Drama Mystery
Into the Storm,2014,5.8,817,Action Thriller
Beverly Hills Cop III,1994,5.5,434,Action Comedy Crime
Gremlins 2: The New Batch,1990,6.2,652,Comedy Horror Fantasy
The Judge,2014,7.2,1417,Drama
The Peacemaker,1997,5.8,255,Action Thriller
Resident Evil: Apocalypse,2004,6.1,1267,Horror Action Science Fiction
Bridget Jones: The Edge of Reason,2004,6.1,750,Comedy Romance
Out of Time,2003,6.1,298,Thriller Crime Drama
On Deadly Ground,1994,4.5,104,Action Thriller
The Adventures of Sharkboy and Lavagirl,2005,4.4,269,Adventure Family Science Fiction
The Beach,2000,6.3,1233,Drama Adventure Romance Thriller
Raising Helen,2004,5.9,189,Drama Comedy Romance
Ninja Assassin,2009,6.2,371,Action Crime Thriller
For Love of the Game,1999,6.3,88,Drama Romance
Striptease,1996,4.4,205,Drama Thriller Crime
Marmaduke,2010,5.0,149,Family Comedy
Hereafter,2010,5.8,510,Drama Fantasy
Murder by Numbers,2002,6.0,268,Crime Drama Thriller
Assassins,1995,6.0,387,Action Adventure Crime Thriller
Hannibal Rising,2007,6.0,654,Crime Drama Thriller
The Story of Us,1999,5.9,75,Comedy Drama Romance
The Host,2013,6.0,1817,Action Adventure Romance Science Fiction Thriller
Basic,2003,6.2,286,Action Drama Mystery Thriller Crime
Blood Work,2002,6.1,206,Crime Drama Mystery Thriller
The International,2009,6.0,368,Drama Thriller Crime
Escape from L.A.,1996,5.6,373,Action Adventure Science Fiction Thriller
The Iron Giant,1999,7.6,1436,Adventure Animation Family Fantasy Science Fiction
The Life Aquatic with Steve Zissou,2004,7.1,775,Adventure Comedy Drama
Free State of Jones,2016,6.6,428,War Action Drama History Thriller
The Life of David Gale,2003,7.3,480,Drama Thriller Crime
Man of the House,2005,5.4,120,Comedy Action
Run All Night,2015,6.3,1148,Action Crime Drama Mystery Thriller
Eastern Promises,2007,7.2,848,Thriller Crime Mystery
Into the Blue,2005,5.8,458,Action Thriller Adventure Crime
The Messenger: The Story of Joan of Arc,1999,6.2,367,Adventure Drama Action History War
Your Highness,2011,5.2,501,Comedy
Dream House,2011,5.8,391,Drama Thriller Mystery
Mad City,1997,5.9,81,Action Drama Thriller
Baby's Day Out,1994,5.8,274,Action Adventure Comedy Family
The Scarlet Letter,1995,5.5,108,Drama History Romance
Fair Game,2010,6.5,235,Drama Thriller
Domino,2005,6.0,444,Action Crime
Jade,1995,5.2,44,Action Thriller Mystery Romance
Gamer,2009,5.6,760,Action Thriller Science Fiction
Beautiful Creatures,2013,5.6,984,Fantasy Drama Romance
Death to Smoochy,2002,5.9,132,Comedy Crime Drama Thriller
Zoolander 2,2016,4.7,797,Comedy
The Big Bounce,2004,5.0,76,Comedy Crime
What Planet Are You From?,2000,5.4,37,Comedy Drama Romance Science Fiction
Drive Angry,2011,5.3,600,Fantasy Thriller Action Crime
Street Fighter: The Legend of Chun-Li,2009,3.9,112,Action Adventure Science Fiction Thriller
The One,2001,5.7,437,Action Science Fiction Thriller
The Adventures of Ford Fairlane,1990,6.2,71,Action Comedy Thriller Crime Mystery
The Boat That Rocked,2009,7.2,666,Drama Comedy
Traffic,2000,6.9,562,Thriller Drama Crime
Indiana Jones and the Last Crusade,1989,7.6,3152,Adventure Action
Anna Karenina,2012,6.5,639,Drama Romance
Chappie,2015,6.6,3062,Crime Action Science Fiction
The Bone Collector,1999,6.5,826,Drama Mystery Thriller Crime
Panic Room,2002,6.5,1267,Crime Drama Thriller
The Tooth Fairy,2006,4.3,13,Horror
Three Kings,1999,6.6,692,Action Adventure Comedy
Child 44,2015,6.1,547,Crime Thriller
Rat Race,2001,6.0,518,Adventure Comedy
K-PAX,2001,7.1,695,Drama Science Fiction
Kate & Leopold,2001,6.0,418,Comedy Fantasy Romance Science Fiction
Bedazzled,2000,5.6,512,Fantasy Comedy Romance
The Cotton Club,1984,6.6,68,Music Drama Crime Romance
3:10 to Yuma,2007,6.9,1188,Western
Taken 3,2014,6.1,2200,Thriller Action
Out of Sight,1998,6.5,333,Romance Comedy Crime
The Cable Guy,1996,5.7,594,Comedy Drama Thriller
Earth,1998,6.6,9,Drama
Dick Tracy,1990,5.9,251,Adventure Action Comedy Thriller Crime
The Thomas Crown Affair,1999,6.6,339,Drama Crime Romance
Riding in Cars with Boys,2001,6.5,103,Comedy Drama Romance
First Blood,1982,7.2,1488,Action Adventure Thriller War
Solaris,1972,7.7,357,Drama Science Fiction Adventure Mystery
Happily N'Ever After,2006,4.6,104,Animation Comedy Family Fantasy Science Fiction
Mary Reilly,1996,5.7,74,Drama Horror Thriller Romance
My Best Friend's Wedding,1997,6.3,584,Comedy Romance
America's Sweethearts,2001,5.5,252,Comedy Romance
Insomnia,2002,6.8,1148,Crime Mystery Thriller
Star Trek: First Contact,1996,7.0,661,Science Fiction Action Adventure Thriller
Jonah Hex,2010,4.4,420,Action Western Drama Fantasy Thriller
Courage Under Fire,1996,6.2,232,Drama Thriller Mystery War
Liar Liar,1997,6.4,1424,Comedy
The Infiltrator,2016,6.6,573,Crime Drama Thriller
Inchon,1981,6.5,2,Drama History War
The Flintstones,1994,5.0,543,Fantasy Comedy Family
Taken 2,2012,6.1,2757,Action Crime Thriller
Scary Movie 3,2003,5.8,912,Comedy
Miss Congeniality,2000,6.1,961,Comedy Crime Action
Journey to the Center of the Earth,2008,5.8,1309,Action Science Fiction Adventure Comedy Family
The Princess Diaries 2: Royal Engagement,2004,6.0,697,Comedy Drama Family Romance
The Pelican Brief,1993,6.3,371,Drama Mystery Thriller Crime
The Client,1994,6.4,278,Drama Thriller Crime Mystery
The Bucket List,2007,7.0,1111,Drama Comedy
Patriot Games,1992,6.3,433,Drama Action Thriller Crime
Monster-in-Law,2005,5.6,406,Romance Comedy
Prisoners,2013,7.9,3085,Drama Thriller Crime
Training Day,2001,7.3,1634,Action Crime Drama Thriller
Galaxy Quest,1999,6.9,710,Comedy Family Science Fiction
Scary Movie 2,2001,5.4,982,Comedy
The Muppets,2011,6.5,501,Comedy Family Music
Blade,1998,6.5,1905,Horror Action
Coach Carter,2005,7.3,496,Drama
Changing Lanes,2002,5.9,299,Action Adventure Crime Thriller
Anaconda,1997,4.7,610,Adventure Horror Thriller
Coyote Ugly,2000,5.8,575,Comedy
Love Actually,2003,7.0,1869,Comedy Romance Drama
A Bug's Life,1998,6.8,2303,Adventure Animation Comedy Family
From Hell,2001,6.6,741,Horror Mystery Thriller
The Specialist,1994,5.5,313,Action Thriller
Tin Cup,1996,5.9,150,Comedy Drama Romance
"Yours, Mine and Ours",1968,6.2,26,Comedy Drama Family
Kicking & Screaming,2005,5.6,176,Romance Comedy Family
The Hitchhiker's Guide to the Galaxy,2005,6.6,1315,Adventure Comedy Family Science Fiction
Fat Albert,2004,4.3,69,Comedy Drama Family
Resident Evil: Extinction,2007,6.1,1292,Horror Action Science Fiction
Blended,2014,6.6,1006,Comedy
Last Holiday,2006,6.4,119,Adventure Comedy Drama
The River Wild,1994,6.1,210,Action Adventure Crime Thriller
The Indian in the Cupboard,1995,5.9,134,Adventure Family Fantasy
Savages,2012,6.2,766,Crime Drama Thriller
Cellular,2004,6.1,537,Action Adventure Crime Thriller
Johnny English,2003,6.0,852,Adventure Action Comedy
The Ant Bully,2006,5.5,366,Fantasy Adventure Animation Comedy Family
Dune,1984,6.5,562,Action Science Fiction Adventure
Across the Universe,2007,7.1,410,Adventure Drama Music Romance
Revolutionary Road,2008,6.7,796,Drama Romance
16 Blocks,2006,6.2,661,Action Adventure Crime Thriller
Babylon A.D.,2008,5.4,676,Action Adventure Science Fiction Thriller
The Glimmer Man,1996,4.7,100,Action Adventure Crime Drama Thriller
Multiplicity,1996,5.5,154,Comedy Fantasy Science Fiction
Aliens in the Attic,2009,5.3,244,Adventure Comedy Family Fantasy Science Fiction
The Pledge,2001,6.5,215,Crime Drama Mystery Thriller
The Producers,2005,6.1,151,Comedy Music
The Phantom,1996,4.7,136,Adventure Action
All the Pretty Horses,2000,5.8,60,Drama Romance Western
Nixon,1995,7.1,71,History Drama
The Ghost Writer,2010,6.7,670,Thriller Mystery
Deep Rising,1998,6.0,154,Adventure Action Horror Science Fiction
Miracle at St. Anna,2008,6.3,90,Drama War
Curse of the Golden Flower,2006,6.6,203,Action Drama Fantasy
Bangkok Dangerous,2008,5.0,332,Action Crime Thriller
Big Trouble,2002,6.3,80,Action Comedy Thriller
Love in the Time of Cholera,2007,6.4,81,Drama Romance
Shadow Conspiracy,1997,4.0,11,Action Thriller
Johnny English Reborn,2011,6.0,1007,Crime Adventure Action Comedy Thriller
Foodfight!,2012,2.3,28,Animation Action Comedy Family
Argo,2012,7.1,3423,Drama Thriller
The Fugitive,1993,7.2,1220,Adventure Action Thriller Crime Mystery
The Bounty Hunter,2010,5.5,858,Action
Sleepers,1996,7.3,715,Crime Drama Thriller
Rambo: First Blood Part II,1985,6.3,864,Action Adventure Thriller War
The Juror,1996,5.5,89,Drama Thriller
Pinocchio,1940,6.9,1355,Animation Family
Heaven's Gate,1980,6.4,55,Action Drama History Western
Underworld: Evolution,2006,6.4,1528,Fantasy Action Science Fiction Thriller
Victor Frankenstein,2015,5.6,685,Drama Science Fiction Thriller
Finding Forrester,2000,7.0,302,Drama
28 Days,2000,6.0,208,Comedy Drama
Unleashed,2005,6.6,518,Action Crime
The Sweetest Thing,2002,5.3,280,Romance Comedy
The Firm,1993,6.6,501,Drama Mystery Thriller
Charlie St. Cloud,2010,6.8,566,Drama
The Mechanic,2011,6.3,1045,Action Thriller Crime
21 Jump Street,2012,6.7,4074,Action Comedy Crime
Notting Hill,1999,7.0,1262,Romance Comedy Drama
Chicken Run,2000,6.5,1150,Animation Comedy Family
Along Came Polly,2004,5.8,773,Comedy Romance
Boomerang,1992,5.4,134,Comedy Romance
The Heat,2013,6.5,1575,Action Comedy Crime
Cleopatra,1963,6.7,146,Drama History Romance
Here Comes the Boom,2012,6.0,593,Comedy
High Crimes,2002,6.1,184,Drama Mystery Thriller Crime
The Mirror Has Two Faces,1996,6.5,47,Comedy Drama Romance
The Mothman Prophecies,2002,6.1,305,Drama Horror Mystery
Brüno,2009,5.4,518,Comedy
Licence to Kill,1989,5.9,541,Adventure Action Thriller
Red Riding Hood,2011,5.6,922,Fantasy Thriller Horror
15 Minutes,2001,5.7,191,Action Crime Thriller
Super Mario Bros.,1993,4.0,232,Adventure Comedy Family Fantasy
Lord of War,2005,7.0,1335,Crime Drama Thriller
Hero,2002,7.2,635,Drama Adventure Action History
One for the Money,2012,5.3,388,Action Comedy Crime
The Interview,2014,6.1,2304,Action Comedy
The Warrior's Way,2010,6.3,136,Adventure Fantasy Action Western Thriller
Micmacs,2009,6.8,148,Action Comedy Crime
8 Mile,2002,6.8,1626,Drama
Why I Did (Not) Eat My Father,2015,5.3,125,Adventure Comedy Animation
A Knight's Tale,2001,6.6,907,Adventure Drama Romance Action
The Medallion,2003,5.3,281,Thriller Fantasy Action Comedy
The Sixth Sense,1999,7.7,3147,Mystery Thriller Drama
Man on a Ledge,2012,6.2,925,Action Thriller Crime
The Big Year,2011,5.6,248,Comedy
The Karate Kid,1984,6.9,891,Drama
American Hustle,2013,6.8,2807,Drama Crime
The Proposal,2009,6.7,1804,Comedy Romance Drama
Double Jeopardy,1999,6.2,278,Crime Drama Mystery Thriller
Back to the Future Part II,1989,7.4,3829,Adventure Comedy Family Science Fiction
Lucy,2014,6.3,5878,Action Science Fiction
Fifty Shades of Grey,2015,5.2,3254,Drama Romance Thriller
Spy Kids 3-D: Game Over,2003,4.7,511,Action Adventure Comedy Family Science Fiction
A Time to Kill,1996,7.0,509,Crime Drama Thriller
Cheaper by the Dozen,2003,6.0,699,Comedy
Lone Survivor,2013,7.4,1526,Action Drama Thriller War
A League of Their Own,1992,6.7,354,Comedy
The Conjuring 2,2016,7.0,1949,Horror
The Social Network,2010,7.1,3391,Drama
He's Just Not That Into You,2009,6.2,959,Comedy Romance Drama
Scary Movie 4,2006,5.3,750,Comedy
Scream 3,2000,5.7,736,Horror Mystery
Back to the Future Part III,1990,7.1,2900,Adventure Comedy Family Science Fiction
Get Hard,2015,5.9,944,Comedy
Dracula,1992,7.1,1056,Romance Horror
Julie & Julia,2009,6.6,560,Romance Drama
42,2013,6.8,787,Drama
The Talented Mr. Ripley,1999,7.0,767,Thriller Crime Drama
Dumb and Dumber To,2014,5.4,1127,Comedy
Eight Below,2006,6.7,542,Adventure Drama Family
The Intern,2015,7.1,1881,Comedy
Ride Along 2,2016,6.1,555,Action Comedy
The Last of the Mohicans,1992,7.1,732,Action Adventure Drama History Romance
Ray,2004,7.2,467,Drama Music
Sin City,2005,7.2,2691,Action Thriller Crime
Vantage Point,2008,6.2,716,Drama Action Thriller Crime
"I Love You, Man",2009,6.5,515,Comedy
Shallow Hal,2001,5.7,731,Comedy Romance
JFK,1991,7.5,502,Drama Thriller History
Big Momma's House 2,2006,5.4,371,Comedy Crime
The Mexican,2001,5.8,441,Action Comedy Crime Romance
17 Again,2009,6.1,1350,Comedy
The Other Woman,2014,6.2,1437,Comedy Romance
The Final Destination,2009,5.4,831,Horror Mystery
Bridge of Spies,2015,7.2,2583,Thriller Drama
Behind Enemy Lines,2001,6.0,457,Action Drama Thriller War
Get Him to the Greek,2010,5.9,612,Comedy
Shall We Dance?,2004,5.9,297,Drama Romance Comedy
Small Soldiers,1998,6.2,511,Comedy Adventure Fantasy Science Fiction Action
Spawn,1997,5.0,336,Action Adventure Fantasy Horror Science Fiction
The Count of Monte Cristo,2002,7.3,453,Action Adventure Drama Thriller
The Lincoln Lawyer,2011,7.0,902,Crime Drama Thriller
Unknown,2011,6.5,1265,Action Mystery Thriller
The Prestige,2006,8.0,4391,Drama Mystery Thriller
Horrible Bosses 2,2014,6.1,1536,Comedy
Escape from Planet Earth,2013,5.7,332,Animation Comedy Adventure Family Science Fiction
Apocalypto,2006,7.3,1221,Action Adventure Drama Thriller
The Living Daylights,1987,6.2,440,Action Adventure Thriller
Predators,2010,6.0,1206,Action Science Fiction Adventure Thriller
Legal Eagles,1986,5.8,51,Comedy Crime Drama Romance Thriller
Secret Window,2004,6.4,972,Thriller Mystery
The Lake House,2006,6.5,670,Romance Drama Mystery
The Skeleton Key,2005,6.4,573,Drama Horror Mystery Thriller
The Odd Life of Timothy Green,2012,6.5,386,Fantasy Drama Comedy Family
Made of Honor,2008,6.0,394,Comedy Romance
Jersey Boys,2014,6.8,255,Music Drama
The Rainmaker,1997,6.7,235,Drama Crime Thriller
Gothika,2003,5.8,629,Horror Thriller
Amistad,1997,6.8,316,Drama History Mystery
Medicine Man,1992,5.8,114,Adventure
Aliens vs Predator: Requiem,2007,4.9,740,Fantasy Action Science Fiction Thriller Horror
Ri¢hie Ri¢h,1994,5.4,415,Comedy Family
Autumn in New York,2000,5.7,135,Drama Romance
Music and Lyrics,2007,6.2,554,Comedy Music Romance
Paul,2011,6.5,1789,Adventure Comedy Science Fiction
The Guilt Trip,2012,5.4,284,Comedy
Scream 4,2011,6.1,902,Horror Mystery
8MM,1999,6.1,474,Thriller Crime Mystery
The Doors,1991,6.7,275,Drama Music
Sex Tape,2014,5.3,1695,Comedy
Hanging Up,2000,5.0,40,Comedy Drama
Final Destination 5,2011,5.9,866,Horror Mystery
Mickey Blue Eyes,1999,5.3,140,Comedy Crime Romance
Pay It Forward,2000,7.0,432,Drama Romance
Fever Pitch,2005,5.9,182,Comedy Drama Romance
Drillbit Taylor,2008,5.5,275,Comedy
A Million Ways to Die in the West,2014,5.8,1468,Comedy Western
The Shadow,1994,5.4,138,Adventure Fantasy Action Thriller Science Fiction
Extremely Loud & Incredibly Close,2011,6.9,708,Drama
Morning Glory,2010,6.1,412,Comedy Drama Romance
Get Rich or Die Tryin',2005,6.3,186,Drama
The Art of War,2000,5.6,135,Crime Action Adventure
Rent,2005,6.7,155,Drama Romance
Bless the Child,2000,4.9,71,Drama Horror Thriller Crime
The Out-of-Towners,1999,5.0,45,Comedy
The Island of Dr. Moreau,1996,4.6,147,Fantasy Horror Science Fiction
The Musketeer,2001,5.2,56,Action Adventure Drama
The Other Boleyn Girl,2008,6.4,477,Drama
Sweet November,2001,6.4,278,Drama Romance
The Reaping,2007,5.4,205,Horror
Mean Streets,1973,7.2,345,Drama Crime
Renaissance Man,1994,5.9,81,Comedy War
Colombiana,2011,6.5,824,Action Thriller Crime Drama
Quest for Camelot,1998,6.9,190,Fantasy Animation Drama Romance Family
City By The Sea,2002,5.7,92,Crime Drama Mystery
At First Sight,1999,5.9,48,Drama Romance
Torque,2004,4.7,119,Action
City Hall,1996,6.0,67,Drama Thriller
Showgirls,1995,4.9,256,Drama
Marie Antoinette,2006,6.5,642,Drama History
Kiss of Death,1995,5.7,81,Action Crime Drama Thriller
Get Carter,2000,4.8,145,Action Drama Thriller Crime
The Impossible,2012,7.0,2025,Thriller Drama
Ishtar,1987,4.2,28,Action Adventure Comedy
Fantastic Mr. Fox,2009,7.5,1176,Adventure Animation Comedy Family
Life or Something Like It,2002,5.7,124,Comedy Drama Romance
Memoirs of an Invisible Man,1992,5.7,125,Comedy Fantasy Science Fiction
Amélie,2001,7.8,3310,Comedy Romance
New York Minute,2004,5.5,185,Comedy
Alfie,2004,5.6,248,Comedy
Big Miracle,2012,6.6,152,Adventure Drama Romance
The Deep End of the Ocean,1999,5.9,54,Drama Mystery
FearDotCom,2002,3.2,105,Horror Thriller
Cirque du Freak: The Vampire's Assistant,2009,5.5,348,Adventure Fantasy Action Thriller
Duplex,2003,5.9,482,Action Comedy Thriller
Soul Men,2008,6.3,47,Comedy Music
Raise the Titanic,1980,5.2,21,Action Drama Thriller
Universal Soldier: The Return,1999,4.2,135,Action Science Fiction
Pandorum,2009,6.5,774,Action Horror Mystery Science Fiction Thriller
Impostor,2001,6.1,135,Action Science Fiction Thriller
Extreme Ops,2002,5.0,28,Action Adventure Drama Thriller
Just Visiting,2001,4.8,171,Comedy Fantasy Science Fiction
Sunshine,2007,7.0,1182,Science Fiction Thriller
A Thousand Words,2012,6.0,373,Drama Comedy
Delgo,2008,5.4,15,Adventure Fantasy Animation Comedy Science Fiction
The Gunman,2015,5.5,392,Action Drama Crime
Stormbreaker,2006,5.1,213,Adventure Action Family
Disturbia,2007,6.6,1006,Thriller Drama Mystery
Hackers,1995,6.2,398,Action Crime Thriller Drama
The Hunting Party,2007,6.6,96,Action Adventure Thriller Drama
The Hudsucker Proxy,1994,7.1,275,Comedy Drama
The Warlords,2007,6.3,83,Action Drama History
Nomad: The Warrior,2005,4.3,17,Action History War
Snowpiercer,2013,6.7,2854,Action Science Fiction Drama
A Monster in Paris,2011,6.5,313,Adventure Animation Comedy Family Fantasy
The Last Shot,2004,5.9,15,Action Comedy
The Crow,1994,7.3,953,Fantasy Action Thriller
Baahubali: The Beginning,2015,7.5,135,Action Adventure War History
The Time Traveler's Wife,2009,6.7,798,Drama Romance Fantasy
Because I Said So,2007,5.8,191,Comedy
Frankenweenie,2012,6.6,932,Animation Comedy Family
Serenity,2005,7.4,1264,Science Fiction Action Adventure Thriller
Against the Ropes,2004,4.5,32,Romance Drama
Superman III,1983,5.3,490,Comedy Action Adventure Fantasy Science Fiction
Grudge Match,2013,6.0,433,Comedy
Red Cliff,2008,7.1,205,Adventure Drama Action
Sweet Home Alabama,2002,6.0,394,Comedy Romance
The Ugly Truth,2009,6.4,972,Comedy Romance
Sgt. Bilko,1996,5.5,94,Comedy Family
Spy Kids 2: The Island of Lost Dreams,2002,5.3,521,Action Adventure Family
Star Trek: Generations,1994,6.4,452,Science Fiction Action Adventure Thriller
The Grandmaster,2013,6.3,273,Action Drama History
Water for Elephants,2011,6.7,850,Drama Romance
Dragon Nest: Warriors' Dawn,2014,6.8,19,Adventure Family Fantasy Animation
The Hurricane,1999,7.2,396,Drama
Enough,2002,6.2,264,Drama Thriller
Heartbreakers,2001,5.7,254,Crime Comedy Romance
Paul Blart: Mall Cop 2,2015,5.0,567,Action Comedy Family
Angel Eyes,2001,5.6,88,Drama Romance Thriller
Joe Somebody,2001,5.5,40,Comedy
The Ninth Gate,1999,6.3,756,Horror Mystery Thriller
Extreme Measures,1996,5.7,80,Drama Thriller
Rock Star,2001,6.0,190,Music Drama Comedy
Precious,2009,6.9,417,Drama
White Squall,1996,6.3,86,Action Drama
The Thing,1982,7.8,1588,Horror Mystery Science Fiction
Riddick,2013,6.2,2035,Science Fiction Action Thriller
Switchback,1997,5.8,52,Action Adventure Mystery Thriller
Texas Rangers,2001,5.4,19,Action Western
City of Ember,2008,6.2,605,Adventure Family Fantasy
The Master,2012,7.0,701,Drama
Virgin Territory,2007,4.3,75,Adventure Action Comedy Romance
The Express,2008,7.1,71,Drama
The 5th Wave,2016,5.6,1945,Adventure Science Fiction
Creed,2015,7.3,1915,Drama
The Town,2010,7.0,1468,Crime Drama Thriller
What to Expect When You're Expecting,2012,5.8,594,Romance Comedy Drama
Burn After Reading,2008,6.5,1222,Comedy Drama
Nim's Island,2008,5.6,330,Adventure Comedy Family Fantasy
Rush,2013,7.7,2277,Drama Action
Magnolia,1999,7.5,825,Drama
Cop Out,2010,5.3,511,Action Comedy Crime
How to Be Single,2016,5.9,1201,Comedy Romance
Dolphin Tale,2011,6.7,163,Drama Family
Twilight,2008,5.8,3561,Adventure Fantasy Drama Romance
John Q,2002,7.0,594,Drama Thriller Crime
Blue Streak,1999,6.1,352,Action Comedy Crime
We're the Millers,2013,6.8,2972,Comedy Crime
The Inhabited Island,2008,5.3,23,Action Fantasy Science Fiction Thriller
Breakdown,1997,6.6,198,Drama Action Thriller
Never Say Never Again,1983,5.8,338,Adventure Action Thriller
Hot Tub Time Machine,2010,6.0,894,Science Fiction Comedy Adventure
Dolphin Tale 2,2014,6.7,96,Family Drama
Reindeer Games,2000,5.4,173,Thriller
A Man Apart,2003,5.8,258,Action Drama
Aloha,2015,5.2,692,Drama Comedy Romance
Ghosts of Mississippi,1996,6.2,40,History Drama
Snow Falling on Cedars,1999,6.3,32,Drama Romance
The Rite,2011,5.8,556,Drama Thriller Horror
Gattaca,1997,7.5,1808,Thriller Science Fiction Mystery Romance
Isn't She Great,2000,4.6,14,Drama Comedy
Space Chimps,2008,5.2,99,Animation Family
Head of State,2003,5.3,71,Comedy
The Hangover,2009,7.2,6173,Comedy
Ip Man 3,2015,6.5,379,Action Drama History
Austin Powers: The Spy Who Shagged Me,1999,6.2,1011,Adventure Comedy Crime Science Fiction
Batman,1989,7.0,2096,Fantasy Action
There Be Dragons,2011,5.9,27,Drama
Lethal Weapon 3,1992,6.4,811,Adventure Action Comedy Thriller Crime
The Blind Side,2009,7.2,1597,Drama
Spy Kids,2001,5.5,867,Action Comedy Family Adventure
Horrible Bosses,2011,6.5,2277,Comedy Crime
True Grit,2010,7.2,1668,Drama Adventure Western
The Devil Wears Prada,2006,7.0,3088,Comedy Drama Romance
Star Trek: The Motion Picture,1979,6.2,530,Science Fiction Adventure Mystery
Identity Thief,2013,5.6,1645,Comedy Crime
Cape Fear,1991,7.0,675,Crime Thriller
21,2008,6.5,1375,Drama Crime
Trainwreck,2015,5.9,1181,Comedy
Guess Who,2005,5.5,225,Comedy Romance
The English Patient,1996,7.0,542,Drama Romance War
L.A. Confidential,1997,7.7,1310,Crime Drama Mystery Thriller
Sky High,2005,5.8,550,Adventure Comedy Family
In & Out,1997,6.3,177,Comedy Romance
Species,1995,5.5,453,Science Fiction Horror Action
A Nightmare on Elm Street,1984,7.2,1180,Horror
The Cell,2000,6.0,436,Horror Science Fiction Thriller
The Man in the Iron Mask,1998,6.3,1018,Action Adventure Drama
Secretariat,2010,6.8,103,Drama
TMNT,2007,6.0,345,Adventure Animation Comedy Family
Radio,2003,6.8,141,Drama
Friends with Benefits,2011,6.5,2237,Romance Comedy
Neighbors 2: Sorority Rising,2016,5.6,1462,Comedy
Saving Mr. Banks,2013,7.3,1226,Comedy Drama History
Malcolm X,1992,7.2,370,Drama History
This Is 40,2012,5.6,896,Comedy
Old Dogs,2009,5.2,210,Comedy Family
Underworld: Rise of the Lycans,2009,6.2,1428,Fantasy Action Adventure Science Fiction Thriller
License to Wed,2007,5.2,253,Comedy
The Benchwarmers,2006,5.2,242,Comedy
Must Love Dogs,2005,5.8,140,Comedy Romance
Donnie Brasco,1997,7.4,1147,Crime Drama Thriller
Resident Evil,2002,6.4,2065,Horror Action Science Fiction
Poltergeist,1982,7.0,794,Horror
The Ladykillers,2004,6.0,415,Comedy Crime Thriller
Max Payne,2008,5.2,613,Action
In Time,2011,6.7,3417,Action Thriller Science Fiction
The Back-Up Plan,2010,5.7,458,Comedy Romance
Something Borrowed,2011,5.9,296,Comedy Drama Romance
Black Knight,2001,5.1,287,Adventure Comedy Fantasy
The Bad News Bears,1976,6.9,97,Comedy Family
Street Fighter,1994,4.1,325,Action Adventure Thriller
The Pianist,2002,8.0,1864,Drama War
The Nativity Story,2006,6.4,35,Drama History
House of Wax,2005,5.5,677,Horror
Closer,2004,6.7,811,Drama Romance
J. Edgar,2011,6.0,741,Drama Crime History
Mirrors,2008,6.0,485,Horror Mystery Thriller
Queen of the Damned,2002,5.4,239,Drama Fantasy Horror
Predator 2,1990,5.9,730,Science Fiction Action Thriller
Untraceable,2008,5.9,238,Drama
Blast from the Past,1999,6.3,245,Comedy Romance
Flash Gordon,1980,6.1,233,Science Fiction
Jersey Girl,2004,5.8,325,Comedy Romance
Alex Cross,2012,5.1,300,Action Thriller Crime Mystery
Midnight in the Garden of Good and Evil,1997,6.3,157,Crime Drama Mystery Thriller
Heist,2015,5.6,318,Crime Action Thriller
Nanny McPhee and the Big Bang,2010,6.0,436,Comedy Fantasy
Hoffa,1992,6.1,81,Crime History
The X Files: I Want to Believe,2008,5.5,523,Drama Mystery Science Fiction Thriller
Ella Enchanted,2004,5.9,437,Family Fantasy Comedy
Concussion,2015,7.0,823,Drama
Abduction,2011,5.6,961,Thriller Action Mystery
Valiant,2005,5.2,235,Animation Family Adventure
Wonder Boys,2000,6.9,161,Comedy Drama
Superhero Movie,2008,4.9,379,Action Comedy Science Fiction
Broken City,2013,5.7,593,Thriller Crime Drama
Cursed,2005,5.1,167,Horror Comedy
Premium Rush,2012,6.2,832,Crime Action Thriller
Hot Pursuit,2015,5.4,647,Action Comedy Crime
The Four Feathers,2002,6.5,159,War Adventure Drama Romance
Parker,2013,5.7,1455,Action Crime
Wimbledon,2004,6.0,293,Comedy Romance
Furry Vengeance,2010,4.6,149,Comedy
Bait,2012,5.3,191,Action Horror Thriller
Krull,1983,5.8,129,Fantasy Action Adventure
Lions for Lambs,2007,6.0,216,Action Adventure Drama History
Flight of the Intruder,1991,5.7,31,Action Adventure Drama Thriller
Walk Hard: The Dewey Cox Story,2007,6.6,212,Comedy Music
The Shipping News,2001,6.4,108,Drama Romance
American Outlaws,2001,5.7,55,Action Western
The Young Victoria,2009,7.0,322,Drama History Romance
Whiteout,2009,5.3,220,Action Crime Mystery Thriller
The Tree of Life,2011,6.5,987,Drama Fantasy
Knock Off,1998,4.7,64,Action Adventure Thriller
Sabotage,2014,5.5,555,Action Drama Thriller Crime
The Order,2003,4.8,91,Drama Fantasy Horror Mystery Romance
Punisher: War Zone,2008,5.6,294,Action Crime
Zoom,2006,4.9,135,Family Fantasy Comedy
The Walk,2015,6.9,1121,Adventure Drama Thriller
Warriors of Virtue,1997,4.7,9,Fantasy Family Action
A Good Year,2006,6.5,357,Comedy Drama Romance
Radio Flyer,1992,6.6,53,Drama
Bound by Honor,1993,7.7,115,Action Crime Drama Thriller
Smilla's Sense of Snow,1997,6.6,60,Action Crime Drama Mystery Thriller
Femme Fatale,2002,6.2,142,Thriller Crime Romance
Lion of the Desert,1981,7.4,34,Action History War
The Horseman on the Roof,1995,6.7,25,War Adventure Drama Romance
Ride with the Devil,1999,6.6,49,Drama War Romance Western
Biutiful,2010,7.0,291,Drama
Bandidas,2006,5.8,307,Action Comedy Western Crime
Black Water Transit,2009,0.0,0,Drama Crime
The Maze Runner,2014,7.0,5371,Action Mystery Science Fiction Thriller
Unfinished Business,2015,5.0,320,Comedy
The Age of Innocence,1993,7.0,169,Drama Romance
The Fountain,2006,6.8,827,Drama Adventure Science Fiction Romance
Chill Factor,1999,5.3,29,Action Comedy Thriller
Stolen,2012,5.1,344,Action Crime Drama Thriller
Ponyo,2008,7.5,926,Animation Family
The Longest Ride,2015,7.3,1064,Drama Romance
The Astronaut's Wife,1999,5.4,254,Drama Science Fiction Thriller
I Dreamed of Africa,2000,5.3,18,Romance Drama Adventure
Playing for Keeps,2012,5.4,240,Comedy Romance
Mandela: Long Walk to Freedom,2013,6.5,224,Drama History
Reds,1981,7.1,67,Drama History
A Few Good Men,1992,7.1,877,Drama
Exit Wounds,2001,5.3,110,Action Crime Thriller
Big Momma's House,2000,5.6,506,Crime Comedy
Thunder and the House of Magic,2013,6.3,121,Family Fantasy Animation Adventure
The Darkest Hour,2011,4.8,469,Horror Action Thriller Science Fiction
Step Up Revolution,2012,6.7,663,Music Drama Romance
Snakes on a Plane,2006,5.1,497,Action Crime Horror Thriller
The Watcher,2000,4.9,110,Mystery Thriller
The Punisher,2004,6.1,766,Action Crime Drama
Goal!: The Dream Begins,2005,6.6,238,Drama
Safe,2012,6.3,799,Action Crime Thriller
Pushing Tin,1999,5.7,116,Comedy Drama
Return of the Jedi,1983,7.9,4665,Adventure Action Science Fiction
Doomsday,2008,5.8,363,Action Thriller Science Fiction
The Reader,2008,7.2,813,Drama Romance
Wanderlust,2012,5.3,394,Comedy
Elf,2003,6.4,987,Comedy Family Fantasy
Phenomenon,1996,6.2,323,Drama Fantasy Romance Science Fiction
Snow Dogs,2002,5.3,185,Adventure Comedy Family
Scrooged,1988,6.7,390,Fantasy Comedy Drama
Nacho Libre,2006,5.6,359,Comedy Family
Bridesmaids,2011,6.5,1661,Comedy Romance
This Is the End,2013,6.3,2359,Action Comedy
Stigmata,1999,6.0,242,Horror
Men of Honor,2000,7.0,544,Drama
Takers,2010,6.0,394,Action Crime Drama Thriller
The Big Wedding,2013,5.7,414,Comedy
"Big Mommas: Like Father, Like Son",2011,5.3,313,Crime Comedy Action
Source Code,2011,7.1,2699,Thriller Science Fiction Mystery
Alive,1993,6.7,374,Action Adventure Drama Thriller
The Number 23,2007,6.3,1018,Thriller Drama Mystery
The Young and Prodigious T.S. Spivet,2013,6.7,232,Adventure Drama Family
1941,1979,5.6,143,Action Comedy
Dreamer: Inspired By a True Story,2005,6.3,67,Drama Family
A History of Violence,2005,6.9,832,Drama Thriller Crime
Transporter 2,2005,6.2,1061,Action Thriller Crime
The Quick and the Dead,1995,6.3,427,Action Western
Laws of Attraction,2004,5.6,104,Action Comedy Romance Thriller
Bringing Out the Dead,1999,6.6,225,Drama
Repo Men,2010,6.2,620,Action Science Fiction Thriller Crime
Dragon Wars: D-War,2007,4.0,104,Fantasy Drama Horror Action Thriller
Bogus,1996,5.4,44,Fantasy Comedy Family
The Incredible Burt Wonderstone,2013,5.3,724,Comedy
Cats Don't Dance,1997,7.1,24,Animation Comedy Family Music
Cradle Will Rock,1999,7.2,18,Drama
The Good German,2006,5.9,86,War Crime Drama Mystery Romance
George and the Dragon,2004,5.0,13,Adventure
Apocalypse Now,1979,8.0,2055,Drama War
Going the Distance,2010,6.0,262,Comedy Drama Romance
Mr. Holland's Opus,1995,6.9,113,Music Drama Family
Criminal,2016,5.7,557,Action
Out of Africa,1985,7.0,279,Drama
Flight,2012,6.5,2415,Drama
Moonraker,1979,5.9,541,Action Adventure Thriller Science Fiction
The Grand Budapest Hotel,2014,8.0,4519,Comedy Drama
Hearts in Atlantis,2001,6.4,131,Drama Mystery
Arachnophobia,1990,6.2,433,Comedy Horror
Frequency,2000,7.0,462,Crime Drama Science Fiction Thriller
Vacation,2015,6.2,1195,Comedy
Get Shorty,1995,6.4,302,Comedy Thriller Crime
Chicago,2002,6.9,677,Action Comedy Crime Drama Music
Big Daddy,1999,6.1,875,Comedy Drama
American Pie 2,2001,6.0,1344,Comedy Romance
Toy Story,1995,7.7,5269,Animation Comedy Family
Speed,1994,6.8,1783,Action Adventure Crime
The Vow,2012,7.0,1293,Drama Romance
Extraordinary Measures,2010,6.0,89,Drama
Remember the Titans,2000,7.4,821,Drama
The Hunt for Red October,1990,7.2,957,Action Adventure Thriller
The Butler,2013,7.2,1101,Drama
DodgeBall: A True Underdog Story,2004,6.2,981,Comedy
The Addams Family,1991,6.7,848,Horror Comedy Fantasy
Ace Ventura: When Nature Calls,1995,6.1,1099,Crime Comedy Adventure
The Princess Diaries,2001,6.5,1023,Comedy Family Romance
The First Wives Club,1996,6.5,166,Comedy
Se7en,1995,8.1,5765,Crime Mystery Thriller
District 9,2009,7.3,3382,Science Fiction
The SpongeBob SquarePants Movie,2004,6.7,574,Animation Comedy Family
Mystic River,2003,7.6,1422,Thriller Crime Drama Mystery
Million Dollar Baby,2004,7.7,2439,Drama
Analyze This,1999,6.4,503,Comedy Crime
The Notebook,2004,7.7,3067,Romance Drama
27 Dresses,2008,6.1,978,Comedy Romance
Hannah Montana: The Movie,2009,6.0,449,Comedy Drama Family Music Romance
Rugrats in Paris: The Movie,2000,6.0,100,Adventure Animation Comedy Family
The Prince of Tides,1991,5.9,56,Drama Romance
Legends of the Fall,1994,7.2,619,Adventure Drama Romance War
Up in the Air,2009,6.7,1205,Drama Romance
About Schmidt,2002,6.7,362,Drama Comedy
Warm Bodies,2013,6.4,2652,Horror Comedy Romance
Looper,2012,6.6,4697,Action Thriller Science Fiction
Down to Earth,2001,4.9,95,Fantasy Comedy Science Fiction Romance
Babe,1995,6.0,733,Fantasy Drama Comedy Family
Hope Springs,2012,5.8,284,Drama Comedy Romance
Forgetting Sarah Marshall,2008,6.4,1172,Comedy Romance Drama
Four Brothers,2005,6.7,607,Action Crime
Baby Mama,2008,5.8,205,Comedy
Hope Floats,1998,5.8,81,Drama Romance
Bride Wars,2009,5.9,856,Comedy
Without a Paddle,2004,5.3,214,Action Adventure Comedy Thriller
13 Going on 30,2004,6.3,1204,Comedy Fantasy Romance
Midnight in Paris,2011,7.4,1990,Fantasy Comedy Romance
The Nut Job,2014,5.5,319,Animation Comedy Family Adventure
Blow,2001,7.4,1317,Crime Drama
Message in a Bottle,1999,5.8,196,Romance Drama
Star Trek V: The Final Frontier,1989,5.6,376,Science Fiction Action Adventure Thriller
Like Mike,2002,5.7,100,Comedy Drama Family Fantasy
The Naked Gun 33⅓: The Final Insult,1994,6.3,521,Comedy Crime
A View to a Kill,1985,6.0,506,Adventure Action Thriller
The Curse of the Were-Rabbit,2005,6.8,643,Adventure Animation Comedy Family
P.S. I Love You,2007,6.9,977,Drama Romance
Racing Stripes,2005,5.1,123,Comedy
Atonement,2007,7.4,1049,Drama Romance
Letters to Juliet,2010,6.6,796,Comedy Drama Romance
Black Rain,1989,6.2,243,Action Thriller Crime
The Three Stooges,2012,4.9,140,Comedy
Corpse Bride,2005,7.2,1894,Romance Fantasy Animation Music
Glory Road,2006,7.2,144,Drama
Sicario,2015,7.2,2416,Action Crime Drama Mystery Thriller
Southpaw,2015,7.3,2067,Action Drama
Drag Me to Hell,2009,6.2,966,Horror Thriller
The Age of Adaline,2015,7.4,1990,Fantasy Drama Romance
Secondhand Lions,2003,6.9,260,Comedy Drama Family
Step Up 3D,2010,6.6,582,Drama Romance
Blue Crush,2002,5.6,159,Adventure
Stranger Than Fiction,2006,7.1,721,Comedy Drama Fantasy Romance
30 Days of Night,2007,6.2,767,Horror Thriller
The Cabin in the Woods,2012,6.5,2263,Horror Thriller
Meet the Spartans,2008,3.7,359,Comedy
Midnight Run,1988,7.2,238,Adventure Comedy Crime
The Running Man,1987,6.4,703,Action Science Fiction
Little Shop of Horrors,1986,6.6,384,Horror Comedy Music
Hanna,2011,6.5,1263,Action Thriller Adventure
Mortal Kombat: Annihilation,1997,3.8,221,Action Fantasy Science Fiction
Larry Crowne,2011,5.7,359,Comedy Romance Drama
Carrie,2013,5.8,1463,Drama Horror
Take the Lead,2006,6.6,162,Music
Gridiron Gang,2006,6.5,206,Action Adventure Crime Drama
What's the Worst That Could Happen?,2001,5.1,66,Action Comedy
9,2009,6.6,1262,Action Adventure Animation Science Fiction Thriller
Side Effects,2013,6.4,1323,Thriller Crime Drama
The Prince & Me,2004,5.9,278,Comedy Romance
Winnie the Pooh,2011,6.8,258,Animation Family
Dumb and Dumberer: When Harry Met Lloyd,2003,4.1,210,Comedy
Bulworth,1998,6.3,66,Comedy Drama
Get on Up,2014,6.4,158,Drama Music
One True Thing,1998,6.2,27,Drama Romance
Virtuosity,1995,5.4,163,Action Crime Science Fiction Thriller
My Super Ex-Girlfriend,2006,4.8,442,Fantasy Drama Action Comedy Crime
Deliver Us from Evil,2014,5.9,690,Thriller Crime Horror
Sanctum,2011,5.8,339,Action Thriller
Little Black Book,2004,5.2,112,Comedy Romance Drama
The Five-Year Engagement,2012,5.7,457,Comedy
Mr. 3000,2004,5.0,66,Comedy Drama
The Next Three Days,2010,6.9,905,Romance Drama Thriller Crime
Ultraviolet,2006,4.8,458,Science Fiction Action Thriller
Assault on Precinct 13,2005,6.0,311,Thriller
The Replacement Killers,1998,6.0,127,Action Drama Crime Thriller
Fled,1996,5.2,47,Action Comedy Thriller
Eight Legged Freaks,2002,5.4,295,Action Comedy Horror Thriller
Love & Other Drugs,2010,6.6,1233,Drama Comedy Romance
88 Minutes,2007,5.7,313,Crime Mystery Thriller
North Country,2005,6.8,125,Drama
The Whole Ten Yards,2004,5.5,278,Comedy Thriller Crime
Splice,2009,5.5,671,Horror Thriller Science Fiction
Howard the Duck,1986,5.1,221,Comedy Fantasy Science Fiction
Pride and Glory,2008,6.3,240,Thriller Crime Drama
The Cave,2005,5.1,202,Action Adventure Horror Thriller
Alex & Emma,2003,5.0,68,Comedy Romance
Wicker Park,2004,6.7,157,Drama Mystery Romance Thriller
Fright Night,2011,6.0,603,Horror Comedy
The New World,2005,6.4,330,Drama History Romance
Wing Commander,1999,4.0,72,Action Science Fiction
In Dreams,1999,5.4,44,Drama Thriller
Dragonball Evolution,2009,2.9,462,Action Adventure Fantasy Science Fiction Thriller
The Last Stand,2013,5.7,1266,Action Crime Thriller
Godsend,2004,4.7,114,Drama Horror Science Fiction Thriller
Chasing Liberty,2004,6.1,152,Comedy Romance
Hoodwinked Too! Hood VS. Evil,2011,4.8,131,Comedy Animation Family
An Unfinished Life,2005,6.7,161,Drama
The Imaginarium of Doctor Parnassus,2009,6.3,869,Adventure Fantasy Mystery
Barney's Version,2010,7.2,129,Comedy Drama
Runner Runner,2013,5.5,543,Crime Thriller Drama
Antitrust,2001,5.8,153,Action Crime Drama
Glory,1989,7.4,383,War
Once Upon a Time in America,1984,8.2,1069,Drama Crime
Dead Man Down,2013,5.9,638,Thriller Action Crime Drama
The Merchant of Venice,2004,6.7,144,Drama Romance
The Good Thief,2003,6.0,31,Crime Drama Thriller
Supercross,2005,5.4,29,Action Adventure Drama Romance
Miss Potter,2006,6.3,141,Drama Family Romance
The Promise,2005,5.0,29,Fantasy Drama Action Thriller Romance
DOA: Dead or Alive,2006,5.0,205,Adventure Action Thriller
The Assassination of Jesse James by the Coward Robert Ford,2007,7.0,776,Action Drama Western
1911,2011,5.0,41,Adventure Drama Action History War
Little Nicholas,2009,5.9,306,Comedy
Wild Card,2015,5.4,656,Thriller Crime Drama
Machine Gun Preacher,2011,6.4,286,Action Thriller Crime
Animals United,2010,5.5,90,Animation Family Comedy
Goodbye Bafana,2007,7.0,38,History Drama
United Passions,2014,3.0,16,Drama
Grace of Monaco,2014,5.8,195,Romance Drama
Savva. Heart of the Warrior,2015,6.4,7,Fantasy Adventure Animation
Ripley's Game,2002,6.6,69,Crime Thriller
Sausage Party,2016,5.6,2238,Adventure Animation Comedy Fantasy
Pitch Perfect 2,2015,6.8,1940,Comedy Music
Walk the Line,2005,7.3,718,Drama Music Romance
Keeping the Faith,2000,5.9,159,Comedy
The Borrowers,1997,5.8,135,Adventure Fantasy Action Comedy Family
Frost/Nixon,2008,7.2,328,Drama History
Confessions of a Dangerous Mind,2002,6.6,275,Comedy Crime Drama Romance Thriller
Serving Sara,2002,5.0,85,Comedy Romance
The Boss,2016,5.5,431,Comedy
Cry Freedom,1987,6.9,51,Drama
Mumford,1999,6.3,26,Comedy Drama Romance
Seed of Chucky,2004,4.9,287,Drama Horror Comedy
The Jacket,2005,6.8,455,Drama Mystery Thriller Fantasy
Aladdin,1992,7.4,3416,Animation Family Comedy Adventure Fantasy
Straight Outta Compton,2015,7.7,1355,Drama Music
Indiana Jones and the Temple of Doom,1984,7.1,2781,Adventure Action
The Rugrats Movie,1998,5.7,147,Animation Family
Along Came a Spider,2001,6.1,400,Crime Mystery Thriller Action
Florence Foster Jenkins,2016,6.6,392,Comedy Drama
Once Upon a Time in Mexico,2003,6.2,594,Action
Die Hard,1988,7.5,3948,Action Thriller
Role Models,2008,6.4,564,Comedy
The Big Short,2015,7.3,2607,Comedy Drama
Taking Woodstock,2009,6.2,127,Music Comedy Drama
Miracle,2004,7.0,159,Drama History
Dawn of the Dead,2004,6.8,1016,Fantasy Horror Action
The Wedding Planner,2001,5.5,427,Comedy
Space Pirate Captain Harlock,2013,6.5,356,Animation Science Fiction
The Royal Tenenbaums,2001,7.4,1286,Comedy Drama
Identity,2003,7.1,1061,Mystery Thriller
Last Vegas,2013,6.4,799,Comedy
For Your Eyes Only,1981,6.3,490,Adventure Action Thriller
Serendipity,2001,6.6,521,Comedy Romance
Timecop,1994,5.5,282,Thriller Science Fiction Action Crime
Zoolander,2001,6.1,1337,Comedy
Safe Haven,2013,6.9,823,Romance
Hocus Pocus,1993,6.4,471,Comedy Family Fantasy
No Reservations,2007,6.1,327,Comedy
Kick-Ass,2010,7.1,4645,Action Crime
30 Minutes or Less,2011,5.6,531,Action Adventure Comedy
Dracula 2000,2000,4.6,148,Thriller Horror
"Alexander and the Terrible, Horrible, No Good, Very Bad Day",2014,6.1,493,Family Comedy
Pride & Prejudice,2005,7.7,1358,Drama Romance
Blade Runner,1982,7.9,3509,Science Fiction Drama Thriller
Rob Roy,1995,6.5,148,Adventure
3 Days to Kill,2014,6.0,883,Action Drama Thriller Crime
We Own the Night,2007,6.5,323,Drama Crime Thriller
Lost Souls,2000,4.5,38,Horror Thriller
Winged Migration,2001,7.0,49,Documentary
Just My Luck,2006,5.8,491,Comedy Drama Family Fantasy Romance
"Mystery, Alaska",1999,6.0,69,Drama Comedy
The Spy Next Door,2010,5.5,345,Action Comedy Family
A Simple Wish,1997,5.5,46,Adventure Comedy Family Fantasy
Ghosts of Mars,2001,4.8,296,Action Horror Science Fiction
Our Brand Is Crisis,2015,5.8,195,Comedy Drama
Pride and Prejudice and Zombies,2016,5.5,640,Romance Horror Comedy Thriller
Kundun,1997,6.8,91,Drama
How to Lose Friends & Alienate People,2008,6.2,244,Comedy Romance Drama
Kick-Ass 2,2013,6.3,2224,Action Adventure Crime
Alatriste,2006,5.6,61,Action
Brick Mansions,2014,5.7,615,Action Crime Drama
Octopussy,1983,6.2,527,Adventure Action Thriller
Knocked Up,2007,6.2,1214,Comedy Romance Drama
My Sister's Keeper,2009,7.1,598,Drama
Welcome Home Roscoe Jenkins,2008,5.7,57,Comedy Drama
A Passage to India,1984,6.9,67,Drama Adventure History
Notes on a Scandal,2006,6.9,235,Drama Romance
Rendition,2007,6.2,205,Drama Thriller
Star Trek VI: The Undiscovered Country,1991,6.7,413,Science Fiction Action Adventure Thriller
Divine Secrets of the Ya-Ya Sisterhood,2002,5.6,65,Comedy Drama Romance
Kiss the Girls,1997,6.2,345,Drama Mystery Thriller Crime
The Blues Brothers,1980,7.5,1065,Music Comedy Action Crime
The Sisterhood of the Traveling Pants 2,2008,6.0,238,Adventure Comedy Drama Family
Joyful Noise,2012,6.7,33,Comedy Music
About a Boy,2002,6.6,607,Drama Comedy Romance
Lake Placid,1999,5.5,247,Horror Comedy Action Science Fiction Thriller
Lucky Number Slevin,2006,7.4,1323,Drama Thriller Crime Mystery
The Right Stuff,1983,7.3,235,Drama History
Anonymous,2011,6.3,288,Drama History Thriller
The NeverEnding Story,1984,7.0,1002,Drama Family Fantasy Adventure
Dark City,1998,7.2,828,Mystery Science Fiction
The Duchess,2008,6.7,396,Drama History Romance
Return to Oz,1985,6.7,120,Adventure Family Fantasy
The Newton Boys,1998,5.9,44,Crime Action Drama
Case 39,2009,6.1,563,Horror Mystery Thriller
Suspect Zero,2004,5.5,98,Crime Thriller
Martian Child,2007,6.8,79,Drama
Spy Kids: All the Time in the World,2011,4.4,222,Family Comedy Action
Money Monster,2016,6.5,1068,Thriller
The 51st State,2001,5.9,173,Thriller Action Comedy Crime
Flawless,1999,5.9,56,Comedy Drama
Mindhunters,2004,6.3,333,Mystery Thriller Crime
What Just Happened,2008,5.2,127,Comedy Drama
The Statement,2003,5.9,23,Drama Thriller
The Magic Flute,2006,6.9,6,Comedy Drama Music
Paul Blart: Mall Cop,2009,5.2,788,Action Adventure Comedy Family
Freaky Friday,2003,6.0,879,Comedy
The 40 Year Old Virgin,2005,6.2,1983,Comedy Romance
Shakespeare in Love,1998,6.8,796,Romance History
A Walk Among the Tombstones,2014,6.2,1131,Crime Drama Mystery Thriller
Kindergarten Cop,1990,5.8,628,Comedy
Pineapple Express,2008,6.6,1148,Action Comedy
Ever After: A Cinderella Story,1998,6.8,399,Drama Romance Comedy
Open Range,2003,7.0,262,Western
Flatliners,1990,6.3,404,Drama Horror Science Fiction Thriller
A Bridge Too Far,1977,6.9,207,Drama History War
Red Eye,2005,6.2,455,Horror Thriller
Final Destination 2,2003,5.9,1023,Horror Mystery
"O Brother, Where Art Thou?",2000,7.3,1112,Action Adventure Comedy
Legion,2010,5.2,629,Horror
Pain & Gain,2013,6.1,1573,Thriller Crime Action
In Good Company,2004,5.9,194,Comedy Drama Romance
Clockstoppers,2002,4.9,89,Adventure Family Science Fiction Thriller
Silverado,1985,7.1,146,Action Crime Drama Western
Brothers,2009,6.8,633,Drama Thriller War
Agent Cody Banks 2: Destination London,2004,5.2,144,Comedy
New Year's Eve,2011,5.7,718,Comedy Romance
Original Sin,2001,5.8,198,Drama Thriller Mystery Romance
The Raven,2012,6.1,426,Crime Thriller Mystery
Welcome to Mooseport,2004,4.8,54,Comedy
Highlander: The Final Dimension,1994,4.5,110,Action Fantasy Science Fiction
Blood and Wine,1996,5.5,34,Crime Drama Thriller
Snow White: A Tale of Terror,1997,6.0,62,Fantasy Horror
The Curse of the Jade Scorpion,2001,6.5,165,Comedy Crime Mystery Romance Thriller
Accidental Love,2015,3.9,95,Romance Comedy
Flipper,1996,5.3,84,Adventure Family
Self/less,2015,6.3,1091,Science Fiction Mystery Thriller
The Constant Gardener,2005,6.8,417,Drama Mystery Thriller
The Passion of the Christ,2004,6.9,864,Drama
Mrs. Doubtfire,1993,7.0,1591,Comedy Drama Family
Rain Man,1988,7.6,1709,Drama
Gran Torino,2008,7.8,3086,Drama
W.,2008,6.1,143,Drama History
Taken,2008,7.2,4369,Action Thriller
The Best of Me,2014,7.2,765,Drama Romance
The Bodyguard,1992,6.1,661,Thriller Action Drama Music Romance
Schindler's List,1993,8.3,4329,Drama History War
The Help,2011,7.8,1910,Drama
The Fifth Estate,2013,5.7,364,Drama Thriller
Scooby-Doo 2: Monsters Unleashed,2004,5.4,500,Mystery Fantasy Adventure Comedy
Forbidden Kingdom,2014,4.9,71,Thriller Adventure Mystery Fantasy
Freddy vs. Jason,2003,5.8,594,Horror
The Face of an Angel,2014,4.7,64,Thriller Drama
Jimmy Neutron: Boy Genius,2001,5.6,231,Action Adventure Animation Comedy Family
Cloverfield,2008,6.4,2251,Action Thriller Science Fiction
Teenage Mutant Ninja Turtles II: The Secret of the Ooze,1991,5.8,286,Science Fiction Adventure Action Comedy Family
The Untouchables,1987,7.6,1384,Crime Drama History Thriller
No Country for Old Men,2007,7.7,3003,Crime Drama Thriller
Ride Along,2014,6.1,853,Action Comedy
Bridget Jones's Diary,2001,6.5,1356,Comedy Romance Drama
Chocolat,2000,6.8,951,Comedy Drama Romance
"Legally Blonde 2: Red, White & Blonde",2003,5.1,377,Comedy
Parental Guidance,2012,5.7,210,Comedy
No Strings Attached,2011,6.1,1331,Comedy Romance
Tombstone,1993,7.4,626,Action Adventure Drama History Western
Romeo Must Die,2000,6.0,330,Action Crime Thriller
The Omen,1976,7.2,476,Horror Thriller
Final Destination 3,2006,5.8,974,Horror Mystery
The Lucky One,2012,6.8,946,Drama Romance
Bridge to Terabithia,2007,7.0,1113,Adventure Drama Family
Finding Neverland,2004,7.2,1223,Drama
A Madea Christmas,2013,7.0,35,Comedy Drama
The Grey,2012,6.4,1451,Action Drama Thriller
Hide and Seek,2005,6.1,440,Horror Mystery Thriller
Anchorman: The Legend of Ron Burgundy,2004,6.7,1493,Comedy
GoodFellas,1990,8.2,3128,Drama Crime
Agent Cody Banks,2003,5.0,284,Action
Nanny McPhee,2005,6.4,711,Fantasy Comedy Family
Scarface,1983,8.0,2948,Action Crime Drama Thriller
Nothing to Lose,1997,6.3,174,Action Adventure Comedy
The Last Emperor,1987,7.4,355,Drama History
Contraband,2012,6.1,770,Thriller Action Drama Crime
Money Talks,1997,5.9,87,Action Adventure Comedy
There Will Be Blood,2007,7.9,1537,Drama
The Wild Thornberrys Movie,2002,5.8,44,Animation Adventure Family
Rugrats Go Wild,2003,5.6,61,Animation Family
Undercover Brother,2002,5.5,112,Action Comedy
The Sisterhood of the Traveling Pants,2005,6.3,386,Drama Comedy
Kiss of the Dragon,2001,6.4,298,Action Crime Thriller
The House Bunny,2008,5.6,529,Romance Comedy
Beauty Shop,2005,5.4,115,Comedy Romance
Million Dollar Arm,2014,6.6,259,Drama
The Giver,2014,6.4,1798,Drama Science Fiction
What a Girl Wants,2003,5.8,368,Comedy
Jeepers Creepers 2,2003,5.5,299,Horror Thriller
Good Luck Chuck,2007,5.5,444,Comedy Drama Romance
Cradle 2 the Grave,2003,5.8,236,Action Crime Drama
The Hours,2002,7.0,451,Drama
She's the Man,2006,6.4,671,Comedy Drama Family Romance
Mr. Bean's Holiday,2007,6.1,663,Family Comedy
Anacondas: The Hunt for the Blood Orchid,2004,4.9,199,Adventure Action Horror Science Fiction Thriller
Blood Ties,2013,6.0,171,Thriller Crime Drama
August Rush,2007,7.1,797,Drama
Elizabeth,1998,7.1,334,Drama History
Bride of Chucky,1998,5.5,350,Horror Comedy
Tora! Tora! Tora!,1970,6.9,147,History Action Drama Adventure War
Spice World,1997,4.7,123,Adventure Fantasy Drama Comedy Music
The Sitter,2011,5.4,325,Comedy
Dance Flick,2009,4.7,71,Action Comedy Music
The Shawshank Redemption,1994,8.5,8205,Drama Crime
Crocodile Dundee in Los Angeles,2001,4.7,146,Adventure Comedy
Kingpin,1996,6.7,244,Comedy
The Gambler,2014,5.7,543,Thriller Crime Drama
August: Osage County,2013,6.9,483,Comedy Drama
Ice Princess,2005,5.9,185,Drama Comedy Family
A Lot Like Love,2005,6.5,318,Comedy
Eddie the Eagle,2016,7.2,661,Comedy Drama History
He Got Game,1998,6.7,134,Drama
Don Juan DeMarco,1994,6.2,183,Romance Drama Comedy
Dear John,2010,6.6,1262,Drama Romance War
The Losers,2010,6.2,515,Action Adventure Crime Mystery Thriller
Don't Be Afraid of the Dark,2010,5.4,341,Fantasy Horror Thriller
War,2007,6.0,414,Action Thriller Crime
Punch-Drunk Love,2002,6.9,530,Comedy Drama Romance
EuroTrip,2004,6.5,656,Comedy
Half Past Dead,2002,4.6,82,Crime Action Thriller
Unaccompanied Minors,2006,5.4,66,Comedy Family
"Bright Lights, Big City",1988,4.7,28,Drama
The Adventures of Pinocchio,1996,5.0,54,Animation Family Fantasy
The Greatest Game Ever Played,2005,6.9,110,Drama Family
The Box,2009,5.4,597,Thriller Science Fiction
The Ruins,2008,5.6,265,Drama Horror
The Next Best Thing,2000,4.3,29,Comedy
My Soul to Take,2010,5.2,147,Drama Horror Mystery Thriller
The Girl Next Door,2004,6.3,824,Comedy
Maximum Risk,1996,5.2,101,Action Adventure Thriller
Stealing Harvard,2002,4.4,46,Action Comedy Drama
Legend,2015,6.7,973,Crime Thriller
Hot Rod,2007,6.3,313,Action Comedy
Shark Night,2011,4.9,132,Horror Thriller
Angela's Ashes,1999,7.0,59,Drama
Draft Day,2014,6.5,304,Drama
Lifeforce,1985,6.2,135,Fantasy Horror Science Fiction Thriller
The Conspirator,2010,6.2,137,Crime Drama History
Lords of Dogtown,2005,7.0,210,Drama
The 33,2015,6.0,378,Drama History
Big Trouble in Little China,1986,7.1,705,Action Adventure Comedy Fantasy
Fly Me to the Moon,2012,5.6,194,Comedy Romance
Warrior,2011,7.7,1272,Action Drama
Michael Collins,1996,6.7,97,Drama Thriller
Gettysburg,1993,6.6,90,War Drama History
Stop-Loss,2008,6.1,82,Drama War
Abandon,2002,4.6,45,Drama Mystery Thriller
Brokedown Palace,1999,6.2,111,Drama Thriller
The Possession,2012,5.8,498,Horror Thriller
Mrs. Winterbourne,1996,5.3,25,Comedy Romance Drama
Straw Dogs,2011,5.5,144,Drama Thriller
The Hoax,2006,6.4,60,Comedy Drama
Stone Cold,1991,5.7,34,Action Crime Thriller
The Road,2009,6.8,1087,Adventure Drama
Sheena,1984,5.0,22,Action Adventure Comedy Fantasy Science Fiction
Underclassman,2005,5.5,28,Action Comedy
Say It Isn't So,2001,4.8,47,Comedy Romance
The World's Fastest Indian,2005,7.3,166,Drama
Tank Girl,1995,5.5,138,Action Comedy Fantasy Science Fiction
King's Ransom,2005,5.1,14,Comedy Crime
Blindness,2008,6.4,387,Drama Mystery Science Fiction Thriller
BloodRayne,2005,3.5,118,Action Adventure Fantasy Horror
Carnage,2011,7.0,738,Comedy Drama
Where the Truth Lies,2005,5.9,66,Drama Mystery Thriller
Cirque du Soleil: Worlds Away,2012,6.1,58,Fantasy Family
Without Limits,1998,6.2,19,Drama
Me and Orson Welles,2009,6.6,49,Comedy Drama Romance
The Best Offer,2013,7.7,704,Drama Romance Crime Mystery
The Bad Lieutenant: Port of Call - New Orleans,2009,6.0,326,Drama Crime
A Turtle's Tale: Sammy's Adventures,2010,5.6,151,Animation Family
Little White Lies,2010,7.1,380,Comedy Drama
Love Ranch,2010,6.0,21,Drama
The True Story of Puss 'n Boots,2009,3.8,7,Family Adventure Animation
Space Dogs,2010,6.3,10,Family Animation
The Counselor,2013,5.0,712,Thriller Crime Drama
Ironclad,2011,6.2,227,Romance Adventure Action History
Waterloo,1970,7.0,31,History Action Drama
Kung Fu Jungle,2014,6.5,114,Crime Action Thriller
Red Sky,2014,4.1,26,Action Thriller
Dangerous Liaisons,1988,7.0,257,Drama Romance
On the Road,2012,5.5,301,Adventure Drama
Star Trek IV: The Voyage Home,1986,6.9,477,Science Fiction Adventure
Rocky Balboa,2006,6.5,835,Drama
Scream 2,1997,6.1,840,Horror Mystery
Jane Got a Gun,2016,5.4,285,Action Drama Western
Think Like a Man Too,2014,6.4,225,Comedy Romance
The Whole Nine Yards,2000,6.2,531,Comedy Crime
Footloose,1984,6.4,505,Drama Family Music Romance
Old School,2003,6.6,541,Comedy
The Fisher King,1991,7.2,341,Comedy Drama
I Still Know What You Did Last Summer,1998,5.1,374,Horror Mystery Thriller
Return to Me,2000,6.1,67,Romance Comedy Drama
Zack and Miri Make a Porno,2008,6.1,721,Comedy
Nurse Betty,2000,5.9,111,Comedy Crime Thriller
The Men Who Stare at Goats,2009,5.9,742,Comedy War
Double Take,2001,5.5,24,Adventure Drama Action Comedy Romance
"Girl, Interrupted",1999,7.6,721,Drama
Win a Date with Tad Hamilton!,2004,5.5,160,Comedy Romance
Muppets from Space,1999,5.8,92,Fantasy Comedy Science Fiction Family
The Wiz,1978,5.9,58,Adventure Family Fantasy Music
Ready to Rumble,2000,4.7,49,Action Comedy Drama
Play It to the Bone,1999,5.7,53,Comedy Drama
I Don't Know How She Does It,2011,5.0,141,Romance Comedy
Piranha 3D,2010,5.3,581,Comedy Horror
Beyond the Sea,2004,6.5,55,Drama Music
Meet the Deedles,1998,4.1,19,Animation Comedy Family
The Thief and the Cobbler,1993,6.8,26,Adventure Fantasy Animation Science Fiction Family
The Bridge of San Luis Rey,2004,5.4,15,Romance Drama
Faster,2010,6.1,568,Crime Drama Action Thriller
Howl's Moving Castle,2004,8.2,1991,Fantasy Animation Adventure
Zombieland,2009,7.2,3550,Comedy Horror
The Waterboy,1998,5.9,512,Comedy
The Empire Strikes Back,1980,8.2,5879,Adventure Action Science Fiction
Bad Boys,1995,6.5,1699,Action Comedy Crime Thriller
The Naked Gun 2½: The Smell of Fear,1991,6.6,546,Comedy Crime
Final Destination,2000,6.4,1378,Horror
The Ides of March,2011,6.5,910,Drama
Pitch Black,2000,6.7,1789,Thriller Science Fiction Action
Someone Like You...,2001,6.0,118,Comedy Romance
Her,2013,7.9,4097,Romance Science Fiction Drama
Joy Ride,2001,6.3,325,Mystery Thriller Drama
The Adventurer: The Curse of the Midas Box,2013,5.1,73,Fantasy Adventure Family
Anywhere But Here,1999,5.9,66,Drama Comedy Romance
The Crew,2000,6.4,11,Action Comedy
Haywire,2011,5.6,505,Action Thriller
Jaws: The Revenge,1987,3.5,224,Adventure Thriller
Marvin's Room,1996,6.6,124,Drama
The Longshots,2008,6.5,11,Drama Family
The End of the Affair,1999,6.6,55,Drama
Harley Davidson and the Marlboro Man,1991,6.1,82,Action Thriller
In the Valley of Elah,2007,6.6,261,History Drama Thriller Crime Mystery
Coco Before Chanel,2009,6.6,246,Drama History
Forsaken,2015,5.8,101,Western Drama
Cheri,2009,5.9,56,Drama Comedy Romance
Vanity Fair,2004,5.5,73,Drama Romance
Bodyguards and Assassins,2009,6.5,57,Drama Action History
1408,2007,6.5,1343,Horror Thriller
Spaceballs,1987,6.7,902,Comedy Science Fiction
The Water Diviner,2014,6.8,431,War Drama
Ghost,1990,6.9,1339,Fantasy Drama Thriller Mystery Romance
There's Something About Mary,1998,6.5,1590,Romance Comedy
The Santa Clause,1994,6.3,489,Fantasy Drama Comedy Family
The Rookie,2002,6.5,110,Drama Family
The Game Plan,2007,6.0,428,Comedy Family
The Bridges of Madison County,1995,7.3,385,Drama Romance
The Animal,2001,4.6,304,Action Comedy
Gandhi,1982,7.4,716,Drama History
The Hundred-Foot Journey,2014,7.3,508,Drama
The Net,1995,5.6,354,Crime Drama Mystery Thriller Action
I Am Sam,2001,7.2,530,Drama
Son of God,2014,5.9,83,Drama
Underworld,2003,6.6,2512,Fantasy Action Thriller
Derailed,2005,6.1,319,Drama Thriller
The Informant!,2009,6.0,301,Drama Comedy Crime
Shadowlands,1993,6.8,61,Drama Romance
Deuce Bigalow: European Gigolo,2005,4.7,225,Comedy
Delivery Man,2013,6.2,551,Comedy
Our Kind of Traitor,2016,6.0,160,Thriller
Saving Silverman,2001,5.4,154,Comedy Crime Romance
Diary of a Wimpy Kid: Dog Days,2012,6.0,223,Comedy Family
Summer of Sam,1999,6.3,112,Thriller Drama Crime Romance
Jay and Silent Bob Strike Back,2001,6.4,480,Comedy
The Glass House,2001,5.4,201,Drama Thriller
"Hail, Caesar!",2016,5.7,1309,Comedy Drama Mystery
Josie and the Pussycats,2001,5.3,72,Comedy Music
Homefront,2013,6.4,875,Action Thriller
The Little Vampire,2000,6.1,77,Family Horror
I Heart Huckabees,2004,6.2,239,Comedy Romance
RoboCop 3,1993,4.2,305,Action Adventure Crime Science Fiction Thriller
Megiddo: The Omega Code 2,2001,3.6,8,Action Science Fiction Thriller
Darling Lili,1970,4.9,8,Drama Comedy Thriller Music Romance
Dudley Do-Right,1999,3.8,48,Comedy Family Romance
The Transporter Refueled,2015,5.2,559,Thriller Action Crime
The Libertine,2004,5.9,128,Drama Romance
Black Book,2006,7.2,277,Drama Thriller War
Joyeux Noël,2005,7.2,212,Romance Drama History War Music
Hit & Run,2012,5.5,224,Action Comedy Romance
Mad Money,2008,5.9,140,Action Comedy Crime
Before I Go to Sleep,2014,6.2,659,Mystery Thriller
Sorcerer,1977,7.4,98,Action Thriller Adventure
Stone,2010,5.2,192,Drama
Moliere,2007,6.7,45,Romance Drama Comedy
Out of the Furnace,2013,6.5,720,Thriller Drama Crime
Michael Clayton,2007,6.5,501,Drama Mystery Crime
My Fellow Americans,1996,6.3,46,Comedy Drama
Arlington Road,1999,7.0,239,Drama Thriller Mystery
Underdogs,2013,6.0,122,Animation Adventure Romance
To Rome with Love,2012,5.6,546,Romance Comedy
Firefox,1982,5.5,139,Science Fiction Action Adventure Thriller
"South Park: Bigger, Longer & Uncut",1999,7.1,893,Animation Comedy Music
Death at a Funeral,2007,6.9,497,Comedy Drama
Teenage Mutant Ninja Turtles III,1993,5.1,184,Action Adventure Comedy Family Fantasy
Hardball,2001,6.3,123,Comedy Romance
Silver Linings Playbook,2012,6.9,4742,Drama Comedy Romance
Freedom Writers,2007,7.5,356,Crime Drama
For Colored Girls,2010,7.0,22,Drama
The Transporter,2002,6.6,1692,Action Crime Thriller
Never Back Down,2008,6.4,497,Drama Action
The Rage: Carrie 2,1999,5.1,76,Horror Thriller Science Fiction
Away We Go,2009,6.7,189,Drama Comedy Romance
Swing Vote,2008,5.8,65,Drama Comedy
Moonlight Mile,2002,6.5,52,Romance Drama
Tinker Tailor Soldier Spy,2011,6.6,840,Drama Thriller Mystery
Molly,1999,5.5,14,Drama Comedy Romance
The Beaver,2011,6.3,276,Drama
The Best Little Whorehouse in Texas,1982,5.9,41,Comedy
eXistenZ,1999,6.7,475,Action Thriller Science Fiction Horror
Raiders of the Lost Ark,1981,7.7,3854,Adventure Action
Home Alone 2: Lost in New York,1992,6.3,2395,Comedy Family Adventure Crime
Close Encounters of the Third Kind,1977,7.2,1098,Science Fiction Drama
Pulse,2006,5.0,150,Horror Thriller
Beverly Hills Cop II,1987,6.1,613,Action Comedy Crime
Bringing Down the House,2003,5.4,183,Comedy
The Silence of the Lambs,1991,8.1,4443,Crime Drama Thriller
Wayne's World,1992,6.5,728,Music Comedy
Jackass 3D,2010,6.4,428,Comedy Documentary Action
Jaws 2,1978,5.9,406,Horror Thriller
Beverly Hills Chihuahua,2008,4.9,209,Adventure Comedy Family
The Conjuring,2013,7.4,3092,Horror Thriller
Are We There Yet?,2005,5.2,221,Adventure Comedy Family Romance
Tammy,2014,5.0,500,Comedy
School of Rock,2003,6.7,1414,Comedy Music
Mortal Kombat,1995,5.4,442,Action Fantasy
White Chicks,2004,6.3,679,Comedy
The Descendants,2011,6.7,934,Comedy Drama
Holes,2003,6.7,383,Adventure Family Drama Comedy
The Last Song,2010,6.9,923,Drama Family Romance
12 Years a Slave,2013,7.9,3674,Drama History
Drumline,2002,6.2,116,Drama Romance Comedy Music
Why Did I Get Married Too?,2010,6.1,29,Comedy Romance
Edward Scissorhands,1990,7.5,3601,Fantasy Drama Romance
Me Before You,2016,7.6,2562,Drama Romance
Madea's Witness Protection,2012,5.9,52,Drama Comedy Crime
The French Connection,1971,7.4,422,Action Crime Thriller
Bad Moms,2016,6.3,1252,Comedy
Date Movie,2006,3.6,222,Comedy
Return to Never Land,2002,6.1,290,Adventure Fantasy Animation Family
Selma,2014,7.4,817,History Drama
The Jungle Book 2,2003,5.6,269,Family Animation Adventure
Boogeyman,2005,4.6,191,Thriller Horror Drama Mystery
Premonition,2007,5.8,381,Thriller Drama Mystery
The Tigger Movie,2000,6.3,143,Animation Family
Orphan,2009,6.7,1261,Horror Thriller Mystery
Max,2015,6.8,276,Adventure Drama Family
Epic Movie,2007,3.2,326,Action Adventure Comedy
Spotlight,2015,7.8,2686,Drama Thriller History
Lakeview Terrace,2008,5.9,292,Drama Crime Thriller
The Grudge 2,2006,5.2,283,Horror Thriller
How Stella Got Her Groove Back,1998,6.0,24,Comedy Drama Romance
Bill & Ted's Bogus Journey,1991,5.9,308,Adventure Comedy Family Fantasy Science Fiction
Man of the Year,2006,5.8,129,Comedy Drama Romance Thriller
The Black Hole,1979,6.1,131,Adventure Family Science Fiction Action
The American,2010,5.8,481,Crime Drama Thriller
Selena,1997,7.0,114,Drama
Vampires Suck,2010,4.2,315,Horror Comedy
Babel,2006,6.9,1055,Drama
This Is Where I Leave You,2014,6.5,505,Drama Comedy
Doubt,2008,7.0,435,Drama Mystery
Team America: World Police,2004,6.6,660,Music Adventure Animation Action Comedy
Texas Chainsaw 3D,2013,5.3,465,Horror Thriller
Copycat,1995,6.4,194,Drama Thriller
Scary Movie 5,2013,4.6,793,Comedy
Paint Your Wagon,1969,6.2,63,Drama Action Comedy Western Music
Milk,2008,7.1,612,History Drama
Risen,2016,5.7,295,Action
Ghost Ship,2002,5.3,531,Horror Mystery Thriller
A Very Harold & Kumar Christmas,2011,6.0,328,Comedy
Wild Things,1998,6.3,444,Crime Drama Mystery
The Stepfather,2009,5.4,167,Horror Thriller Mystery
The Debt,2010,6.3,257,Drama Thriller
High Fidelity,2000,7.0,628,Comedy Drama Romance Music
One Missed Call,2008,4.7,171,Horror Mystery Thriller
Eye for an Eye,1996,5.8,63,Drama Thriller
The Bank Job,2008,6.6,697,Thriller Crime Drama
Eternal Sunshine of the Spotless Mind,2004,7.9,3652,Science Fiction Drama Romance
You Again,2010,6.0,368,Comedy Romance
Street Kings,2008,6.3,363,Action Crime Drama Thriller
The World's End,2013,6.7,1778,Comedy Action Science Fiction
Nancy Drew,2007,5.8,143,Action Adventure Crime Family Mystery
Daybreakers,2009,6.0,634,Fantasy Horror Action Thriller Science Fiction
She's Out of My League,2010,5.9,525,Comedy Romance
Monte Carlo,2011,6.0,593,Adventure Comedy Romance
Stay Alive,2006,5.3,155,Horror Thriller
Quigley Down Under,1990,6.5,119,Romance Action Adventure Western Drama
Alpha and Omega,2010,5.3,124,Family Animation
The Covenant,2006,5.2,288,Action Adventure Fantasy Horror Science Fiction
Stick It,2006,6.3,148,Comedy Drama
Shorts,2009,5.1,44,Comedy Family
To Die For,1995,6.7,175,Fantasy Drama Comedy Thriller
Nerve,2016,7.1,2181,Mystery Adventure Crime
Appaloosa,2008,6.3,299,Drama Western Crime
Vampires,1998,5.8,255,Action Drama Fantasy Horror Thriller
Psycho,1960,8.2,2320,Drama Horror Thriller
My Best Friend's Girl,2008,5.4,220,Romance Comedy
Endless Love,2014,6.7,542,Drama Romance
Georgia Rule,2007,5.6,130,Comedy Drama Romance
Under the Rainbow,1981,4.9,7,Comedy
Ladyhawke,1985,6.8,260,Adventure Drama Fantasy Romance
Simon Birch,1998,6.5,52,Comedy Drama Family
Reign Over Me,2007,7.1,334,Drama
Into the Wild,2007,7.8,3045,Adventure Drama
School for Scoundrels,2006,5.6,111,Comedy Drama Romance
Silent Hill: Revelation 3D,2012,5.0,432,Thriller Horror Mystery
From Dusk Till Dawn,1996,6.9,1603,Horror Action Thriller Crime
Pooh's Heffalump Movie,2005,6.4,88,Animation Family
Home for the Holidays,1995,6.3,39,Comedy Drama Romance
Kung Fu Hustle,2004,7.2,831,Action Comedy Crime Fantasy
The Country Bears,2002,4.3,20,Adventure Comedy Family
The Kite Runner,2007,7.3,394,Drama
21 Grams,2003,7.2,918,Drama Crime Thriller
Paparazzi,2004,5.8,52,Action Drama Thriller
A Guy Thing,2003,5.3,83,Comedy Romance
Loser,2000,5.0,120,Drama Comedy Romance Family
Capitalism: A Love Story,2009,7.0,167,Documentary
The Greatest Story Ever Told,1965,6.5,41,Drama History
Secret in Their Eyes,2015,6.2,336,Crime Drama Mystery
Disaster Movie,2008,3.0,240,Action Comedy
Armored,2009,5.5,208,Action Crime Drama Thriller
The Man Who Knew Too Little,1997,6.5,125,Comedy Thriller Crime Action
What's Your Number?,2011,6.2,671,Comedy Romance
Lockout,2012,5.8,715,Action Thriller Science Fiction
Envy,2004,4.8,139,Comedy
Crank: High Voltage,2009,5.9,861,Action Thriller Crime
Bullets Over Broadway,1994,7.0,130,Action Comedy Thriller
One Night with the King,2006,6.1,12,Drama
The Quiet American,2002,6.4,81,Drama Action Thriller Romance
The Weather Man,2005,6.0,289,Comedy Drama
Undisputed,2002,6.1,139,Action Adventure Drama Thriller
Ghost Town,2008,6.4,286,Comedy Fantasy Romance
12 Rounds,2009,5.7,220,Action Adventure Drama Thriller
Let Me In,2010,6.7,641,Drama Horror Mystery
3 Ninjas Kick Back,1994,4.5,48,Adventure Action Comedy Family
Be Kind Rewind,2008,6.2,424,Drama Comedy
Mrs Henderson Presents,2005,6.4,62,Comedy Drama
Triple 9,2016,5.6,797,Action Thriller
Deconstructing Harry,1997,7.3,187,Comedy Drama
Three to Tango,1999,5.4,62,Comedy Romance
Burnt,2015,6.3,950,Drama
We're No Angels,1989,5.6,105,Comedy Crime Drama
Everyone Says I Love You,1996,6.5,147,Music Comedy Romance
Death Sentence,2007,6.5,297,Action Crime Drama Thriller
Everybody's Fine,2009,6.5,284,Drama
Superbabies: Baby Geniuses 2,2004,1.9,35,Comedy Family
The Man,2005,5.4,133,Action Comedy Crime
Code Name: The Cleaner,2007,4.7,78,Action Comedy Crime
Connie and Carla,2004,6.4,24,Comedy
Sweet Charity,1969,6.5,15,Comedy Drama Music Romance
Inherent Vice,2014,6.5,833,Comedy Romance Crime Drama Mystery
Doogal,2006,3.2,18,Family
Battle of the Year,2013,5.9,88,Music Drama
An American Carol,2008,4.1,20,Comedy Fantasy
Machete Kills,2013,5.3,631,Action Crime Thriller
Willard,2003,5.8,82,Horror
Strange Wilderness,2008,4.7,69,Comedy
Topsy-Turvy,1999,6.7,41,Comedy Drama Music
Little Boy,2015,7.0,185,Comedy Drama War
A Dangerous Method,2011,6.2,571,Drama Thriller
A Scanner Darkly,2006,6.8,532,Animation Science Fiction Thriller
Chasing Mavericks,2012,7.0,216,Drama
Alone in the Dark,2005,3.1,173,Action Fantasy Horror Thriller
Bandslam,2009,5.4,126,Comedy Drama Family Music
Birth,2004,5.9,179,Drama Mystery Thriller
A Most Violent Year,2014,6.5,546,Crime Drama Thriller
Passchendaele,2008,6.3,26,Drama Romance War History
Flash of Genius,2008,6.3,59,Drama
I'm Not There.,2007,6.6,195,Drama Music
The Cold Light of Day,2012,4.8,271,Action Thriller
The Brothers Bloom,2008,6.8,203,Adventure Comedy Drama Romance
"Synecdoche, New York",2008,7.4,278,Drama
Princess Mononoke,1997,8.2,1983,Adventure Fantasy Animation
Bon voyage,2003,5.7,20,Comedy Drama Foreign
Can't Stop the Music,1980,4.9,9,Comedy Music
The Proposition,2005,7.1,218,Action Adventure Crime Drama Thriller
My All American,2015,6.8,36,Drama
Marci X,2003,3.3,12,Comedy
Equilibrium,2002,6.9,1552,Action Science Fiction Thriller
The Children of Huang Shi,2008,6.5,52,Drama War
The Yards,2000,6.0,97,Drama Action Thriller Crime
The Oogieloves in the Big Balloon Adventure,2012,2.2,8,Family
By the Sea,2015,5.4,156,Drama Romance
Steamboy,2004,6.4,102,Animation Fantasy Science Fiction
The Game of Their Lives,2005,5.8,14,Drama
All Good Things,2010,5.9,286,Drama Mystery Thriller Crime Romance
Rapa Nui,1994,6.2,33,Adventure
CJ7,2008,6.1,107,Comedy Drama Family Fantasy Science Fiction
The Visitors II: The Corridors of Time,1998,5.8,221,Comedy Fantasy
Dylan Dog: Dead of Night,2011,4.5,139,Action Comedy Horror Mystery Science Fiction
People I Know,2002,5.5,48,Drama Thriller
The Tempest,2010,6.0,31,Drama Fantasy
Regression,2015,5.3,585,Horror Mystery Thriller
Three Kingdoms: Resurrection of the Dragon,2008,6.6,35,Action History Drama
Butterfly on a Wheel,2007,6.3,130,Crime Drama Thriller
Zambezia,2012,5.3,68,Comedy Animation Adventure Family
Ramanujan,2014,5.0,3,Drama History
Dwegons,2014,0.5,1,Animation
Hands of Stone,2016,6.1,109,Drama
Survivor,2015,5.4,404,Thriller
The Frozen Ground,2013,6.1,465,Thriller Crime
The Painted Veil,2006,7.1,312,Drama Romance
The Baader Meinhof Complex,2008,7.1,157,Action Crime Drama History Thriller
Dances with Wolves,1990,7.6,1046,Adventure Drama Western
Bad Teacher,2011,5.4,1584,Comedy
Sea of Love,1989,6.7,141,Drama Crime Mystery
A Cinderella Story,2004,6.1,713,Comedy
Scream,1996,7.0,1476,Crime Horror Mystery
Thir13en Ghosts,2001,5.4,440,Horror Thriller
The Shining,1980,8.1,3757,Horror Thriller
Back to the Future,1985,8.0,6079,Adventure Comedy Science Fiction Family
House on Haunted Hill,1999,5.5,209,Horror Mystery Thriller
I Can Do Bad All By Myself,2009,6.0,40,Drama Comedy
Fight Valley,2016,3.9,8,Action Drama
The Switch,2010,5.9,583,Comedy Romance Drama
Just Married,2003,5.3,404,Comedy
The Devil's Double,2011,6.5,208,Drama Action Thriller Crime War
Thomas and the Magic Railroad,2000,4.6,8,Animation Drama Family Science Fiction
The Crazies,2010,6.2,633,Mystery Horror Action
Spirited Away,2001,8.3,3840,Fantasy Adventure Animation Family
Firestorm,2013,5.9,43,Action Crime
The Bounty,1984,6.5,108,Action Drama History
The Book Thief,2013,7.4,1486,Drama
Sex Drive,2008,6.0,342,Comedy Adventure Romance
Leap Year,2010,6.4,465,Romance Comedy
The Fall of the Roman Empire,1964,6.0,33,Drama History
Take Me Home Tonight,2011,6.2,208,Comedy Drama Romance
Won't Back Down,2012,5.8,40,Drama
The Nutcracker,1993,5.6,5,Family Fantasy Music
Kansas City,1996,6.1,12,Thriller Drama Music Crime
Indignation,2016,6.8,69,Drama
The Amityville Horror,2005,6.0,588,Horror Thriller Drama
Adaptation.,2002,7.3,638,Comedy Crime Drama
Land of the Dead,2005,6.0,381,Horror
Out of Inferno,2013,5.8,11,Action
Fear and Loathing in Las Vegas,1998,7.2,1301,Adventure Drama Comedy
The Invention of Lying,2009,6.0,518,Comedy Romance Fantasy
Neighbors,2014,6.2,2713,Comedy
The Mask,1994,6.6,2472,Romance Comedy Crime Fantasy
Big,1988,6.9,993,Fantasy Drama Comedy Romance Family
Borat: Cultural Learnings of America for Make Benefit Glorious Nation of Kazakhstan,2006,6.5,1579,Comedy
Legally Blonde,2001,6.1,882,Comedy
Star Trek III: The Search for Spock,1984,6.4,434,Science Fiction Action Adventure Thriller
The Exorcism of Emily Rose,2005,6.3,659,Crime Drama Horror Thriller
Deuce Bigalow: Male Gigolo,1999,5.5,308,Comedy
Left Behind,2014,3.7,392,Thriller Action Science Fiction
The Family Stone,2005,6.2,249,Comedy Drama Romance
Barbershop 2:  Back in Business,2004,5.6,74,Comedy Drama
Bad Santa,2003,6.5,656,Drama Comedy Crime
Austin Powers: International Man of Mystery,1997,6.5,1013,Science Fiction Comedy Crime
My Big Fat Greek Wedding 2,2016,5.5,322,Romance Comedy Family
Diary of a Wimpy Kid: Rodrick Rules,2011,6.3,238,Family Comedy
Predator,1987,7.3,2093,Science Fiction Action Adventure Thriller
Amadeus,1984,7.8,1076,Drama History Music
Prom Night,2008,4.8,167,Crime Horror
Mean Girls,2004,6.9,2320,Comedy
Under the Tuscan Sun,2003,6.4,172,Comedy Drama Romance
Gosford Park,2001,6.8,246,Drama Mystery Thriller
Peggy Sue Got Married,1986,5.9,136,Comedy Drama Fantasy Romance
Birdman,2014,7.4,4535,Drama Comedy
Blue Jasmine,2013,7.0,1098,Comedy Drama
United 93,2006,6.9,367,Drama History Crime Thriller Action
Honey,2003,6.0,303,Romance Music Family
Spy Hard,1996,4.9,147,Action Comedy
The Fog,1980,6.4,311,Horror
Soul Surfer,2011,6.9,342,Action Drama
Catch-22,1970,6.7,72,War Comedy Drama
Observe and Report,2009,5.6,225,Comedy Crime Drama
Conan the Destroyer,1984,5.8,383,Adventure Fantasy Action
Raging Bull,1980,7.7,938,Drama
Love Happens,2009,5.6,180,Drama Romance
Young Sherlock Holmes,1985,6.7,167,Action Adventure Crime Drama Family
Fame,2009,5.5,135,Music Comedy Drama Romance
127 Hours,2010,7.0,2606,Adventure Drama Thriller
Small Time Crooks,2000,6.4,155,Action Comedy Crime
Center Stage,2000,6.8,90,Drama Music
Love the Coopers,2015,5.4,167,Comedy Family
Catch That Kid,2004,4.9,76,Family Action Adventure
Life as a House,2001,7.2,120,Drama
Steve Jobs,2015,6.8,1573,Drama History
"I Love You, Beth Cooper",2009,5.1,197,Comedy Romance
Youth in Revolt,2009,5.9,319,Drama Comedy Romance
The Legend of the Lone Ranger,1981,3.7,14,Action Adventure Romance Western
The Tailor of Panama,2001,6.2,92,Drama Thriller
Blow Out,1981,7.3,236,Drama Mystery Thriller
Getaway,2013,4.9,246,Action Crime
The Ice Storm,1997,6.9,176,Drama
And So It Goes,2014,5.7,164,Comedy Drama Romance
Troop Beverly Hills,1989,5.6,56,Adventure Comedy Family
Being Julia,2004,6.4,23,Comedy Drama Romance
Nine 1/2 Weeks,1986,5.8,177,Drama Romance
Dragonslayer,1981,6.5,67,Fantasy
The Last Station,2009,6.7,55,Drama Romance
Ed Wood,1994,7.3,630,Comedy Drama History
Labor Day,2013,6.7,299,Drama
Mongol: The Rise of Genghis Khan,2007,6.5,158,History
RockNRolla,2008,6.9,836,Action Crime Thriller
Megaforce,1982,3.5,15,Adventure Action Science Fiction
Hamlet,1996,7.3,117,Drama
Mao's Last Dancer,2009,6.8,28,Drama Romance
Midnight Special,2016,6.2,694,Adventure Drama Science Fiction
Anything Else,2003,6.2,149,Comedy Romance
The Railway Man,2013,6.7,273,Drama History
The White Ribbon,2009,7.2,255,Crime Drama Mystery
Restoration,2016,5.3,11,Horror
The Wraith,1986,5.9,108,Romance Science Fiction Horror Action Crime
Salton Sea,2002,7.0,104,Drama Mystery Thriller
Metallica: Through the Never,2013,6.7,83,Music
The Informers,2008,4.4,60,Drama
Carlos,2010,6.7,50,Crime Drama Thriller History
I Come with the Rain,2009,5.6,20,Thriller Drama
One Man's Hero,1999,9.3,2,Western Action Drama History
Day of the Dead,1985,6.9,270,Horror Science Fiction
I Am Wrath,2016,4.5,179,Action Crime Drama Thriller
Renaissance,2006,6.7,77,Action Animation Science Fiction
Red Sonja,1985,5.0,206,Adventure Fantasy Action
Red Lights,2012,6.0,376,Thriller
Superbad,2007,7.0,2100,Comedy
Madea Goes to Jail,2009,6.4,52,Comedy Crime Drama
Wolves,2014,5.7,82,Horror Action
Step Up 2: The Streets,2008,6.5,640,Music Drama Romance
Hoodwinked!,2005,5.9,479,Animation Comedy Family
Hotel Rwanda,2004,7.5,793,Drama History War
Hitman,2007,5.9,966,Action Crime Drama Thriller
Black Nativity,2013,5.8,16,Drama Music
The Prince,2014,4.6,218,Thriller Action
City of Ghosts,2002,5.4,18,Thriller
The Others,2001,7.4,1660,Horror Drama Mystery Thriller
Aliens,1986,7.7,3220,Horror Action Thriller Science Fiction
My Fair Lady,1964,7.4,352,Drama Family Music Romance
I Know What You Did Last Summer,1997,5.6,687,Horror Thriller Mystery
Let's Be Cops,2014,6.4,1219,Comedy
Sideways,2004,6.9,478,Comedy Drama Romance
Beerfest,2006,5.8,172,Comedy
Halloween,1978,7.4,1035,Horror Thriller
Good Boy!,2003,4.7,30,Comedy Family Science Fiction
The Best Man Holiday,2013,6.7,110,Comedy
Smokin' Aces,2006,6.4,534,Action Comedy Crime Thriller
Saw: The Final Chapter,2010,5.8,730,Horror Crime
40 Days and 40 Nights,2002,5.2,297,Comedy Romance
A Night at the Roxbury,1998,5.9,198,Comedy
Beastly,2011,6.0,849,Drama Fantasy Romance
The Hills Have Eyes,2006,6.1,705,Horror Thriller
Dickie Roberts: Former Child Star,2003,5.1,64,Comedy
"McFarland, USA",2015,7.4,213,Drama
Lottery Ticket,2010,5.6,54,Comedy
ATL,2006,6.0,32,Drama
Pitch Perfect,2012,7.3,2247,Comedy Music Romance
Summer Catch,2001,4.8,63,Drama Comedy Romance
A Simple Plan,1998,6.9,187,Drama Crime Thriller
They,2002,4.6,74,Horror Thriller
Larry the Cable Guy: Health Inspector,2006,3.3,17,Comedy
The Adventures of Elmo in Grouchland,1999,6.3,14,Family
Brooklyn's Finest,2009,6.2,293,Crime Drama Thriller
55 Days at Peking,1963,6.3,36,Action Drama History
Evil Dead,2013,6.4,1723,Horror
My Life in Ruins,2009,5.6,101,Comedy Romance
American Dreamz,2006,4.9,95,Comedy Drama Family
Superman IV: The Quest for Peace,1987,4.1,318,Action Adventure Science Fiction
How She Move,2008,3.0,6,Drama
Running Scared,2006,7.0,331,Action Crime Drama Thriller
Bobby Jones: Stroke of Genius,2004,5.5,19,Drama
Shanghai Surprise,1986,2.9,15,Adventure
The Illusionist,2006,7.1,1615,Fantasy Drama Thriller Romance
Roar,1981,5.6,19,Adventure Thriller
Veronica Guerin,2003,6.8,59,Drama Crime Thriller
Escobar: Paradise Lost,2014,6.1,271,Thriller Romance
Southland Tales,2006,5.2,153,Action Adventure Comedy Drama Science Fiction
Dragon Hunters,2008,6.5,129,Animation Family
Damnation Alley,1977,5.0,27,Action Adventure Science Fiction
The Apparition,2012,4.5,140,Horror Thriller
My Girl,1991,7.0,428,Comedy Drama Family
Fur: An Imaginary Portrait of Diane Arbus,2006,5.8,73,Drama Mystery Romance
Wall Street,1987,7.0,546,Crime Drama
Sense and Sensibility,1995,7.2,352,Drama Romance
Becoming Jane,2007,6.9,317,Drama Romance
Sydney White,2007,6.0,236,Comedy
House of Sand and Fog,2003,7.0,199,Drama
Dead Poets Society,1989,8.1,2705,Drama
Dumb and Dumber,1994,6.5,1859,Comedy
When Harry Met Sally...,1989,7.3,950,Comedy Romance Drama
The Verdict,1982,7.4,131,Drama
Road Trip,2000,5.9,542,Comedy Adventure
Varsity Blues,1999,6.0,122,Comedy Drama Romance
The Artist,2011,7.3,1049,Drama Comedy Romance
The Unborn,2009,4.8,365,Horror Thriller Mystery
Moonrise Kingdom,2012,7.6,1662,Comedy Drama Romance
The Texas Chainsaw Massacre: The Beginning,2006,5.9,402,Horror
The Young Messiah,2016,6.4,30,Drama
The Master of Disguise,2002,3.7,78,Comedy Family
Pan's Labyrinth,2006,7.6,3041,Fantasy Drama War
See Spot Run,2001,4.8,44,Action Comedy Family
Baby Boy,2001,7.4,55,Crime Drama Romance
The Roommate,2011,5.3,224,Thriller Drama Horror
Joe Dirt,2001,5.5,242,Mystery Adventure Comedy Romance Drama
Double Impact,1991,5.3,215,Thriller Action Crime Drama
Hot Fuzz,2007,7.4,2199,Crime Action Comedy
The Women,2008,4.6,96,Comedy Drama Romance
Vicky Cristina Barcelona,2008,6.7,1020,Drama Romance
Arn: The Knight Templar,2007,6.4,76,Action Adventure Drama Romance
Boys and Girls,2000,5.4,103,Comedy Drama Romance
White Oleander,2002,7.2,108,Drama
Jennifer's Body,2009,5.3,837,Comedy Horror
Drowning Mona,2000,5.4,43,Comedy Crime Mystery
Radio Days,1987,7.0,127,Comedy Drama
Remember Me,2010,6.9,948,Drama Romance
How to Deal,2003,5.7,42,Drama Comedy Romance
My Stepmother is an Alien,1988,5.3,131,Comedy Science Fiction
Philadelphia,1993,7.6,988,Drama
The Thirteenth Floor,1999,6.8,378,Thriller Science Fiction Mystery
The Cookout,2004,4.6,10,Comedy Drama
Meteor,1979,5.1,36,Action Science Fiction Thriller
Duets,2000,5.5,34,Comedy Drama Music
Hollywood Ending,2002,6.4,113,Comedy Drama
Detroit Rock City,1999,6.7,100,Comedy Music
Highlander,1986,6.8,624,Adventure Action Fantasy
Things We Lost in the Fire,2007,6.7,90,Drama
Steel,1997,4.3,48,Science Fiction Action Adventure
The Immigrant,2013,6.2,250,Drama Romance
The White Countess,2005,6.9,21,Drama History Family Romance
Trance,2013,6.5,956,Thriller Crime Drama Mystery
Soul Plane,2004,4.7,108,Romance Comedy
Welcome to the Sticks,2008,6.8,615,Comedy
Good,2008,6.3,29,Drama
Enter the Void,2009,7.2,387,Fantasy Drama
Vamps,2012,4.8,91,Comedy Romance Horror
Hachi: A Dog's Tale,2009,7.7,1717,Drama Family
Zulu,2013,6.7,172,Crime Drama Thriller
The Homesman,2014,6.4,258,Western Drama
Juwanna Mann,2002,4.2,20,Comedy Drama
Ararat,2002,5.7,16,War Drama
Madison,2001,5.3,3,Action Adventure Drama
Slow Burn,2005,5.5,16,Mystery Crime Drama Thriller
Wasabi,2001,6.2,283,Drama Action Comedy
Slither,2006,6.3,317,Comedy Horror Science Fiction
Beverly Hills Cop,1984,6.8,961,Action Comedy Crime
Home Alone,1990,7.1,2414,Comedy Family
Three Men and a Baby,1987,5.8,253,Family Comedy Drama
Tootsie,1982,6.9,421,Comedy Romance
Top Gun,1986,6.7,1698,Action Romance War
"Crouching Tiger, Hidden Dragon",2000,7.2,927,Adventure Drama Action Romance
American Beauty,1999,7.9,3313,Drama
The King's Speech,2010,7.6,2752,Drama History
Twins,1988,5.7,559,Comedy
The Yellow Handkerchief,2008,6.4,52,Drama Romance
The Color Purple,1985,7.7,338,Drama
Tidal Wave,2009,6.5,48,Action Adventure Drama Thriller
The Imitation Game,2014,8.0,5723,History Drama Thriller War
Private Benjamin,1980,6.0,102,Comedy
Coal Miner's Daughter,1980,7.2,67,Drama Music
Diary of a Wimpy Kid,2010,5.9,355,Comedy Family
Mama,2013,6.0,1401,Horror
National Lampoon's Vacation,1983,7.1,410,Comedy Adventure Romance
Bad Grandpa,2013,6.0,680,Comedy
The Queen,2006,6.8,338,Drama
Beetlejuice,1988,7.1,1444,Fantasy Comedy
Why Did I Get Married?,2007,6.1,33,Comedy Drama
Little Women,1994,7.0,215,Drama Romance
The Woman in Black,2012,6.1,1206,Drama Horror Thriller
When a Stranger Calls,2006,5.4,268,Horror Thriller
Big Fat Liar,2002,5.6,197,Comedy Family
The Deer Hunter,1978,7.8,921,Drama War
Wag the Dog,1997,6.7,270,Comedy Drama
The Lizzie McGuire Movie,2003,5.7,280,Family Comedy
Snitch,2013,5.8,1138,Thriller Drama
Krampus,2015,5.9,584,Horror Comedy Fantasy
The Faculty,1998,6.2,492,Horror Mystery Science Fiction
What's Love Got to Do with It,1993,6.9,72,Drama Music
Cop Land,1997,6.6,382,Action Crime Drama
Not Another Teen Movie,2001,5.5,431,Comedy
End of Watch,2012,7.2,1170,Crime Drama Thriller
The Skulls,2000,5.8,156,Crime Drama Thriller
The Theory of Everything,2014,7.8,3311,Drama Romance
Malibu's Most Wanted,2003,4.7,77,Comedy Crime
Where the Heart Is,2000,6.9,155,Comedy Drama Romance
Lawrence of Arabia,1962,7.8,851,Adventure Drama History War
Halloween II,2009,5.1,267,Horror
Wild,2014,7.0,951,Drama
The Last House on the Left,2009,6.2,440,Crime Thriller Horror Drama
The Wedding Date,2005,6.2,230,Comedy Romance
Halloween: Resurrection,2002,4.5,228,Horror Thriller
The Princess Bride,1987,7.6,1486,Adventure Family Fantasy Comedy Romance
The Great Debaters,2007,6.9,151,Drama
Drive,2011,7.4,3725,Drama Action Thriller Crime
Confessions of a Teenage Drama Queen,2004,5.1,221,Comedy
The Object of My Affection,1998,5.6,72,Comedy Drama Romance
28 Weeks Later,2007,6.5,1197,Horror Thriller Science Fiction
When the Game Stands Tall,2014,6.3,130,Drama
Because of Winn-Dixie,2005,6.1,61,Comedy Drama Family
Love & Basketball,2000,7.4,88,Action Comedy Drama Romance
Grosse Pointe Blank,1997,6.9,275,Action Comedy Thriller Romance
All About Steve,2009,4.7,295,Comedy
Book of Shadows: Blair Witch 2,2000,4.3,212,Mystery Thriller Horror
The Craft,1996,6.3,380,Drama Fantasy Horror Thriller
Match Point,2005,7.3,1105,Drama Thriller Crime Romance
Ramona and Beezus,2010,6.1,245,Comedy Family
The Remains of the Day,1993,7.5,202,Drama Romance
Boogie Nights,1997,7.5,796,Drama
Nowhere to Run,1993,5.5,119,Action Adventure Drama Thriller
Flicka,2006,6.1,52,Drama
The Hills Have Eyes 2,2007,5.2,351,Horror Thriller
Urban Legends: Final Cut,2000,4.4,100,Horror
Tuck Everlasting,2002,6.4,128,Fantasy Drama Science Fiction Romance Family
The Marine,2006,5.0,163,Action Adventure Drama Thriller
Keanu,2016,6.0,421,Action Comedy
Country Strong,2010,5.9,80,Drama Romance
Disturbing Behavior,1998,5.5,104,Mystery Horror Science Fiction
The Place Beyond the Pines,2013,6.8,1653,Drama Crime
The November Man,2014,6.0,639,Crime Action Thriller
Eye of the Beholder,1999,5.3,42,Drama Mystery Thriller
The Hurt Locker,2008,7.2,1840,Drama Thriller War
Firestarter,1984,5.9,173,Fantasy Drama Horror Action Thriller
Killing Them Softly,2012,5.8,742,Crime Thriller
A Most Wanted Man,2014,6.5,541,Thriller
Freddy Got Fingered,2001,4.6,115,Comedy
VeggieTales: The Pirates Who Don't Do Anything,2008,5.9,25,Adventure Animation Comedy Science Fiction Family
U2 3D,2007,6.7,10,Music Documentary
Highlander: Endgame,2000,4.4,104,Action Fantasy Science Fiction
Idlewild,2006,5.1,17,Crime Drama Music
One Day,2011,7.0,978,Drama Romance
Whip It,2009,6.7,357,Drama
Knockaround Guys,2001,5.9,97,Crime Thriller
Confidence,2003,6.4,126,Action Comedy Thriller Crime
The Muse,1999,5.3,31,Fantasy Comedy
De-Lovely,2004,6.3,32,Drama Music
New York Stories,1989,6.2,64,Comedy Drama Romance
Barney's Great Adventure,1998,2.9,8,Family
The Man with the Iron Fists,2012,5.2,358,Action
Home Fries,1998,4.8,32,Drama Comedy Romance
Here On Earth,2000,5.4,48,Romance
Brazil,1985,7.5,861,Comedy Science Fiction
Raise Your Voice,2004,6.0,211,Music Drama Romance
The Big Lebowski,1998,7.8,2926,Comedy Crime
Black Snake Moan,2006,6.6,243,Drama
Dark Blue,2002,6.5,85,Action Crime Drama Thriller
A Mighty Heart,2007,6.7,95,Drama Thriller
Whatever It Takes,2000,5.0,37,Drama Comedy Romance
Boat Trip,2002,4.7,146,Comedy
The Importance of Being Earnest,2002,6.7,127,Comedy Drama History Romance
The Love Letter,1998,4.7,3,Comedy Drama Fantasy Romance
Hoot,2006,5.5,44,Drama Family
In Bruges,2008,7.4,1388,Comedy Drama Crime
Peeples,2013,5.6,26,Comedy
The Rocker,2008,5.6,156,Comedy Music
Post Grad,2009,5.0,100,Comedy
Promised Land,2012,6.0,243,Drama
Whatever Works,2009,6.8,350,Comedy Romance
The In Crowd,2000,4.7,15,Thriller
The Three Burials of Melquiades Estrada,2005,7.0,177,Adventure Crime Drama Mystery Western
Jakob the Liar,1999,6.0,90,Comedy Drama History
Kiss Kiss Bang Bang,2005,7.2,886,Action Comedy Crime Mystery
Idle Hands,1999,6.1,182,Thriller Comedy Horror
Mulholland Drive,2001,7.6,1477,Thriller Drama Mystery
Blood and Chocolate,2007,5.4,87,Drama Fantasy Horror Romance
You Will Meet a Tall Dark Stranger,2010,5.8,251,Comedy Drama Romance
Never Let Me Go,2010,6.8,737,Drama Romance Science Fiction
The Company,2007,7.0,12,Drama
Transsiberian,2008,6.5,195,Thriller Crime Mystery
The Clan of the Cave Bear,1986,4.8,27,Adventure Drama
Crazy in Alabama,1999,6.5,12,Comedy Drama
Funny Games,2007,6.3,545,Horror Thriller Crime
Listening,2015,5.5,31,Drama Thriller Science Fiction
Felicia's Journey,1999,6.6,23,Drama
Metropolis,1927,8.0,657,Drama Science Fiction
District B13,2004,6.5,565,Action Thriller Science Fiction
Things to Do in Denver When You're Dead,1995,6.7,85,Drama Crime
The Assassin,2015,6.6,157,Action Drama History
Buffalo Soldiers,2001,6.5,93,Drama Comedy War Crime Thriller
The Return,2003,7.4,100,Thriller Drama Mystery
Ong Bak 2,2008,6.0,152,Adventure Action Thriller
Centurion,2010,5.9,386,Adventure Action Drama
Silent Trigger,1996,5.0,22,Drama Action Thriller
The Midnight Meat Train,2008,6.0,290,Mystery Drama Crime Thriller Horror
Winnie Mandela,2011,5.2,5,Drama
The Son of No One,2011,4.8,92,Drama Thriller Crime
All The Queen's Men,2001,6.1,7,Action Comedy Drama History
The Good Night,2007,5.7,41,Comedy Drama Romance Fantasy Music
Bathory: Countess of Blood,2008,5.6,31,Drama Fantasy
Khumba,2013,5.8,72,Animation Adventure Family
Automata,2014,5.6,670,Thriller Science Fiction
Dungeons & Dragons: Wrath of the Dragon God,2005,4.8,36,Action Adventure Fantasy
Chiamatemi Francesco - Il Papa della gente,2015,7.3,12,Drama
Shinjuku Incident,2009,6.7,65,Drama Action Thriller Crime
Pandaemonium,2001,4.5,2,Drama Foreign
Groundhog Day,1993,7.4,2301,Romance Fantasy Drama Comedy
Magic Mike XXL,2015,6.3,706,Comedy Drama Music
Romeo + Juliet,1996,6.7,1374,Drama Romance
Sarah's Key,2010,7.2,196,Drama War
Freedom,2014,5.8,9,Drama
Unforgiven,1992,7.7,1113,Western
Manderlay,2005,6.9,78,Drama
Slumdog Millionaire,2008,7.6,2827,Drama Romance
Fatal Attraction,1987,6.6,291,Drama Romance Thriller
Pretty Woman,1990,7.0,1746,Romance Comedy
Crocodile Dundee II,1988,5.5,303,Adventure Comedy
Broken Horses,2015,5.0,10,Thriller Mystery Drama Crime
Born on the Fourth of July,1989,6.7,395,Drama War
Cool Runnings,1993,6.8,491,Comedy
My Bloody Valentine,2009,5.3,299,Mystery Horror
Stomp the Yard,2007,6.1,88,Drama Music
The Spy Who Loved Me,1977,6.6,507,Adventure Action Thriller
Urban Legend,1998,5.6,290,Horror Thriller
Good Deeds,2012,6.2,45,Comedy Drama Romance
White Fang,1991,6.5,135,Action Adventure Drama Family
Superstar,1999,5.1,83,Comedy Family
The Iron Lady,2011,6.2,527,History Drama
Jonah: A VeggieTales Movie,2002,6.4,22,Action Adventure Animation Comedy Family
Poetic Justice,1993,6.9,47,Drama Romance
All About the Benjamins,2002,5.8,48,Action Adventure Comedy
Vampire in Brooklyn,1995,4.5,111,Comedy Horror Romance
Exorcist II: The Heretic,1977,4.5,133,Horror Thriller Fantasy
An American Haunting,2005,5.3,142,Horror Thriller
My Boss's Daughter,2003,4.4,180,Comedy Romance
A Perfect Getaway,2009,6.2,351,Thriller Mystery Adventure
Our Family Wedding,2010,5.7,39,Comedy
Dead Man on Campus,1998,5.6,49,Comedy
Tea with Mussolini,1999,5.8,32,Comedy Drama War
Thinner,1996,5.5,124,Horror Thriller
"New York, New York",1977,6.1,67,Drama Music Romance
Crooklyn,1994,6.7,31,Comedy Drama
I Think I Love My Wife,2007,5.0,55,Comedy Romance
Jason X,2001,4.5,291,Horror Science Fiction
Bobby,2006,6.4,119,History Drama
Head Over Heels,2001,5.3,73,Comedy Romance
Fun Size,2012,5.5,134,Comedy
The Diving Bell and the Butterfly,2007,7.4,283,Drama
Little Children,2006,6.9,240,Romance Drama
Gossip,2000,5.5,68,Drama Mystery Thriller
A Walk on the Moon,1999,6.2,21,Drama Romance
Catch a Fire,2006,6.4,25,Action Drama Thriller
Soul Survivors,2001,4.4,49,Horror Mystery Thriller
Jefferson in Paris,1995,5.2,10,Drama Romance
Easy Virtue,2008,6.3,108,Comedy Romance
Caravans,1978,5.8,1,Action Adventure Drama Romance
Mr. Turner,2014,6.3,204,History Drama
Wild Grass,2009,5.8,22,Drama Romance
Amen.,2002,7.1,75,Drama History
Reign of Assassins,2010,6.7,57,History Action
The Lucky Ones,2008,6.3,55,Comedy Drama History
Margaret,2011,6.1,86,Drama
Stan Helsing,2009,4.0,97,Comedy Horror
Flipped,2010,7.4,418,Romance Drama
Brokeback Mountain,2005,7.5,1480,Drama Romance
Clueless,1995,6.9,803,Comedy Drama Romance
Far from Heaven,2002,6.9,144,Drama Romance
Hot Tub Time Machine 2,2015,5.0,354,Comedy
Quills,2000,6.8,128,Drama
Seven Psychopaths,2012,6.7,1206,Comedy Crime
The Caveman's Valentine,2001,6.0,27,Drama Mystery Thriller
Downfall,2004,7.7,1037,Drama History War
The Sea Inside,2004,7.2,219,Drama
Under the Skin,2014,6.0,1102,Thriller Science Fiction Drama
"Good Morning, Vietnam",1987,7.1,642,Comedy Drama War
The Last Godfather,2010,4.7,7,Action Comedy Thriller
Justin Bieber: Never Say Never,2011,4.8,154,Documentary Music Family
Black Swan,2010,7.3,4430,Drama Thriller
The Godfather: Part II,1974,8.3,3338,Drama Crime
Save the Last Dance,2001,6.3,352,Drama Family Romance Music
A Nightmare on Elm Street 4: The Dream Master,1988,5.8,281,Horror Thriller
Miracles from Heaven,2016,6.7,186,Drama
"Dude, Where’s My Car?",2000,5.2,509,Comedy
Young Guns,1988,6.6,258,Crime Action Adventure Drama Western
St. Vincent,2014,7.1,763,Comedy
About Last Night,2014,6.0,210,Comedy Romance
10 Things I Hate About You,1999,7.3,1701,Comedy Romance Drama
The New Guy,2002,5.7,151,Comedy Family
National Lampoon's Loaded Weapon 1,1993,5.7,157,Comedy
The Shallows,2016,6.2,1567,Horror Drama Thriller
The Butterfly Effect,2004,7.3,2060,Science Fiction Thriller
Snow Day,2000,4.8,51,Comedy Family
This Christmas,2007,7.1,29,Comedy Drama
Baby Geniuses,1999,3.3,75,Science Fiction Comedy Family
The Big Hit,1998,6.1,109,Action Adventure Comedy Thriller
Harriet the Spy,1996,5.7,46,Comedy Drama Family
Child's Play 2,1990,5.8,308,Drama Horror
No Good Deed,2014,5.6,181,Crime Thriller
The Mist,2007,6.7,1399,Science Fiction Horror Thriller
Ex Machina,2015,7.6,4737,Drama Science Fiction
Being John Malkovich,1999,7.3,1101,Fantasy Drama Comedy
Two Can Play That Game,2001,6.6,17,Comedy Romance
Earth to Echo,2014,5.7,290,Family Adventure Science Fiction
Crazy/Beautiful,2001,6.6,96,Drama Romance
Letters from Iwo Jima,2006,7.2,541,Action Adventure Drama War
The Astronaut Farmer,2006,6.2,123,Adventure Comedy Drama Science Fiction
Woo,1998,5.5,10,Comedy Romance
Room,2015,8.1,2757,Drama Thriller
Dirty Work,1998,6.5,66,Comedy
Serial Mom,1994,6.4,135,Comedy Crime Horror Thriller
Dick,1999,5.7,67,Comedy
Light It Up,1999,6.6,7,Drama Thriller
54,1998,5.5,135,Music Drama
Bubble Boy,2001,5.1,163,Adventure Comedy Drama Romance
Birthday Girl,2001,6.1,103,Comedy Crime Thriller
21 & Over,2013,5.7,737,Comedy
"Paris, je t'aime",2006,6.8,207,Drama Romance
Resurrecting the Champ,2007,5.9,60,Drama
Admission,2013,5.4,304,Comedy Drama Romance
The Widow of Saint-Pierre,2000,6.7,11,Romance Drama
Chloe,2009,5.9,498,Drama Thriller Mystery
Faithful,1996,4.8,4,Comedy Crime Drama
Find Me Guilty,2006,6.5,138,Drama Action Comedy Crime
The Perks of Being a Wallflower,2012,7.7,2968,Drama Romance
Excessive Force,1993,4.5,10,Action
Infamous,2006,6.4,60,Drama
The Claim,2000,5.6,17,Drama Romance Western
The Vatican Tapes,2015,4.6,243,Thriller Horror
Attack the Block,2011,6.3,733,Action Comedy Science Fiction
In the Land of Blood and Honey,2011,5.8,45,Drama Romance War
The Call,2013,6.6,1257,Crime Thriller
Operation Chromite,2016,5.8,29,History Drama War Action
The Crocodile Hunter: Collision Course,2002,5.3,34,Family Action Adventure
I Love You Phillip Morris,2009,6.4,503,Comedy Drama Romance
Quest for Fire,1981,7.1,109,Adventure Drama
Antwone Fisher,2002,6.7,137,Drama Romance
The Emperor's Club,2002,6.9,96,Drama Romance
True Romance,1993,7.5,749,Action Thriller Crime Romance
Womb,2010,5.9,92,Romance Science Fiction
Glengarry Glen Ross,1992,7.5,323,Crime Drama Mystery
The Killer Inside Me,2010,6.0,173,Crime Drama Thriller
Cat People,1982,6.0,94,Drama Fantasy Horror Thriller
Sorority Row,2009,5.4,177,Horror Mystery Thriller
The Prisoner of Zenda,1937,8.4,11,Adventure Drama Romance
Lars and the Real Girl,2007,7.1,509,Comedy Romance Drama
The Boy in the Striped Pyjamas,2008,7.7,1451,War Drama
Dancer in the Dark,2000,7.6,377,Drama Crime Music
Oscar and Lucinda,1997,6.2,25,Drama Romance
The Funeral,1996,7.3,31,Crime Drama
Solitary Man,2009,5.8,84,Comedy Drama Romance
Machete,2010,6.3,1150,Action Comedy Thriller
Casino Jack,2010,6.0,94,Crime Comedy Drama
The Land Before Time,1988,7.0,640,Animation Adventure Family
Tae Guk Gi: The Brotherhood of War,2004,7.4,133,Action Adventure Drama History War
The Perfect Game,2010,6.3,30,Drama Family
The Exorcist,1973,7.5,2005,Drama Horror Thriller
Jaws,1975,7.5,2542,Horror Thriller Adventure
American Pie,1999,6.4,2296,Comedy Romance
Ernest & Celestine,2012,7.6,142,Animation Comedy Drama Family
The Golden Child,1986,5.6,304,Action Adventure Comedy
Think Like a Man,2012,6.9,281,Comedy Romance
Barbershop,2002,6.2,137,Comedy Drama
Star Trek II: The Wrath of Khan,1982,7.3,675,Action Adventure Science Fiction Thriller
Ace Ventura: Pet Detective,1994,6.4,1648,Comedy Mystery
WarGames,1983,7.0,504,Thriller Science Fiction
Witness,1985,7.0,375,Crime Drama Romance Thriller
Act of Valor,2012,6.3,417,Action Thriller War
Step Up,2006,6.7,1060,Music Drama Romance Crime
Beavis and Butt-Head Do America,1996,6.5,168,Animation Comedy
Jackie Brown,1997,7.3,1514,Comedy Crime Romance
Harold & Kumar Escape from Guantanamo Bay,2008,6.2,497,Comedy Adventure
Chronicle,2012,6.6,1935,Science Fiction Drama Thriller
Yentl,1983,6.2,51,Music Drama Romance
Time Bandits,1981,6.6,249,Family Fantasy Science Fiction Adventure Comedy
Crossroads,2002,4.7,158,Action Adventure Comedy Drama Family
Project X,2012,6.5,1564,Comedy Crime
Patton,1970,7.3,323,Drama History War
One Hour Photo,2002,6.6,435,Horror Thriller
Quarantine,2008,5.5,339,Horror Science Fiction Thriller
The Eye,2008,5.5,281,Drama Horror Thriller
Johnson Family Vacation,2004,4.7,30,Comedy Family
How High,2001,6.3,218,Comedy
The Muppet Christmas Carol,1992,7.2,212,Comedy Family Fantasy Drama
Frida,2002,7.3,383,Drama Romance
Katy Perry: Part of Me,2012,6.5,85,Documentary Music
The Fault in Our Stars,2014,7.6,3759,Romance Drama
Rounders,1998,6.9,439,Drama Crime
Top Five,2014,6.3,210,Drama Comedy
Prophecy,1979,5.4,25,Horror Science Fiction
Stir of Echoes,1999,6.5,330,Horror Mystery Thriller
Philomena,2013,7.4,579,Drama
The Upside of Anger,2005,6.4,72,Comedy Drama
The Boys from Brazil,1978,6.6,101,Horror Drama Thriller Science Fiction
Aquamarine,2006,5.8,364,Fantasy Romance Family Comedy
Paper Towns,2015,6.1,1937,Drama Mystery Romance
My Baby's Daddy,2004,4.3,15,Comedy
Nebraska,2013,7.4,636,Drama Adventure
Tales from the Crypt: Demon Knight,1995,6.7,94,Horror Comedy Thriller
Max Keeble's Big Move,2001,5.4,33,Comedy Family Fantasy Science Fiction
Young Adult,2011,5.6,364,Comedy Drama
Crank,2006,6.6,1151,Action Thriller Crime
Def Jam's How to Be a Player,1997,5.3,8,Comedy Romance
Living Out Loud,1998,5.3,11,Comedy Drama Romance
Just Wright,2010,6.1,99,Comedy Drama Romance
Rachel Getting Married,2008,6.1,163,Drama
The Postman Always Rings Twice,1981,6.4,110,Romance Crime Drama
Girl with a Pearl Earring,2003,6.4,377,Drama Romance
Das Boot,1981,7.9,613,Action Drama History War Adventure
Sorority Boys,2002,4.6,47,Comedy
About Time,2013,7.8,2067,Comedy Drama Science Fiction
House of Flying Daggers,2004,7.1,439,Adventure Drama Action Romance
Arbitrage,2012,6.1,294,Drama Thriller
Project Almanac,2015,6.4,933,Science Fiction Thriller
Cadillac Records,2008,6.9,86,Drama History Music
Screwed,2000,4.9,23,Action Comedy
Fortress,1992,5.7,168,Action Thriller Science Fiction
For Your Consideration,2006,5.9,43,Comedy Drama
Celebrity,1998,6.0,111,Drama Comedy
Running with Scissors,2006,5.8,78,Drama Comedy
From Justin to Kelly,2003,3.0,23,Comedy Romance
Girl 6,1996,5.7,16,Comedy
In the Cut,2003,4.6,89,Mystery Thriller
Two Lovers,2008,6.6,154,Drama Romance
Last Orders,2001,6.0,22,Comedy Drama
The Host,2006,6.7,537,Horror Drama Science Fiction
The Pursuit of D.B. Cooper,1981,6.8,4,Adventure Crime Thriller
Ravenous,1999,6.9,141,Comedy Horror Thriller Western
Charlie Bartlett,2008,6.5,225,Comedy Drama
The Great Beauty,2013,7.3,720,Comedy Drama
The Dangerous Lives of Altar Boys,2002,6.4,53,Comedy Drama
Stoker,2013,6.5,882,Drama Horror Thriller
2046,2004,6.9,206,Fantasy Drama Science Fiction Romance
Married Life,2007,6.1,38,Crime Drama Romance
Duma,2005,6.9,41,Adventure Drama Family
Ondine,2009,6.5,84,Drama Romance
Brother,2000,6.8,107,Crime Drama Thriller
Welcome to Collinwood,2002,6.2,50,Comedy
Critical Care,1997,6.1,9,Comedy Drama
The Life Before Her Eyes,2007,6.1,88,Thriller Drama Mystery
Darling Companion,2012,5.3,22,Drama Romance
Trade,2007,6.8,67,Drama Thriller
Fateless,2005,6.5,28,War Drama
Breakfast of Champions,1999,5.2,28,Comedy
"A Woman, a Gun and a Noodle Shop",2009,4.8,13,Comedy Drama Thriller
Cypher,2002,6.7,192,Thriller Science Fiction Mystery
City of Life and Death,2009,7.6,55,Drama History War
Legend of a Rabbit,2011,3.0,3,Animation Family Action Adventure Comedy
Space Battleship Yamato,2010,6.3,59,Science Fiction
5 Days of War,2011,5.8,62,War Drama
Triangle,2009,6.9,612,Horror
10 Days in a Madhouse,2015,4.3,5,Drama
Heaven is for Real,2014,6.0,229,Drama
Snatch,2000,7.7,2912,Thriller Crime
Dancin' It's On,2015,4.3,2,Drama Romance
Pet Sematary,1989,6.4,407,Drama Horror
Madadayo,1993,7.5,20,Drama
The Cry of the Owl,2009,5.5,29,Drama
A Tale of Three Cities,2015,6.3,5,Drama History Romance
Gremlins,1984,6.9,1596,Fantasy Horror Comedy
Star Wars,1977,8.1,6624,Adventure Action Science Fiction
Dirty Grandpa,2016,5.7,1406,Comedy
Doctor Zhivago,1965,7.4,247,Drama Romance War
Trash,2014,7.1,242,Adventure Crime Drama Thriller
High School Musical 3: Senior Year,2008,6.2,821,Comedy Drama Family Music Romance
The Fighter,2010,7.2,1486,Drama
Jackass Number Two,2006,6.4,298,Action Comedy Documentary
My Cousin Vinny,1992,7.3,384,Comedy Drama
If I Stay,2014,7.3,1368,Drama
Drive Hard,2014,3.9,74,Action Comedy Crime
Major League,1989,6.6,217,Comedy
St. Trinian's,2007,5.6,142,Comedy Family Science Fiction
Phone Booth,2002,6.7,1062,Thriller Drama
A Walk to Remember,2002,7.5,1018,Drama Romance
Dead Man Walking,1995,7.3,337,Drama
Cruel Intentions,1999,6.6,827,Drama Romance Thriller
Saw VI,2009,6.0,722,Horror Mystery
History of the World: Part I,1981,6.5,204,Comedy
The Secret Life of Bees,2008,7.4,158,Adventure
Corky Romano,2001,4.1,54,Action Comedy Crime
Raising Cain,1992,5.9,65,Drama Horror Thriller Crime
F.I.S.T.,1978,6.4,29,Drama Action
Invaders from Mars,1986,5.5,57,Science Fiction
Brooklyn,2015,7.2,1213,Drama Romance
Barry Lyndon,1975,7.7,505,Drama Romance War
Out Cold,2001,5.8,53,Comedy
The Ladies Man,2000,5.7,34,Comedy
Quartet,2012,6.3,139,Drama Comedy Romance
Tomcats,2001,4.9,74,Comedy Romance
Frailty,2001,7.0,334,Drama Thriller Crime
Woman in Gold,2015,7.3,440,Drama
Kinsey,2004,6.6,131,Drama
Army of Darkness,1992,7.3,838,Fantasy Horror Comedy
Slackers,2002,5.4,60,Comedy Romance
What's Eating Gilbert Grape,1993,7.5,919,Romance Drama
The Visual Bible: The Gospel of John,2003,8.2,12,Drama History
Vera Drake,2004,6.8,80,Crime Drama
The Guru,2002,5.1,75,Comedy Romance
The Perez Family,1995,6.6,9,Comedy Drama Romance
Inside Llewyn Davis,2013,7.2,834,Drama Music
O,2001,5.8,75,Drama Romance Thriller
Return to the Blue Lagoon,1991,5.1,153,Drama Adventure Romance
The Molly Maguires,1970,5.9,16,Drama History
Romance & Cigarettes,2005,6.0,33,Comedy Music Romance
Copying Beethoven,2006,6.2,42,Drama
Brighton Rock,2010,5.6,35,Drama Thriller Crime
Saw V,2008,5.9,820,Horror Thriller Crime
Machine Gun McCain,1969,7.3,6,Drama Action Thriller Crime Foreign
LOL,2012,5.9,881,Drama Comedy Romance
Jindabyne,2006,5.7,25,Crime Drama Mystery Thriller
Kabhi Alvida Naa Kehna,2006,6.1,42,Drama Romance
An Ideal Husband,1999,6.3,46,Drama Comedy Romance
The Last Days on Mars,2013,5.2,302,Science Fiction Thriller Horror
Darkness,2002,5.6,112,Horror
2001: A Space Odyssey,1968,7.9,2998,Science Fiction Mystery Adventure
E.T. the Extra-Terrestrial,1982,7.3,3269,Science Fiction Adventure Family Fantasy
In the Land of Women,2007,5.8,160,Romance Comedy Drama
The Blue Butterfly,2004,6.8,6,Adventure Drama Family
There Goes My Baby,1994,8.5,2,Drama Comedy
Housefull,2010,5.2,29,Drama Comedy Romance Foreign
September Dawn,2007,5.0,16,Drama Action History Western Romance
For Greater Glory - The True Story of Cristiada,2012,6.4,35,History Drama
The Bélier Family,2014,7.0,766,Comedy Drama Music
Good Will Hunting,1997,7.9,2811,Drama
Misconduct,2016,5.3,149,Drama Thriller
Saw III,2006,6.1,1071,Horror Thriller Crime
Stripes,1981,6.5,249,Action Comedy
Bring It On,2000,5.8,568,Comedy
The Purge: Election Year,2016,6.1,1306,Action Horror Thriller
She's All That,1999,5.7,418,Comedy Romance
Saw IV,2007,5.9,903,Horror Thriller Crime
White Noise,2005,5.6,261,Drama Horror Thriller
Madea's Family Reunion,2006,6.0,77,Drama Comedy Romance
The Color of Money,1986,6.7,291,Drama
The Longest Day,1962,7.2,234,Action Drama History War
The Mighty Ducks,1992,6.4,198,Comedy Family
The Grudge,2004,5.8,865,Horror Mystery Thriller
Happy Gilmore,1996,6.5,755,Comedy
Jeepers Creepers,2001,6.1,720,Horror Thriller
Bill & Ted's Excellent Adventure,1989,6.7,454,Adventure Comedy Science Fiction
Oliver!,1968,7.0,103,Drama Family Music
The Best Exotic Marigold Hotel,2011,6.9,459,Drama Comedy
Recess: School's Out,2001,6.6,67,Science Fiction Animation Comedy Family
Mad Max Beyond Thunderdome,1985,5.9,748,Action Adventure Science Fiction
Commando,1985,6.4,742,Action Adventure Thriller
The Boy,2016,5.8,1102,Horror Mystery Thriller
Devil,2010,5.8,816,Horror Mystery Thriller
Friday After Next,2002,6.0,100,Comedy
Insidious: Chapter 3,2015,6.2,983,Drama Horror Thriller
The Last Dragon,1985,6.4,69,Action Adventure Comedy
The Lawnmower Man,1992,5.4,197,Horror Thriller Science Fiction
Nick and Norah's Infinite Playlist,2008,6.4,379,Comedy Music Romance
Dogma,1999,6.8,823,Fantasy Comedy Adventure
The Banger Sisters,2002,5.5,62,Comedy Drama
Twilight Zone: The Movie,1983,6.2,161,Drama Fantasy Horror Science Fiction Thriller
Road House,1989,6.3,252,Action Thriller
A Low Down Dirty Shame,1994,6.0,31,Action Comedy Crime
Swimfan,2002,5.0,70,Drama Thriller
Employee of the Month,2006,5.3,153,Comedy Romance
Can't Hardly Wait,1998,6.1,122,Comedy Drama Romance
The Outsiders,1983,6.9,291,Crime Drama
Pete's Dragon,2016,6.2,679,Adventure Family Fantasy
The Dead Zone,1983,6.9,311,Horror Science Fiction Thriller
Sinister 2,2015,5.4,581,Horror
Sparkle,2012,5.8,36,Drama Music
Valentine,2001,5.0,114,Horror Thriller
The Fourth Kind,2009,5.8,441,Mystery Science Fiction Thriller
A Prairie Home Companion,2006,6.4,81,Drama Comedy Music
Sugar Hill,1994,5.2,13,Drama Action Thriller
Invasion U.S.A.,1985,5.3,49,Action Thriller
Roll Bounce,2005,6.1,27,Comedy Drama Family
Rushmore,1998,7.5,676,Comedy Drama
Skyline,2010,4.7,507,Science Fiction
The Second Best Exotic Marigold Hotel,2015,6.3,272,Drama Comedy
Kit Kittredge: An American Girl,2008,6.4,34,Comedy Drama Family
The Perfect Man,2005,5.5,203,Comedy Drama Family Romance
Mo' Better Blues,1990,6.3,47,Drama Romance
Kung Pow: Enter the Fist,2002,6.1,159,Action Comedy
Tremors,1990,6.6,864,Action Horror
Wrong Turn,2003,6.0,635,Horror Thriller
The Long Riders,1980,6.6,50,Western History
The Corruptor,1999,6.0,57,Action Crime Mystery Thriller
Mud,2013,7.0,1068,Drama
Reno 911!: Miami,2007,5.6,72,Action Adventure Comedy Crime
One Direction: This Is Us,2013,8.0,201,Documentary Music
"The Goods: Live Hard, Sell Hard",2009,5.4,58,Comedy
Hey Arnold! The Movie,2002,5.6,62,Animation Family
My Week with Marilyn,2011,6.6,406,Drama
The Matador,2005,6.2,136,Action Comedy Crime Drama Thriller
Love Jones,1997,8.1,12,Comedy Drama Romance
The Gift,2015,6.7,1049,Thriller Mystery
End of the Spear,2005,6.1,15,Adventure Drama
Get Over It,2001,5.5,75,Comedy Romance
Office Space,1999,7.4,1050,Comedy Crime
Drop Dead Gorgeous,1999,6.4,86,Comedy
Big Eyes,2014,6.8,1196,Drama
Very Bad Things,1998,6.2,179,Comedy Crime Thriller
Sleepover,2004,5.3,101,Comedy Family
Body Double,1984,6.4,137,Crime Mystery Horror Thriller
MacGruber,2010,5.1,179,Action Adventure Comedy
Dirty Pretty Things,2002,6.8,131,Crime Drama Thriller
Movie 43,2013,4.4,797,Comedy
Over Her Dead Body,2008,5.3,145,Comedy
Seeking a Friend for the End of the World,2012,6.3,700,Comedy Drama Romance Science Fiction
Cedar Rapids,2011,5.9,135,Comedy
American History X,1998,8.2,3016,Drama
The Collection,2012,5.9,289,Horror Thriller
Teacher's Pet,2004,5.5,2,Animation Drama Family Music
The Red Violin,1998,7.3,99,Drama Thriller Mystery Music Romance
The Straight Story,1999,7.7,306,Drama
Deuces Wild,2002,5.5,34,Action Crime Drama Romance
Bad Words,2013,6.4,334,Comedy
"Run, Fatboy, Run",2007,6.2,238,Comedy Romance
Heartbeeps,1981,3.8,6,Comedy Romance Family
Black or White,2014,6.5,115,Drama
On the Line,2001,4.1,10,Comedy Family Romance
Rescue Dawn,2006,6.9,336,Adventure Drama War
Danny Collins,2015,6.6,183,Comedy Drama Music
"Jeff, Who Lives at Home",2011,6.1,217,Drama Comedy
I Am Love,2009,6.9,73,Drama Romance
Atlas Shrugged Part II,2012,5.4,41,Drama Science Fiction Mystery
Romeo Is Bleeding,1993,5.7,36,Action Crime Drama Thriller
The Limey,1999,6.6,105,Action Crime Drama Mystery Thriller
Crash,2004,7.2,1149,Drama
The House of Mirth,2000,6.4,25,Drama Romance
Malone,1987,6.8,15,Action Thriller
Peaceful Warrior,2006,7.3,90,Drama Romance
Bucky Larson: Born to Be a Star,2011,4.4,51,Comedy
Bamboozled,2000,6.3,24,Comedy Drama
The Forest,2016,4.8,448,Horror Thriller
Sphinx,1981,6.0,2,Adventure Mystery Thriller
While We're Young,2015,5.8,383,Comedy Drama Mystery
A Better Life,2011,7.0,54,Drama
Spider,2002,6.4,168,Drama Mystery Thriller
Gun Shy,2000,5.4,24,Action Comedy Romance Thriller
Nicholas Nickleby,2002,6.8,49,Adventure Drama Action Family
The Iceman,2012,6.4,365,Thriller Crime Drama
Krrish,2006,5.5,46,Action Science Fiction
Cecil B. Demented,2000,6.2,51,Thriller Comedy Crime
Killer Joe,2011,6.5,425,Crime Drama Thriller
The Joneses,2009,6.1,210,Comedy Drama
Owning Mahowny,2003,6.8,37,Crime Drama Thriller
The Brothers Solomon,2007,4.9,46,Comedy
My Blueberry Nights,2007,6.0,190,Drama Romance
Illuminata,1998,6.3,7,Drama
Swept Away,2002,4.8,50,Comedy Romance
"War, Inc.",2008,5.6,86,Action Adventure Comedy Thriller
Shaolin Soccer,2001,6.6,491,Action Comedy
The Brown Bunny,2004,5.5,62,Drama
The Swindle,1997,6.4,5,Comedy Crime Thriller
Rosewater,2014,6.5,98,Drama
The Chambermaid on the Titanic,1997,5.3,3,Drama
Coriolanus,2011,5.9,131,Drama Thriller
Imaginary Heroes,2004,6.3,29,Comedy Drama
High Heels and Low Lifes,2001,6.4,12,Action Crime Comedy
World's Greatest Dad,2009,6.5,177,Comedy Romance
Severance,2006,6.4,169,Horror Comedy Thriller
Edmond,2005,6.0,50,Drama Thriller
Welcome to the Rileys,2010,6.4,139,Drama
Police Academy: Mission to Moscow,1994,4.1,178,Comedy Crime
Blood Done Sign My Name,2010,6.0,5,Drama Crime
Cinco de Mayo: La Batalla,2013,5.8,14,War History Drama
Elsa & Fred,2014,6.2,31,Comedy Family Romance
"An Alan Smithee Film: Burn, Hollywood, Burn",1998,3.0,9,Comedy
The Open Road,2009,4.8,19,Comedy Drama Romance
The Good Guy,2009,5.4,59,Comedy Romance
Motherhood,2009,4.7,44,Comedy Drama
Free Style,2008,5.8,4,Drama Family
Strangerland,2015,5.1,83,Drama Thriller
Janky Promoters,2009,7.0,5,Comedy
Blonde Ambition,2007,3.9,29,Comedy Romance
The Oxford Murders,2008,5.7,188,Crime Mystery Thriller
The Reef,2010,5.4,130,Drama Horror Thriller
Eulogy,2004,6.4,34,Comedy Drama
White Noise 2: The Light,2007,5.6,80,Thriller Drama Horror Fantasy
Beat the World,2011,4.3,16,Music Drama
Fifty Dead Men Walking,2008,6.1,35,Action Thriller
Jungle Shuffle,2014,6.5,1,Family Animation Adventure
Adam Resurrected,2008,6.4,22,Drama War
Of Horses and Men,2013,6.9,26,Drama Romance Comedy
It's a Wonderful Afterlife,2010,4.3,9,Comedy Romance
The Devil's Tomb,2009,4.0,53,Action Horror Thriller Science Fiction
Partition,2007,6.4,6,Drama Foreign Romance
Good Intentions,2010,5.0,6,Comedy
"The Good, The Bad, The Weird",2008,7.1,193,Action Adventure Comedy Western
Nurse 3-D,2013,4.9,119,Horror Thriller
Gunless,2010,6.7,27,Drama Action Comedy Western
Adventureland,2009,6.4,737,Comedy
The Lost City,2005,6.0,24,Drama Romance
Next Friday,2000,6.4,135,Comedy
American Heist,2014,4.3,158,Action
You Only Live Twice,1967,6.5,531,Action Thriller Adventure
Plastic,2014,6.1,86,Drama Action Comedy Crime
Amour,2012,7.5,400,Drama Romance
Poltergeist III,1988,4.5,123,Horror Thriller
Re-Kill,2015,4.9,34,Horror Science Fiction
"It's a Mad, Mad, Mad, Mad World",1963,7.0,140,Action Adventure Comedy Crime
Volver,2006,7.3,406,Comedy Drama Romance
Heavy Metal,1981,6.2,148,Animation Science Fiction
Gentlemen Broncos,2009,6.2,51,Action Comedy Thriller
Richard III,1995,6.9,49,Drama War
Into the Grizzly Maze,2015,5.1,74,Action Horror Thriller
Kites,2010,6.0,40,Drama Action Romance
Melancholia,2011,7.0,885,Drama Science Fiction
Red Dog,2011,7.1,83,Drama Comedy Family
Jab Tak Hai Jaan,2012,7.3,66,Drama Romance
Alien,1979,7.9,4470,Horror Action Thriller Science Fiction
The Texas Chain Saw Massacre,1974,7.2,590,Horror
The Runaways,2010,6.3,254,Drama Music
Fiddler on the Roof,1971,7.4,134,Drama Romance
Thunderball,1965,6.5,562,Adventure Action Thriller
Detention,2011,5.7,129,Horror Comedy Science Fiction
Loose Cannons,2010,7.0,118,Comedy Drama Romance
Set It Off,1996,6.9,66,Drama Action Crime
The Best Man,1999,6.8,38,Drama Comedy
Child's Play,1988,6.3,581,Horror Thriller
Sicko,2007,7.3,235,Documentary
The Purge: Anarchy,2014,6.6,1954,Horror Thriller
Down to You,2000,4.9,70,Comedy Drama Family Romance
Harold & Kumar Go to White Castle,2004,6.6,693,Comedy Adventure
The Contender,2000,6.7,60,Drama Thriller
Boiler Room,2000,6.5,201,Crime Drama Thriller
Trading Places,1983,7.1,738,Comedy
Black Christmas,2006,4.8,119,Horror Thriller
Breakin' All the Rules,2004,5.8,21,Comedy Romance
Henry V,1989,7.4,71,War Drama History Action Romance
The Savages,2007,6.8,110,Drama
Chasing Papi,2003,6.3,16,Comedy Romance
The Way of the Gun,2000,6.4,100,Action Crime Drama Thriller
Igby Goes Down,2002,6.5,95,Comedy Drama
PCU,1994,6.0,41,Comedy
The Ultimate Gift,2006,6.8,78,Romance Drama Family
The Ice Pirates,1984,5.7,49,Action Science Fiction Comedy
Gracie,2007,6.0,17,Drama
Trust the Man,2005,5.5,29,Comedy Drama Romance
Hamlet 2,2008,6.1,56,Comedy Music
Velvet Goldmine,1998,6.9,116,Drama Music
The Wailing,2016,7.2,250,Horror Mystery
Glee: The Concert Movie,2011,6.8,79,Documentary Music Family
The Legend of Suriyothai,2001,5.1,6,Drama Foreign History War
Two Evil Eyes,1990,6.0,35,Horror Thriller
Barbecue,2014,5.8,214,Comedy
All or Nothing,2002,7.0,33,Comedy Drama
Princess Kaiulani,2010,4.8,14,Drama
Opal Dream,2006,6.1,7,Drama Family Foreign
Flame & Citron,2008,6.8,68,Crime Drama History War
Undiscovered,2005,4.5,12,Comedy Romance
Red Riding: In the Year of Our Lord 1974,2009,7.0,54,Thriller Mystery Crime Drama
The Girl on the Train,2009,5.6,10,Drama Romance
Veronika Decides to Die,2009,5.8,75,Drama Romance
Crocodile Dundee,1986,6.3,503,Adventure Comedy
"Ultramarines: A Warhammer 40,000 Movie",2010,5.2,27,Animation Science Fiction
The I Inside,2004,5.9,62,Thriller Mystery Science Fiction
Beneath Hill 60,2010,7.3,40,Drama History War
Polisse,2011,7.9,285,Drama
Awake,2007,6.3,395,Thriller Crime Mystery
Star Wars: Clone Wars: Volume 1,2005,8.0,27,Action Adventure Animation Fantasy Science Fiction
Skin Trade,2014,5.6,61,Thriller Action Drama
The Lost Boys,1987,6.8,538,Horror Comedy
Crazy Heart,2009,6.8,274,Drama Music Romance
The Rose,1979,6.8,28,Drama Music Romance
Baggage Claim,2013,5.6,85,Comedy
Barbarella,1968,5.7,146,Science Fiction
Shipwrecked,1990,6.1,14,Adventure Family
Election,1999,6.7,270,Comedy
The Namesake,2006,6.8,50,Drama
The DUFF,2015,6.8,1322,Romance Comedy
Glitter,2001,3.4,38,Drama Romance
The Haunting in Connecticut 2: Ghosts of Georgia,2013,5.6,175,Horror Drama Thriller
Silmido,2003,6.6,28,Action Drama History
Bright Star,2009,6.8,107,Drama Romance
My Name Is Khan,2010,7.7,232,Drama Romance
All Is Lost,2013,6.6,671,Action Adventure Drama
Limbo,1999,7.0,17,Adventure Drama Thriller
Namastey London,2007,6.6,29,Drama Foreign Romance
The Wind That Shakes the Barley,2006,7.1,154,Drama History War
Yeh Jawaani Hai Deewani,2013,7.2,79,Romance
Quo Vadis,1951,7.0,63,Drama History Romance
Repo! The Genetic Opera,2008,6.7,100,Horror Comedy Music Science Fiction
Valley of the Wolves: Iraq,2006,4.3,7,Adventure Drama Action
Pulp Fiction,1994,8.3,8428,Thriller Crime
The Muppet Movie,1979,7.0,164,Adventure Comedy Family
Nightcrawler,2014,7.6,3395,Crime Drama Thriller
Club Dread,2004,5.1,107,Comedy Horror
The Sound of Music,1965,7.4,941,Drama Family Music Romance
Splash,1984,6.1,321,Comedy Fantasy Romance
Little Miss Sunshine,2006,7.5,1686,Comedy Drama
Stand by Me,1986,7.8,1522,Crime Drama
28 Days Later,2002,7.1,1777,Horror Thriller Science Fiction
You Got Served,2004,4.8,75,Drama
Escape from Alcatraz,1979,7.2,561,Crime Drama
Brown Sugar,2002,7.0,31,Comedy Romance
A Thin Line Between Love and Hate,1996,5.7,15,Comedy Thriller Crime Romance
50/50,2011,7.0,1261,Comedy Drama
Shutter,2008,5.3,180,Horror Mystery Thriller
That Awkward Moment,2014,6.1,1004,Comedy Romance
Modern Problems,1981,5.6,23,Comedy
Kicks,2016,7.5,18,Adventure
Much Ado About Nothing,1993,7.2,189,Drama Comedy Romance
On Her Majesty's Secret Service,1969,6.5,456,Adventure Action Thriller
New Nightmare,1994,6.4,291,Horror Thriller Mystery Fantasy
Drive Me Crazy,1999,5.8,62,Drama Comedy Romance Family
Akeelah and the Bee,2006,6.7,81,Drama
Half Baked,1998,6.4,177,Comedy Crime
New in Town,2009,5.2,99,Comedy
American Psycho,2000,7.3,2066,Thriller Drama Crime
The Good Girl,2002,6.1,181,Drama Comedy Romance
Bon Cop Bad Cop,2006,6.5,42,Action Comedy Crime
The Boondock Saints II: All Saints Day,2009,5.9,261,Action Thriller Crime
The City of Your Final Destination,2009,5.7,9,Drama
Enough Said,2013,6.6,348,Comedy Drama Romance
Easy A,2010,6.7,2210,Comedy
The Inkwell,1994,3.9,5,Comedy Drama Romance
Shadow of the Vampire,2000,6.6,148,Drama Horror
Prom,2011,5.7,134,Comedy
The Pallbearer,1996,4.6,30,Comedy Romance
Held Up,1999,4.9,11,Comedy
Woman on Top,2000,5.5,46,Comedy Drama Romance
Howards End,1992,6.9,95,Drama Romance
Anomalisa,2015,7.0,459,Animation Comedy Drama Romance
Another Year,2010,7.0,97,Comedy Drama
8 Women,2002,6.9,196,Comedy Thriller Music Crime Mystery
Showdown in Little Tokyo,1991,5.7,95,Action Thriller
Clay Pigeons,1998,6.3,39,Comedy Crime Drama Thriller
It's Kind of a Funny Story,2010,6.9,672,Comedy Drama
Made in Dagenham,2010,6.6,94,Comedy Drama History
When Did You Last See Your Father?,2007,6.9,13,Drama
Prefontaine,1997,6.7,21,Drama Romance
The Wicked Lady,1983,4.3,4,Drama Adventure
The Secret of Kells,2009,7.3,181,Animation Family Fantasy
Begin Again,2013,7.3,1254,Comedy Music Romance Drama
Down in the Valley,2005,5.9,63,Drama Romance
Brooklyn Rules,2007,5.8,18,Drama Action Thriller
Restless,2012,4.9,8,TV Movie Romance Drama
The Singing Detective,2003,5.9,41,Comedy Music Mystery Crime
The Land Girls,1998,7.0,3,Drama Romance War
Fido,2006,6.6,135,Romance Comedy Drama Horror
The Wendell Baker Story,2005,5.2,16,Comedy Drama Romance
Wild Target,2010,6.4,215,Action Comedy
Pathology,2008,5.6,144,Crime Horror Thriller
Wuthering Heights,2009,6.9,37,Drama
10th & Wolf,2006,6.3,24,Action Crime Drama Mystery Thriller
Dear Wendy,2005,5.6,33,Comedy Crime Drama Romance
Aloft,2014,5.1,41,Drama
Akira,1988,7.8,773,Science Fiction Animation
The Death and Life of Bobby Z,2007,5.8,103,Drama Action Thriller Crime
The Rocket: The Legend of Rocket Richard,2005,6.1,17,Drama
Swelter,2014,4.6,21,Action Drama Thriller
My Lucky Star,2013,4.3,8,Comedy Romance
Imagine Me & You,2005,7.0,177,Drama Comedy Romance
Mr. Church,2016,7.0,129,Drama
Swimming Pool,2003,6.4,153,Thriller Crime
Green Street Hooligans: Underground,2013,5.4,33,Action Drama
The Blood of Heroes,1989,5.9,31,Action Adventure Science Fiction
Code of Honor,2016,4.1,16,Action Crime Thriller
Driving Miss Daisy,1989,7.0,350,Comedy Drama
Soul Food,1997,6.6,19,Comedy Drama
Rumble in the Bronx,1995,6.5,240,Crime Action Comedy Thriller
Far from Men,2014,6.6,43,Drama War
Thank You for Smoking,2005,7.1,664,Comedy Drama
Hostel: Part II,2007,5.6,453,Horror
An Education,2009,6.8,409,Drama Romance
Shopgirl,2005,5.7,75,Comedy Drama Romance
The Hotel New Hampshire,1984,5.8,26,Comedy Drama
Narc,2002,6.8,142,Action Crime Drama Thriller
Men with Brooms,2002,4.5,7,Comedy
Witless Protection,2008,4.0,26,Action Adventure Comedy Crime
The Work and the Glory,2004,6.1,7,Drama Romance
Extract,2009,5.7,192,Comedy
Masked and Anonymous,2003,5.2,13,Drama Music
Betty Fisher and Other Stories,2001,7.0,3,Drama Thriller Crime Foreign
Code 46,2003,6.2,116,Drama Romance Science Fiction Thriller
Outside Bet,2012,5.8,2,Comedy
Albert Nobbs,2011,6.2,132,Drama
Black November,2012,6.4,4,Drama Action Crime
Ta Ra Rum Pum,2007,6.0,13,Family Comedy Romance
Persepolis,2007,7.7,450,Animation Drama
The Hole,2009,5.6,244,Thriller Adventure Fantasy
The Wave,2008,7.5,841,Drama Thriller
The Neon Demon,2016,6.4,887,Thriller Horror
Harry Brown,2009,6.7,348,Thriller Crime Drama Action
The Omega Code,1999,4.4,17,Horror Thriller
Juno,2007,7.0,2244,Comedy Drama Romance
Pound of Flesh,2015,5.5,63,Action
Diamonds Are Forever,1971,6.3,553,Adventure Action Thriller
The Godfather,1972,8.4,5893,Drama Crime
Flashdance,1983,6.1,302,Drama Music Romance
(500) Days of Summer,2009,7.2,2904,Comedy Drama Romance
The Piano,1993,7.1,281,Drama Romance
Magic Mike,2012,6.1,1040,Drama Comedy
Darkness Falls,2003,4.9,161,Thriller Horror
Live and Let Die,1973,6.4,533,Adventure Action Thriller
My Dog Skip,2000,6.5,69,Comedy Drama Family
"Definitely, Maybe",2008,6.7,620,Comedy Romance
Jumping the Broom,2011,6.0,56,Comedy
"Good Night, and Good Luck.",2005,6.8,273,Drama History
Capote,2005,6.8,384,Crime Drama
Desperado,1995,6.8,881,Thriller Action Crime
Logan's Run,1976,6.6,269,Adventure Action Romance Science Fiction
The Man with the Golden Gun,1974,6.3,524,Adventure Action Thriller
Action Jackson,1988,4.9,50,Action Adventure Comedy Crime Drama
The Descent,2005,6.8,1005,Adventure Horror
Michael Jordan to the Max,2000,7.5,10,Documentary
Devil's Due,2014,4.4,216,Horror
Flirting with Disaster,1996,6.3,66,Comedy Romance
The Devil's Rejects,2005,6.6,322,Drama Horror Crime
Dope,2015,7.2,691,Crime Drama Comedy
In Too Deep,1999,6.2,17,Drama Action Thriller Crime
House of 1000 Corpses,2003,6.0,306,Horror
Alien Zone,1978,4.0,3,Horror Action Thriller Science Fiction
A Serious Man,2009,6.6,483,Comedy Drama
Get Low,2010,6.5,100,Comedy Drama Mystery
Warlock,1989,5.8,95,Adventure Comedy Fantasy Horror
Beyond the Lights,2014,7.0,139,Romance Drama
A Single Man,2009,7.3,463,Drama Romance
The Last Temptation of Christ,1988,7.0,201,Drama
Outside Providence,1999,5.6,30,Romance Comedy Drama
Bride & Prejudice,2004,6.5,110,Drama Comedy Music Romance
Rabbit-Proof Fence,2002,6.8,84,Adventure Drama Action History
Who's Your Caddy?,2007,3.8,18,Comedy
Split Second,1992,5.7,63,Thriller Action Horror Science Fiction Crime
The Other Side of Heaven,2001,6.7,14,Action Adventure Drama Family
Veer-Zaara,2004,7.4,64,Drama Romance
Redbelt,2008,6.4,76,Drama
Cyrus,2010,6.1,133,Comedy Drama Romance
A Dog Of Flanders,1999,6.4,6,Drama Family
Auto Focus,2002,6.1,56,Drama Crime
Factory Girl,2006,6.2,81,Drama
We Need to Talk About Kevin,2011,7.4,677,Drama Thriller
The Christmas Candle,2013,5.8,8,Drama Family
The Mighty Macs,2009,5.0,15,Action Drama
Losin' It,1983,4.5,31,Comedy
Mother and Child,2009,6.7,46,Drama Romance
March or Die,1977,6.2,16,Action Adventure Drama War
The Visitors,1993,7.1,420,Fantasy Comedy Science Fiction
Somewhere,2010,6.0,208,Comedy Drama
I Hope They Serve Beer in Hell,2009,5.7,20,Comedy Drama
Chairman of the Board,1998,2.7,13,Comedy
Hesher,2010,6.7,212,Drama
Dom Hemingway,2013,5.8,212,Comedy Crime Drama
Gerry,2002,6.2,68,Mystery Drama Adventure
The Heart of Me,2002,7.7,5,Drama Romance
Freeheld,2015,7.1,164,Romance Drama
The Extra Man,2010,5.9,29,Comedy
Hard to Be a God,2013,6.7,41,Drama Science Fiction
Ca$h,2010,6.0,73,Crime Thriller Comedy
Wah-Wah,2005,6.3,8,Drama
The Boondock Saints,1999,7.2,837,Action Thriller Crime
Z Storm,2014,5.8,5,Crime Thriller
Twixt,2011,5.0,85,Horror Thriller
The Snow Queen,2012,5.1,47,Animation Fantasy
Alpha and Omega: The Legend of the Saw Tooth Cave,2014,6.5,4,Family Animation Comedy Adventure
Pale Rider,1985,7.0,251,Romance Western
Stargate: The Ark of Truth,2008,6.9,140,Adventure Science Fiction
Dazed and Confused,1993,7.4,583,Comedy Drama
High School Musical 2,2007,6.1,843,Comedy Drama Family Music
Two Lovers and a Bear,2016,6.8,27,Drama Romance
Criminal Activities,2015,5.8,110,Thriller Crime Drama
Aimee & Jaguar,1999,6.3,20,Drama History Romance
The Chumscrubber,2005,6.7,62,Comedy Drama
Shade,2003,6.1,73,Action Thriller Crime
House at the End of the Street,2012,5.6,555,Horror Thriller
Incendies,2010,7.9,479,Drama War Mystery
"Remember Me, My Love",2003,5.8,44,Drama Comedy Romance
Perrier’s Bounty,2009,5.1,24,Action Comedy Crime Drama
Elite Squad,2007,7.8,504,Drama Action Crime
Annabelle,2014,5.6,1517,Horror
Bran Nue Dae,2009,5.2,6,Comedy Drama Foreign Romance
Boyz n the Hood,1991,7.4,364,Crime Drama
La Bamba,1987,6.8,116,Drama Music
The Four Seasons,1981,6.3,16,Comedy Drama Romance
Dressed to Kill,1980,6.8,157,Horror Mystery Thriller
The Adventures of Huck Finn,1993,6.2,42,Action Adventure Drama Family
Go,1999,7.0,196,Crime Comedy Thriller
Friends with Money,2006,5.1,128,Comedy Drama Romance
The Andromeda Strain,1971,7.0,190,Science Fiction Thriller
Bats,1999,4.1,35,Horror Thriller
Nowhere in Africa,2001,7.0,32,Drama
Shame,2011,7.0,875,Drama
Layer Cake,2004,7.0,559,Drama Thriller Crime
The Work and the Glory II: American Zion,2005,8.0,6,Drama
The East,2013,6.5,305,Drama Thriller
A Home at the End of the World,2004,6.8,45,Romance Drama
Aberdeen,2000,7.0,6,Drama Comedy Foreign
The Messenger,2009,7.1,119,Drama History
Tracker,2010,6.0,16,Action Drama Thriller Adventure
Control,2007,7.5,200,Drama
The Terminator,1984,7.3,4128,Action Thriller Science Fiction
"Good bye, Lenin!",2003,7.4,586,Comedy Drama Romance
The Damned United,2009,7.2,152,Drama
The Return of the Living Dead,1985,7.3,267,Comedy Horror
Mallrats,1995,6.8,392,Romance Comedy
Grease,1978,7.2,1581,Romance
Platoon,1986,7.5,1205,Drama War Action
Fahrenheit 9/11,2004,6.8,397,Documentary
Butch Cassidy and the Sundance Kid,1969,7.4,650,History Drama Western Crime
Mary Poppins,1964,7.4,1183,Comedy Family Fantasy
Ordinary People,1980,7.4,145,Drama
West Side Story,1961,7.0,389,Crime Drama Music
Caddyshack,1980,6.6,365,Comedy
The Brothers,2001,6.5,10,Comedy Drama Romance
The Wood,1999,7.1,34,Comedy Drama Romance
The Usual Suspects,1995,8.1,3254,Drama Crime Thriller
A Nightmare on Elm Street 5: The Dream Child,1989,5.5,245,Horror Thriller
National Lampoon’s Van Wilder,2002,5.9,858,Comedy Romance
The Wrestler,2008,7.3,1000,Drama Romance
Duel in the Sun,1946,6.2,37,Western
Best in Show,2000,6.7,166,Comedy
Escape from New York,1981,6.9,703,Science Fiction Action
School Daze,1988,6.2,26,Comedy Drama
Daddy Day Camp,2007,4.4,91,Comedy Family
Mr. Nice Guy,1997,6.3,128,Crime Action Comedy
A Mighty Wind,2003,6.6,74,Comedy Music
Mystic Pizza,1988,5.9,123,Comedy Drama Romance
Sliding Doors,1998,6.5,354,Comedy Drama Fantasy Romance
Tales from the Hood,1995,5.4,32,Crime Horror Thriller
The Last King of Scotland,2006,7.4,558,Drama
Halloween 5: The Revenge of Michael Myers,1989,5.2,183,Horror Thriller
Bernie,2012,6.5,320,Comedy Crime Drama
Dolphins and Whales: Tribes of the Ocean,2008,8.0,3,Documentary
Pollock,2000,6.6,91,Drama Romance
200 Cigarettes,1999,6.1,44,Comedy Drama Romance
The Words,2012,6.4,379,Drama Thriller
Casa De Mi Padre,2012,5.5,103,Comedy Western
City Island,2009,6.9,113,Drama Comedy
The Guard,2011,6.8,372,Action Comedy Thriller Crime
College,2008,4.8,48,Comedy
The Virgin Suicides,1999,7.1,817,Drama Romance
Little Voice,1998,6.6,61,Comedy Drama
Miss March,2009,5.4,77,Comedy Romance
Wish I Was Here,2014,6.4,300,Drama Comedy
Simply Irresistible,1999,5.5,52,Comedy
Hedwig and the Angry Inch,2001,7.4,80,Comedy Music
Only the Strong,1993,6.9,29,Action
Goddess of Love,2015,6.2,9,Mystery Drama Thriller Horror
Shattered Glass,2003,6.6,111,Drama History
Novocaine,2001,6.0,44,Comedy Crime Thriller
The Business of Strangers,2001,5.7,19,Drama Thriller
The Wild Bunch,1969,7.6,259,Adventure Western
The Wackness,2008,6.2,94,Drama
The First Great Train Robbery,1979,6.6,74,Thriller Adventure Drama Crime
Morvern Callar,2002,7.2,34,Drama
Beastmaster 2: Through the Portal of Time,1991,4.6,17,Action Adventure Fantasy Science Fiction
The 5th Quarter,2011,4.7,12,Drama
The Flower of Evil,2003,5.7,10,Drama
The Greatest,2009,6.2,34,Drama
Snow Flower and the Secret Fan,2011,5.3,22,Drama History
Come Early Morning,2006,5.9,10,Drama Romance
Lucky Break,2001,6.5,11,Action Comedy
Julia,1977,6.3,30,Drama
"Surfer, Dude",2008,4.7,25,Comedy
Lake of Fire,2006,8.0,10,Documentary
11:14,2003,6.8,206,Crime Drama Thriller
Men of War,1994,5.4,29,Action Thriller
Don McKay,2009,5.4,21,Crime Mystery Thriller
Deadfall,2012,5.6,224,Crime Drama Thriller
A Shine of Rainbows,2009,6.3,14,Drama Family
The Hit List,2011,5.2,73,Action Thriller
Emma,2009,7.6,38,Romance Comedy Drama
Videodrome,1983,7.1,454,Horror Mystery Science Fiction
The Spanish Apartment,2002,7.0,266,Drama Comedy Romance
Song One,2014,5.5,87,Drama
Winter in Wartime,2008,6.8,66,Drama History War
Freaky Deaky,2012,4.9,18,Comedy
The Train,1964,7.2,72,Action Drama Thriller War
Trade Of Innocents,2012,5.5,12,Drama Thriller
The Protector,2005,6.8,167,Action Crime Drama Thriller
Stiff Upper Lips,1998,10.0,1,Comedy
Bend It Like Beckham,2002,6.2,578,Comedy Drama Romance
Sunshine State,2002,6.0,10,Drama
Crossover,2006,4.2,10,Action Adventure Drama
Khiladi 786,2012,4.7,11,Action Comedy
[REC]²,2009,6.4,489,Thriller Horror
Standing Ovation,2010,3.9,6,Comedy Music Family
The Sting,1973,7.9,622,Comedy Crime Drama
Chariots of Fire,1981,6.8,207,Drama History
Diary of a Mad Black Woman,2005,6.4,71,Comedy Drama Romance
Shine,1996,7.3,131,Drama
Don Jon,2013,5.9,1671,Romance Comedy Drama
High Plains Drifter,1973,7.4,278,Western
Ghost World,2001,7.1,426,Comedy Drama
Iris,2001,6.2,47,Drama Romance
Galaxina,1980,3.3,16,Comedy Science Fiction
The Chorus,2004,7.5,526,Drama
Mambo Italiano,2003,5.6,28,Comedy Romance
Wonderland,2003,6.2,73,Crime Drama Mystery Thriller
Do the Right Thing,1989,7.6,292,Drama
Harvard Man,2001,4.8,15,Drama
Le Havre,2011,6.8,97,Drama Comedy
Irreversible,2002,7.1,538,Drama Thriller Crime Mystery
R100,2013,5.4,31,Comedy Drama
Rang De Basanti,2006,7.2,97,Drama
Animals,2014,6.2,9,Drama
Salvation Boulevard,2011,5.6,28,Comedy Thriller Action Drama
The Ten,2007,4.9,57,Comedy
A Room for Romeo Brass,1999,7.3,18,Drama Comedy Foreign
Headhunters,2011,7.1,399,Thriller Crime
Grabbers,2012,6.0,140,Science Fiction Comedy Thriller Horror
Saint Ralph,2004,7.3,24,Comedy Drama
Miss Julie,2014,5.9,45,Drama
Somewhere in Time,1980,7.2,102,Science Fiction Drama Fantasy Romance
Dum Maaro Dum,2011,5.4,7,Drama Action Crime Foreign
Insidious: Chapter 2,2013,6.5,1211,Horror Thriller
Saw II,2005,6.3,1251,Horror
10 Cloverfield Lane,2016,6.8,2468,Thriller Science Fiction Drama
Jackass: The Movie,2002,6.1,345,Documentary Comedy
Lights Out,2016,6.3,1129,Horror Thriller
Paranormal Activity 3,2011,5.9,669,Horror
Ouija,2014,4.9,983,Horror
A Nightmare on Elm Street 3: Dream Warriors,1987,6.5,354,Horror Thriller
Instructions Not Included,2013,7.5,205,Comedy Drama
Paranormal Activity 4,2012,5.2,563,Horror
The Robe,1953,6.4,42,Drama
The Return of the Pink Panther,1975,6.7,137,Comedy
Freddy's Dead: The Final Nightmare,1991,5.1,272,Horror Thriller Comedy
Monster,2003,7.0,485,Crime Drama
"20,000 Leagues Under the Sea",1954,6.8,157,Adventure Drama Science Fiction
Paranormal Activity: The Marked Ones,2014,5.2,449,Horror Thriller
The Elephant Man,1980,7.9,719,Drama History
Dallas Buyers Club,2013,7.9,2886,Drama History
The Lazarus Effect,2015,5.1,505,Thriller Horror
Memento,2000,8.1,4028,Mystery Thriller
Oculus,2013,6.3,1050,Horror
Clerks II,2006,6.9,398,Comedy
Billy Elliot,2000,7.4,750,Drama Comedy Music
The Way Way Back,2013,7.1,688,Comedy Drama
House Party 2,1991,4.7,21,Comedy
The Man from Snowy River,1982,6.8,37,Family Drama Action Western Romance
Doug's 1st Movie,1999,5.4,22,Animation Family Comedy
The Apostle,1997,6.1,38,Drama
Mommie Dearest,1981,6.5,54,Drama
Our Idiot Brother,2011,5.9,365,Comedy Drama
Race,2016,7.1,478,Action Drama
The Players Club,1998,6.4,14,Drama
"As Above, So Below",2014,6.1,766,Horror Thriller
Addicted,2014,5.4,63,Drama Thriller
Eve's Bayou,1997,6.1,27,Drama
Still Alice,2014,7.5,1104,Drama
The Egyptian,1954,6.0,11,History Drama
Nighthawks,1981,6.4,86,Action Crime Thriller
Friday the 13th Part VIII: Jason Takes Manhattan,1989,4.8,191,Horror Thriller
My Big Fat Greek Wedding,2002,6.2,671,Comedy Drama Romance
Spring Breakers,2013,5.0,1551,Drama Crime
Halloween: The Curse of Michael Myers,1995,5.0,170,Horror Thriller
Y Tu Mamá También,2001,7.3,315,Drama Romance
Shaun of the Dead,2004,7.5,2420,Horror Comedy
The Haunting of Molly Hartley,2008,4.3,48,Drama Horror
Lone Star,1996,6.9,77,Drama Mystery Romance
Halloween 4: The Return of Michael Myers,1988,5.9,209,Horror Thriller
April Fool's Day,1986,5.8,73,Horror Mystery
Diner,1982,6.9,83,Comedy Drama
Lone Wolf McQuade,1983,5.5,67,Action Crime Drama Romance Thriller
Apollo 18,2011,5.0,356,Horror Thriller Science Fiction
Sunshine Cleaning,2008,6.5,255,Comedy Drama
No Escape,2015,6.7,777,Action Thriller
The Beastmaster,1982,6.0,97,Action Fantasy
Solomon and Sheba,1959,5.4,8,Drama History Romance War
Fifty Shades of Black,2016,4.3,331,Romance Comedy
Not Easily Broken,2009,6.3,9,Drama Romance
A Farewell to Arms,1932,6.2,28,Drama Romance War
The Perfect Match,2016,5.2,42,Comedy Romance
Digimon: The Movie,2000,6.2,72,Fantasy Animation Science Fiction Family
Saved!,2004,6.3,147,Comedy Drama
The Barbarian Invasions,2003,6.7,77,Comedy Crime Drama
Robin and Marian,1976,6.6,50,Action Adventure Drama Romance
The Forsaken,2001,4.9,47,Action Adventure Horror Thriller
Force 10 from Navarone,1978,6.4,91,Action Adventure War Thriller
UHF,1989,6.7,89,Comedy
Grandma's Boy,2006,6.6,220,Comedy
Slums of Beverly Hills,1998,6.5,44,Comedy Drama
Once Upon a Time in the West,1968,8.1,1128,Western
Made,2001,6.3,55,Action Comedy Thriller
Moon,2009,7.6,1794,Science Fiction Drama
Keeping Up with the Steins,2006,5.2,18,Comedy
Sea Rex 3D: Journey to a Prehistoric World,2010,5.9,11,Documentary
The Sweet Hereafter,1997,6.8,103,Drama
Of Gods and Men,2010,6.5,91,Drama History
Bottle Shock,2008,6.6,60,Comedy Drama
Jekyll and Hyde ... Together Again,1982,4.6,5,Comedy Horror Science Fiction
Heavenly Creatures,1994,7.0,294,Drama Fantasy
90 Minutes in Heaven,2015,5.4,40,Drama
Everything Must Go,2010,6.0,208,Comedy Drama Romance
Zero Effect,1998,6.0,55,Comedy Crime Mystery Thriller
The Machinist,2004,7.3,1247,Thriller Drama
Light Sleeper,1992,5.7,15,Drama Crime
Kill the Messenger,2014,6.6,355,Thriller Crime Drama Mystery
Rabbit Hole,2010,6.9,165,Drama
Party Monster,2003,5.9,58,Comedy Drama Crime
Green Room,2016,6.7,683,Horror Crime Thriller
The Oh in Ohio,2006,5.8,27,Comedy Drama Romance
Atlas Shrugged Part III: Who is John Galt?,2014,3.9,15,Drama Science Fiction Mystery
Bottle Rocket,1996,6.8,281,Comedy Crime Drama
Albino Alligator,1996,5.6,45,Crime Drama Thriller
"Gandhi, My Father",2007,6.0,2,Drama Foreign History
Standard Operating Procedure,2008,6.6,14,Documentary
Out of the Blue,1980,6.5,17,Drama
Tucker and Dale vs Evil,2010,7.3,847,Comedy Horror
"Lovely, Still",2008,6.2,13,Drama Romance
Tycoon,1947,6.6,4,Action Drama Romance
Desert Blue,1999,5.5,9,Comedy Drama
Decoys,2004,4.7,33,Horror Science Fiction Thriller
The Visit,2015,6.0,1360,Horror Thriller
Redacted,2007,6.2,37,Drama War
Fascination,2004,3.8,4,Romance Thriller
Area 51,2015,4.2,151,Horror Thriller Science Fiction
Sleep Tight,2011,7.0,202,Thriller
The Cottage,2008,6.3,80,Horror Comedy Crime Thriller
Dead Like Me: Life After Death,2009,5.8,65,Drama Fantasy Comedy
Farce of the Penguins,2006,3.2,13,Comedy Documentary
Flying By,2009,7.0,2,Drama
Rudderless,2014,7.4,105,Music Drama Comedy
Henry & Me,2014,3.0,3,Family Animation
Christmas Eve,2015,6.1,24,Romance Comedy
We Have Your Husband,2011,5.0,3,TV Movie Crime Drama Thriller
Dying of the Light,2014,4.5,118,Thriller Drama
Born Of War,2013,4.1,7,Action Thriller War
Capricorn One,1977,6.4,131,Drama Action Thriller Science Fiction
Should've Been Romeo,2012,0.0,0,Comedy Drama
Running Forever,2015,0.0,0,Family
Yoga Hosers,2016,4.7,102,Comedy Fantasy Horror Thriller
Navy Seals vs. Zombies,2015,3.5,36,Horror Action
I Served the King of England,2006,7.0,22,Comedy Drama
Soul Kitchen,2009,7.1,116,Drama Comedy
Sling Blade,1996,7.4,231,Drama
The Awakening,2011,6.3,458,Horror Thriller
Hostel,2005,5.7,887,Horror
A Cock and Bull Story,2005,6.2,43,Comedy Drama
Take Shelter,2011,7.1,471,Thriller Drama
Lady in White,1988,6.3,25,Horror Thriller
Driving Lessons,2006,6.3,47,Drama Comedy
Let's Kill Ward's Wife,2014,5.5,76,Comedy
The Texas Chainsaw Massacre 2,1986,5.9,139,Horror
Pat Garrett & Billy the Kid,1973,7.2,65,Western
Only God Forgives,2013,5.6,862,Drama Thriller Crime
Camping Sauvage,2005,4.8,4,Drama Romance
Without Men,2011,4.6,8,Comedy Romance
Dear Frankie,2004,7.0,46,Drama Family
All Hat,2007,1.0,1,Action Comedy Drama Western
The Names of Love,2010,7.3,93,Drama Comedy Romance
Treading Water,2013,5.6,6,Drama Comedy
Savage Grace,2007,5.7,60,Drama
Out of the Blue,2006,5.9,18,Drama
Police Academy,1984,6.5,602,Comedy Crime
The Blue Lagoon,1980,5.8,408,Romance Adventure Drama
Four Weddings and a Funeral,1994,6.6,632,Comedy Drama Romance
Fast Times at Ridgemont High,1982,7.0,322,Comedy
Moby Dick,1956,6.9,89,Adventure Drama
25th Hour,2002,7.2,629,Crime Drama
Bound,1996,6.9,198,Crime Drama Romance Thriller
Requiem for a Dream,2000,7.9,2443,Crime Drama
State Fair,1945,6.2,19,Music Romance
Tango,1998,6.8,6,Drama Foreign Romance
Salvador,1986,7.0,71,Drama
Moms' Night Out,2014,5.5,121,Comedy
Donnie Darko,2001,7.7,3452,Fantasy Drama Mystery
Saving Private Perez,2011,6.1,18,Action Comedy Foreign
Character,1997,7.7,25,Drama Foreign History
Spun,2002,6.6,132,Comedy Crime Drama
Life During Wartime,2009,6.3,30,Comedy Drama
Sympathy for Lady Vengeance,2005,7.4,356,Drama Thriller
Mozart's Sister,2010,6.2,13,Drama
Mean Machine,2001,6.0,157,Comedy Drama
Exiled,2006,7.0,46,Action Crime Thriller
Blackthorn,2011,6.6,73,Adventure Action Western
Lilya 4-ever,2002,7.7,139,Crime Drama
After.Life,2010,5.4,251,Drama Horror Mystery Thriller
Fugly,2014,5.3,2,Comedy Drama Thriller
One Flew Over the Cuckoo's Nest,1975,8.2,2919,Drama
R.L. Stine's Monsterville: The Cabinet of Souls,2015,6.9,35,Comedy Horror
Silent Movie,1976,6.7,78,Comedy
Airlift,2016,7.3,57,Thriller Action Drama History
Anne of Green Gables,1985,8.2,68,Drama Family
Falcon Rising,2014,5.5,71,Adventure Action
The Sweeney,2012,5.7,109,Action Drama Crime
Sexy Beast,2000,7.0,217,Crime Drama Thriller
Easy Money,2010,6.5,63,Drama Thriller Crime
Whale Rider,2003,7.1,111,Drama Family
Paa,2009,6.6,19,Drama Family Foreign
Cargo,2009,5.9,140,Thriller Mystery Science Fiction
High School Musical,2006,6.1,1000,Comedy Drama Family Music TV Movie
Love and Death on Long Island,1997,6.9,11,Drama Romance Foreign
Night Watch,2004,6.3,210,Fantasy Action Thriller
The Crying Game,1992,6.9,176,Romance Crime Drama Thriller
Porky's,1981,6.1,183,Comedy
Survival of the Dead,2010,4.6,116,Horror Science Fiction
Night of the Living Dead,1968,7.5,580,Horror
Lost in Translation,2003,7.3,1895,Drama
Annie Hall,1977,7.8,1010,Comedy Drama Romance
The Greatest Show on Earth,1952,6.6,50,Action Drama Romance
Monster's Ball,2001,6.5,250,Drama Romance
Maggie,2015,5.2,593,Horror
Leaving Las Vegas,1995,7.1,360,Drama Romance
Hansel and Gretel Get Baked,2013,4.8,67,Horror Comedy
The Front Page,1974,6.9,68,Romance Drama Comedy
The Boy Next Door,2015,4.1,1022,Thriller
Trapeze,1956,6.4,22,Drama
The Kids Are All Right,2010,6.5,506,Comedy Drama
They Live,1988,7.1,550,Action Horror Science Fiction Thriller
The Great Escape,1963,7.8,717,Adventure Drama History Thriller War
What the #$*! Do We (K)now!?,2004,5.8,34,Documentary
The Last Exorcism Part II,2013,4.4,203,Horror Thriller
Boyhood,2014,7.5,1971,Drama
Scoop,2006,6.4,420,Comedy Mystery
The Wash,2001,5.3,26,Action Comedy
3 Strikes,2000,5.9,15,Action Comedy Romance
The Cooler,2003,6.7,89,Drama Romance
The Misfits,1961,6.8,72,Drama Action Romance
The Night Listener,2006,5.5,57,Drama Thriller
The Jerky Boys,1995,4.8,10,Comedy Crime
The Orphanage,2007,7.1,633,Horror Drama Thriller
A Haunted House 2,2014,5.4,346,Comedy Horror
The Rules of Attraction,2002,6.3,168,Comedy Drama Romance
Topaz,1969,6.1,77,Action Drama Mystery Thriller
Let's Go to Prison,2006,5.5,69,Comedy Crime
Four Rooms,1995,6.5,530,Crime Comedy
Secretary,2002,6.7,376,Comedy Drama Romance
The Real Cancun,2003,3.3,8,Documentary
Talk Radio,1988,6.7,46,Drama
Waiting for Guffman,1996,7.3,63,Music Comedy
Love Stinks,1999,5.4,11,Comedy Romance
You Kill Me,2007,6.2,80,Comedy Crime Thriller Romance
Thumbsucker,2005,6.1,67,Comedy Drama
Red State,2011,5.9,316,Horror Action Thriller
Mirrormask,2005,6.6,102,Fantasy
Samsara,2011,8.0,167,Drama Documentary
The Barbarians,1987,5.1,8,Fantasy Adventure
The Art of Getting By,2011,6.5,415,Drama Romance
Zipper,2015,5.5,58,Thriller Drama
Poolhall Junkies,2002,6.5,25,Comedy Drama Thriller
The Loss of Sexual Innocence,1999,5.2,9,Drama
Holy Motors,2012,6.9,228,Drama Fantasy
Joe,2014,6.5,338,Drama
Shooting Fish,1997,7.0,23,Crime Comedy Romance
Prison,1988,6.7,27,Crime Drama Horror Thriller
Psycho Beach Party,2000,6.0,26,Comedy
The Big Tease,1999,5.8,6,Comedy Foreign
"Guten Tag, Ramón",2013,8.1,18,Drama
Trust,2010,6.6,307,Crime Drama Thriller
An Everlasting Piece,2000,6.0,1,Comedy Crime
Among Giants,1998,4.5,2,Comedy Romance
Adore,2013,6.1,291,Drama
The Velocity of Gary,1999,4.2,5,Drama Romance
Mondays in the Sun,2002,7.1,36,Drama
Stake Land,2010,6.2,285,Drama Horror Action Thriller Science Fiction
The Last Time I Committed Suicide,1997,6.7,7,Drama
Futuro Beach,2014,6.4,31,Drama
Another Happy Day,2011,6.2,37,Comedy Drama
A Lonely Place to Die,2011,6.2,157,Adventure Action Thriller Crime
Nothing,2003,5.8,38,Comedy Fantasy Science Fiction
The Geographer Drank His Globe Away,2013,7.3,23,Drama
1776,1972,7.1,20,Drama Comedy History Music
Inescapable,2012,5.2,13,Thriller Romance
Hell's Angels,1930,6.1,19,Action Drama History
Purple Violets,2007,5.7,9,Comedy Drama Romance
The Veil,2016,4.5,118,Horror
The Loved Ones,2009,6.6,207,Horror
The Helpers,2012,4.1,8,Horror
How to Fall in Love,2012,5.2,20,Comedy Romance TV Movie
The Perfect Wave,2014,4.4,21,Romance Adventure Drama
A Man for All Seasons,1966,7.5,89,Drama History
Network,1976,7.7,381,Drama
Gone with the Wind,1939,7.7,970,Drama Romance War
Desert Dancer,2014,6.5,18,Drama
Major Dundee,1965,6.2,38,War Western
Annie Get Your Gun,1950,7.3,22,Action Comedy Music Romance Western
Four Lions,2010,7.0,423,Comedy Crime Drama
The House of Sand,2005,6.7,9,Drama
Defendor,2009,6.5,195,Drama Action Comedy Crime
The Pirate,1948,6.6,17,Music Romance
The Good Heart,2009,6.0,21,Drama Comedy Romance
The History Boys,2006,6.6,66,Comedy Drama
Midnight Cowboy,1969,7.4,299,Drama
The Full Monty,1997,6.8,363,Comedy
Airplane!,1980,7.1,1074,Comedy
Chain of Command,2015,5.3,11,Thriller Adventure Action
Friday,1995,7.0,503,Comedy
Menace II Society,1993,7.2,173,Drama Action Crime
Creepshow 2,1987,5.9,129,Horror
The Ballad of Cable Hogue,1970,6.9,47,Action Comedy Western
In Cold Blood,1967,7.4,82,Crime Drama
The Nun's Story,1959,7.4,46,Drama
Harper,1966,6.2,35,Action Drama Thriller Crime Mystery
Frenzy,1972,7.1,158,Crime Drama Mystery Thriller
The Witch,2016,6.3,1434,Mystery Horror
I Got the Hook Up,1998,5.4,8,Action Comedy
She's the One,1996,5.7,70,Comedy Romance
Gods and Monsters,1998,6.8,81,Drama
The Secret in Their Eyes,2009,7.8,626,Crime Drama Mystery Romance
Train,2008,4.8,36,Horror Thriller
Evil Dead II,1987,7.6,742,Horror Comedy Fantasy
Pootie Tang,2001,5.4,43,Action Comedy
Sharknado,2013,3.8,476,TV Movie Horror
The Other Conquest,1999,5.4,4,Drama Foreign
Troll Hunter,2010,6.7,583,Fantasy Horror
Ira & Abby,2006,5.8,9,Comedy Romance
Winter Passing,2006,6.7,28,Comedy Drama
D.E.B.S.,2004,5.6,90,Action
The Masked Saint,2016,2.9,7,Crime Action
The Betrayed,2008,5.2,10,Crime Drama Mystery Thriller
Taxman,1999,2.0,1,Action Crime Comedy Thriller
The Secret,2016,0.0,0,Drama
2:13,2009,4.6,10,Horror Thriller Mystery
"Batman: The Dark Knight Returns, Part 2",2013,7.9,419,Action Animation
Time to Choose,2015,0.0,0,Documentary
In the Name of the King III,2013,3.3,19,Action Adventure Drama Fantasy
Wicked Blood,2014,5.3,37,Action Drama Thriller
Stranded,2015,5.0,11,Drama
Lords of London,2014,3.6,6,Crime Mystery Thriller
High Anxiety,1977,6.5,84,Comedy Music
March of the Penguins,2005,6.9,358,Documentary Family
Margin Call,2011,6.7,524,Thriller Drama
August,2011,6.2,15,Drama
Choke,2008,6.0,127,Comedy Drama
Whiplash,2014,8.3,4254,Drama
City of God,2002,8.1,1814,Drama Crime
Human Traffic,1999,6.8,97,Comedy Drama
To Write Love on Her Arms,2015,6.8,47,Drama Music
The Dead Girl,2006,6.4,66,Mystery Drama Crime Thriller
The Hunt,2012,7.9,927,Drama
A Christmas Story,1983,7.4,344,Comedy Family
Bella,2006,6.7,37,Drama Romance
Class of 1984,1982,6.2,66,Action Drama Horror Crime Thriller
The Opposite Sex,2014,4.1,9,Comedy
Dreaming of Joseph Lees,1999,8.0,1,Romance Drama
The Class,2008,6.8,174,Drama
Rosemary's Baby,1968,7.5,863,Horror Drama Mystery
The Man Who Shot Liberty Valance,1962,7.4,265,Western
Adam,2009,6.9,150,Drama Romance
Maria Full of Grace,2004,6.9,101,Drama Thriller Crime
Beginners,2010,6.8,347,Drama Romance Comedy
Feast,2005,6.1,160,Action Comedy Horror
Animal House,1978,7.0,418,Comedy
Goldfinger,1964,7.2,987,Adventure Action Thriller
Antiviral,2012,5.7,112,Science Fiction Horror
It's a Wonderful Life,1946,8.0,1076,Drama Family Fantasy
Trainspotting,1996,7.8,2655,Drama Crime
The Original Kings of Comedy,2000,6.3,15,Comedy
Paranormal Activity 2,2010,5.7,722,Horror Thriller
Waking Ned,1998,7.4,54,Comedy Romance
Bowling for Columbine,2002,7.3,453,Documentary
Coming Home,2014,6.9,49,Drama
A Nightmare on Elm Street Part 2: Freddy's Revenge,1985,5.7,361,Horror
A Room with a View,1985,6.9,156,Drama Romance
The Purge,2013,6.0,2428,Science Fiction Horror Thriller
Sinister,2012,6.7,1573,Horror Thriller Mystery
Martin Lawrence Live: Runteldat,2002,5.0,1,Comedy
Cat on a Hot Tin Roof,1958,7.6,165,Drama Romance
Beneath the Planet of the Apes,1970,6.2,361,Adventure Science Fiction Mystery
Air Bud,1997,5.3,106,Comedy Family Drama
Pokémon: Spell of the Unknown,2000,5.9,137,Adventure Fantasy Animation Action Family
Friday the 13th Part VI: Jason Lives,1986,5.7,216,Horror Mystery Thriller
The Bridge on the River Kwai,1957,7.7,542,Drama History War
Spaced Invaders,1990,4.7,25,Comedy Family Science Fiction
Family Plot,1976,6.7,86,Comedy Crime Thriller
The Apartment,1960,8.1,483,Comedy Drama Romance
Jason Goes to Hell: The Final Friday,1993,4.2,193,Fantasy Horror Thriller
Torn Curtain,1966,6.4,120,Mystery Thriller
Dave Chappelle's Block Party,2005,6.4,28,Comedy Documentary Music
Slow West,2015,6.6,367,Romance Thriller Western
Krush Groove,1985,7.0,11,Drama Music Romance
Next Day Air,2009,5.3,36,Action Comedy Crime
Elmer Gantry,1960,7.3,41,Drama
Judgment at Nuremberg,1961,7.6,155,Drama History
Trippin',1999,4.5,4,Comedy Romance
Red River,1948,7.3,82,Western
Phat Girlz,2006,3.7,10,Comedy Romance
Before Midnight,2013,7.4,568,Romance Drama
Teen Wolf Too,1987,3.8,46,Comedy Fantasy Family
Phantasm II,1988,6.3,94,Action Horror Science Fiction Thriller
Woman Thou Art Loosed,2004,5.0,3,Drama
Real Women Have Curves,2002,5.8,19,Comedy Drama
Water,2005,6.8,34,Drama Foreign Romance
East Is East,1999,6.5,59,Comedy
Whipped,2000,3.1,11,Comedy Romance
Kama Sutra - A Tale of Love,1996,5.7,35,Drama History Romance
Please Give,2010,6.0,57,Comedy Drama
Willy Wonka & the Chocolate Factory,1971,7.4,798,Family Fantasy
Warlock: The Armageddon,1993,5.2,38,Fantasy Horror Science Fiction
8 Heads in a Duffel Bag,1997,5.4,39,Comedy Crime
Days of Heaven,1978,7.6,234,Drama Romance
Thirteen Conversations About One Thing,2001,6.4,25,Drama
Jawbreaker,1999,5.9,90,Comedy
Basquiat,1996,6.6,94,Drama History
Frances Ha,2013,7.2,345,Comedy Drama
Tsotsi,2005,6.9,94,Crime Drama
Happiness,1998,7.4,194,Comedy Drama
DysFunktional Family,2003,6.1,4,Comedy Documentary
Tusk,2014,5.1,366,Comedy Horror
Oldboy,2003,8.0,1945,Drama Thriller Mystery Action
Letters to God,2010,6.5,37,Action Drama Family Thriller
Hobo with a Shotgun,2011,5.7,211,Action Comedy Thriller
Compadres,2016,5.2,17,Action Comedy
Freeway,1996,6.5,95,Comedy Drama Thriller
Love's Abiding Joy,2006,5.8,12,TV Movie Action Drama Family
Fish Tank,2009,6.9,250,Drama
Damsels in Distress,2012,5.6,67,Comedy Romance
Creature,1998,4.0,21,Horror Science Fiction Thriller
Bachelorette,2012,5.3,444,Comedy Romance
Brave New Girl,2004,3.7,3,Drama Music Family
Tim and Eric's Billion Dollar Movie,2012,5.2,34,Comedy
Summer Storm,2004,6.7,59,Comedy Drama
Fort McCoy,2014,6.3,2,War Drama History
Chain Letter,2010,3.9,37,Horror Thriller
Just Looking,1999,5.8,5,Drama Comedy
The Divide,2011,5.7,197,Science Fiction
The Eclipse,2009,6.1,15,Drama Horror Romance
Demonic,2015,4.9,148,Thriller Horror
My Big Fat Independent Movie,2005,3.0,5,Comedy
The Deported,2010,0.0,0,Comedy Family
Tanner Hall,2009,5.4,32,Drama
Open Road,2013,5.2,18,Action Drama Thriller
They Came Together,2014,5.3,171,Comedy
30 Nights of Paranormal Activity With the Devil Inside the Girl With the Dragon Tattoo,2013,2.9,28,Comedy
Never Back Down 2: The Beatdown,2011,5.8,136,Drama Action
Point Blank,1967,7.1,95,Action Crime Drama Thriller
Four Single Fathers,2009,0.0,0,Drama Comedy
Enter the Dangerous Mind,2013,4.8,14,Thriller
Something Wicked,2014,4.6,16,Mystery Thriller
AWOL-72,2015,2.8,10,Thriller
Iguana,1988,6.0,1,Unknown
Chicago Overcoat,2009,6.1,5,Action Crime Thriller
Barry Munday,2010,6.3,22,Comedy Drama Romance
Central Station,1998,7.6,126,Drama
Pocketful of Miracles,1961,7.3,25,Comedy Drama
Close Range,2015,4.9,54,Crime Action
Boynton Beach Club,2005,6.8,3,Comedy Drama Romance
Amnesiac,2015,4.1,52,Thriller Mystery Drama Horror
Freakonomics,2010,6.6,36,Documentary
High Tension,2003,6.6,271,Horror Thriller Mystery
Griff the Invisible,2011,6.1,34,Romance Comedy Drama
Unnatural,2015,4.3,12,Thriller Action Horror
Hustle & Flow,2005,6.9,99,Drama
Some Like It Hot,1959,8.0,808,Comedy Romance
Friday the 13th Part VII: The New Blood,1988,5.3,192,Horror Thriller
The Wizard of Oz,1939,7.4,1642,Adventure Family Fantasy
Young Frankenstein,1974,7.7,854,Comedy Science Fiction
Diary of the Dead,2007,5.4,190,Horror Action Science Fiction
Lage Raho Munna Bhai,2006,7.6,44,Comedy Drama Romance
Ulee's Gold,1997,6.5,19,Drama
The Black Stallion,1979,7.0,59,Adventure Family
Sardaarji,2015,9.5,2,Unknown
Journey to Saturn,2008,4.9,10,Action Adventure Animation Comedy Science Fiction
Donovan's Reef,1963,6.0,30,Adventure Comedy Romance
The Dress,1996,7.0,3,Comedy Drama
A Guy Named Joe,1944,6.0,8,Drama Romance War
Blazing Saddles,1974,7.2,609,Western Comedy
Friday the 13th: The Final Chapter,1984,5.9,237,Horror Thriller
Ida,2013,7.1,260,Drama
Maurice,1987,7.1,61,Drama Romance
Beer League,2006,5.3,22,Comedy
Riding Giants,2004,7.6,23,Documentary
Timecrimes,2007,7.0,308,Science Fiction Thriller
Silver Medalist,2009,7.4,13,Action Adventure Comedy Drama Foreign
Timber Falls,2007,5.2,38,Horror Thriller
Singin' in the Rain,1952,7.8,727,Comedy Music Romance
"Fat, Sick & Nearly Dead",2010,7.1,47,Documentary
A Haunted House,2013,5.4,516,Comedy Horror
2016: Obama's America,2012,4.6,19,Documentary
That Thing You Do!,1996,6.8,225,Comedy Drama
Halloween III: Season of the Witch,1982,5.0,229,Horror Mystery Science Fiction
Escape from the Planet of the Apes,1971,6.3,264,Action Science Fiction
Hud,1963,7.5,66,Action Drama Western
Kevin Hart: Let Me Explain,2013,7.1,95,Comedy Documentary
My Own Private Idaho,1991,7.1,212,Drama Romance
Garden State,2004,7.1,618,Comedy Drama Romance
Before Sunrise,1995,7.7,959,Drama Romance
Evil Words,2003,6.9,8,Horror Mystery Thriller
Jesus' Son,1999,6.7,22,Comedy Drama Romance
Saving Face,2004,6.8,32,Comedy Romance
Brick Lane,2007,5.2,15,Drama
Robot & Frank,2012,6.8,450,Science Fiction Comedy Drama Crime
My Life Without Me,2003,7.2,77,Drama Romance
The Spectacular Now,2013,6.8,1048,Comedy Drama Romance
Religulous,2008,7.2,197,Comedy Documentary
Fuel,2008,7.0,3,Documentary Drama
Valley of the Heart's Delight,2006,7.0,1,Drama
Eye of the Dolphin,2007,7.1,7,Drama
8: The Mormon Proposition,2010,5.5,6,Documentary
The Other End of the Line,2008,6.1,50,Comedy Romance
Anatomy,2000,6.1,61,Horror Thriller
Sleep Dealer,2008,6.0,40,Drama Science Fiction Thriller
Super,2010,6.6,441,Comedy Action Drama
Christmas Mail,2010,5.0,15,Comedy Family
Stung,2015,4.9,63,Comedy Horror
Antibirth,2016,4.8,40,Horror
Get on the Bus,1996,7.0,11,Drama
Thr3e,2006,4.8,21,Drama Horror Thriller
Idiocracy,2006,6.3,664,Adventure Comedy Science Fiction
The Rise of the Krays,2015,4.5,19,Crime
This Is England,2006,7.4,363,Drama Crime
U.F.O.,2012,3.1,47,Action Adventure Science Fiction
Bathing Beauty,1944,7.0,4,Comedy Music
Go for It!,2011,4.6,5,Drama Family
"Dancer, Texas Pop. 81",1998,10.0,1,Comedy Drama Family
Show Boat,1951,6.9,18,Music Romance
Redemption Road,2011,4.7,6,Drama
The Calling,2014,5.6,88,Thriller
The Brave Little Toaster,1987,6.7,93,Fantasy Adventure Animation Comedy Family
Fantasia,1940,7.2,808,Animation Family Music
8 Days,2014,0.0,0,Thriller Drama
Friday the 13th Part III,1982,5.7,254,Horror Thriller
Friday the 13th: A New Beginning,1985,5.1,196,Horror Thriller
The Last Sin Eater,2007,6.2,11,Drama
Do You Believe?,2015,6.6,48,Fantasy Drama
Impact Point,2008,5.7,5,Thriller Romance
The Valley of Decision,1945,5.8,4,Drama
Eden,2015,5.6,19,Thriller Drama
Chicken Tikka Masala,2005,3.5,5,Comedy Romance Foreign
There's Always Woodstock,2014,5.4,12,Romance Comedy Music
Jack Brooks: Monster Slayer,2007,5.7,59,Action Comedy Horror
The Best Years of Our Lives,1946,7.6,143,Drama History Romance
Bully,2001,6.7,125,Crime Drama
Elling,2001,7.0,51,Comedy Drama
Mi America,2015,0.0,0,Drama Crime
[REC],2007,7.1,934,Horror Mystery
Lies in Plain Sight,2010,4.5,4,Drama Mystery Thriller
Sharkskin,2015,0.0,0,Unknown
Containment,2015,5.1,36,Thriller Horror Science Fiction
The Timber,2015,4.1,15,Adventure Drama Western
From Russia with Love,1963,6.9,760,Action Thriller Adventure
The Toxic Avenger Part II,1989,5.3,39,Comedy Horror Action
Sleeper,1973,7.0,200,Comedy Romance Science Fiction
It Follows,2015,6.6,1832,Horror Thriller
Everything You Always Wanted to Know About Sex *But Were Afraid to Ask,1972,6.6,215,Comedy
To Kill a Mockingbird,1962,8.0,657,Crime Drama
Mad Max 2: The Road Warrior,1981,7.3,957,Adventure Action Thriller Science Fiction
The Legend of Drunken Master,1994,7.2,242,Action Comedy
Boys Don't Cry,1999,7.2,353,Crime Drama
Silent House,2011,5.2,125,Horror Mystery
The Lives of Others,2006,7.9,958,Drama Thriller
Courageous,2011,6.8,77,Drama
The Hustler,1961,7.6,240,Drama
Boom Town,1940,6.5,8,Adventure Drama Romance
The Triplets of Belleville,2003,7.3,231,Adventure Animation Comedy Drama
Smoke Signals,1998,6.6,24,Drama Comedy
American Splendor,2003,7.1,120,Comedy Drama
Before Sunset,2004,7.6,718,Drama Romance
Amores perros,2000,7.6,521,Drama Thriller
Thirteen,2003,6.7,339,Crime Drama
Gentleman's Agreement,1947,6.8,47,Drama Romance
Winter's Bone,2010,6.8,565,Drama
Touching the Void,2003,7.6,138,Documentary Action Adventure
Alexander's Ragtime Band,1938,4.8,6,Drama Music Romance
Me and You and Everyone We Know,2005,7.0,107,Comedy Drama
Inside Job,2010,7.7,286,Documentary
We Are Your Friends,2015,6.3,658,Drama Music Romance
Ghost Dog: The Way of the Samurai,1999,7.2,298,Crime Drama
Harsh Times,2005,6.3,197,Crime Drama Thriller Action
Captive,2015,5.6,92,Crime Drama Thriller
Full Frontal,2002,4.8,26,Comedy Drama Romance
Witchboard,1986,5.9,58,Horror
Shortbus,2006,6.3,140,Romance Drama Comedy
Waltz with Bashir,2008,7.8,291,Drama Animation War
"The Book of Mormon Movie, Volume 1: The Journey",2003,5.0,2,Unknown
No End in Sight,2007,7.2,23,Documentary
The Diary of a Teenage Girl,2015,6.8,279,Drama Romance
In the Shadow of the Moon,2007,7.6,31,Documentary
Meek's Cutoff,2010,6.5,77,Drama Western
Inside Deep Throat,2005,6.8,31,History Documentary
Dinner Rush,2000,7.1,19,Drama Action Thriller
Clockwatchers,1997,5.6,13,Comedy Drama
The Virginity Hit,2010,4.6,19,Comedy
Subway,1985,6.3,86,Action Thriller
House of D,2005,6.1,23,Comedy Drama
Teeth,2007,5.2,210,Comedy Horror
Six-String Samurai,1998,5.8,36,Action Adventure Science Fiction
Hum To Mohabbat Karega,2000,0.0,0,Unknown
It's All Gone Pete Tong,2004,7.1,52,Drama Comedy Music
Saint John of Las Vegas,2009,5.9,18,Comedy
24 7: Twenty Four Seven,1997,6.3,10,Comedy Drama Romance
Stonewall,2015,5.2,32,Drama
Roadside Romeo,2008,6.7,3,Animation Family Foreign
This Thing of Ours,2005,5.0,1,Drama Action Thriller
The Lost Medallion: The Adventures of Billy Stone,2013,5.6,13,Adventure Family
The Last Five Years,2014,5.5,143,Comedy Drama Music Romance
The Missing Person,2009,6.4,9,Comedy Drama Mystery Thriller
Return of the Living Dead 3,1993,5.9,88,Comedy Science Fiction Romance Horror
London,2005,6.1,96,Drama Action Romance
Sherrybaby,2006,6.3,41,Drama
Circle,2015,6.0,333,Horror Science Fiction
Eden Lake,2008,6.7,406,Horror Thriller
Plush,2013,5.4,40,Thriller
Lesbian Vampire Killers,2009,5.3,124,Horror Comedy
Gangster's Paradise: Jerusalema,2008,6.8,16,Drama Action Crime Foreign
Freeze Frame,2004,6.9,18,Thriller Drama Crime
Grave Encounters,2011,6.1,381,Thriller Horror
Stitches,2012,5.5,92,Horror
Nine Dead,2010,5.2,84,Crime Drama Horror Thriller
"To Be Frank, Sinatra at 100",2015,0.0,0,Documentary
Bananas,1971,6.7,165,Comedy
Supercapitalist,2012,3.5,2,Thriller
Rockaway,2007,5.8,2,Action Adventure Drama
The Lady from Shanghai,1947,7.2,102,Crime Drama Mystery
No Man's Land: The Rise of Reeker,2008,4.4,27,Horror Thriller
Highway,2002,5.6,37,Action Adventure Drama
Small Apartments,2012,5.7,50,Comedy Crime
Coffee Town,2013,6.7,45,Comedy
The Ghastly Love of Johnny X,2013,6.6,8,Comedy Fantasy Music
All Is Bright,2013,5.3,36,Comedy Drama
The Torture Chamber of Dr. Sadism,1967,6.3,12,Mystery Horror History
Straight A's,2013,5.2,46,Comedy Drama
A Funny Thing Happened on the Way to the Forum,1966,6.1,24,Comedy Music
Slacker Uprising,2007,5.9,10,Documentary
The Legend of Hell's Gate: An American Conspiracy,2011,3.9,8,Action Adventure History Western
The Walking Deceased,2015,4.2,35,Science Fiction Comedy
The Curse of Downers Grove,2015,4.4,24,Thriller Mystery Horror Drama
Shark Lake,2015,4.4,19,Thriller
River's Edge,1986,6.7,59,Crime Drama
Northfork,2003,6.7,24,Fantasy Drama Science Fiction
The Marine 4: Moving Target,2015,5.8,49,Thriller Action
Buried,2010,6.6,827,Drama Thriller Mystery
Submarine,2011,7.4,443,Drama Comedy Romance
The Square,2013,7.8,55,Documentary Drama History
One to Another,2006,5.8,12,Drama
ABCD (Any Body Can Dance),2013,5.6,10,Drama Music
Man on Wire,2008,7.5,275,Thriller Documentary Crime History
Abandoned,2015,5.8,27,Drama Thriller
Brotherly Love,2015,6.9,21,Drama
The Last Exorcism,2010,5.6,328,Horror Drama Thriller
Nowhere Boy,2009,7.2,244,Drama
A Streetcar Named Desire,1951,7.6,281,Drama
Dr. Strangelove or: How I Learned to Stop Worrying and Love the Bomb,1964,8.0,1442,Drama Comedy War
The Crime of Padre Amaro,2002,6.2,36,Drama Romance
Beasts of the Southern Wild,2012,6.8,403,Drama Fantasy
Battle for the Planet of the Apes,1973,5.5,215,Action Science Fiction
Songcatcher,2001,5.6,9,Drama Music
Higher Ground,2011,5.3,14,Drama Thriller
Vaalu,2015,6.7,5,Comedy Romance
The Greatest Movie Ever Sold,2011,6.4,88,Comedy Documentary
Ed and His Dead Mother,1993,5.5,12,Comedy
Travellers and Magicians,2003,6.8,9,Adventure Drama Foreign
Hang 'em High,1968,6.7,192,Western
Deadline - U.S.A.,1952,6.9,17,Crime Drama
Sublime,2007,5.3,33,Horror Thriller
A Beginner's Guide to Snuff,2016,0.0,0,Thriller Comedy Horror
Independence Daysaster,2013,4.2,22,Action Science Fiction
Dysfunctional Friends,2012,5.0,4,Comedy Romance
Run Lola Run,1998,7.2,664,Action Drama Thriller
May,2002,6.3,152,Drama Horror Thriller Romance
Against the Wild,2013,4.9,19,Adventure Family
Under the Same Moon,2008,7.0,28,Drama
Conquest of the Planet of the Apes,1972,6.1,236,Action Science Fiction
In the Bedroom,2001,6.4,89,Drama Thriller
I Spit on Your Grave,2010,6.3,519,Thriller Crime Horror
"Happy, Texas",1999,5.5,39,Comedy Crime
My Summer of Love,2004,6.0,59,Drama Thriller Romance
The Lunchbox,2013,7.3,221,Drama Romance
Yes,2005,5.9,7,Drama Romance
You Can't Take It With You,1938,7.2,79,Comedy Romance
From Here to Eternity,1953,7.2,133,War Drama Romance
She Wore a Yellow Ribbon,1949,7.1,61,Western
Grace Unplugged,2013,6.0,24,Drama Music
Foolish,1999,6.3,3,Comedy Drama
N-Secure,2010,4.3,4,Drama Crime Thriller
Caramel,2007,6.8,52,Drama Comedy Romance
Out of the Dark,2014,4.6,55,Thriller Horror
The Bubble,2006,7.6,20,Drama Romance
The Conversation,1974,7.5,372,Crime Drama Mystery
Dil Jo Bhi Kahey...,2006,0.0,0,Romance
Mississippi Mermaid,1969,6.7,32,Crime Drama Romance
I Love Your Work,2003,6.5,2,Drama Mystery
Cabin Fever,2016,4.4,111,Horror
Waitress,2007,6.7,129,Comedy
Bloodsport,1988,6.6,363,Action
Mr. Smith Goes to Washington,1939,7.9,241,Comedy Drama
Kids,1995,6.8,279,Drama Crime
The Squid and the Whale,2005,6.9,226,Comedy Drama
Kissing Jessica Stein,2001,5.9,48,Comedy
Kickboxer: Vengeance,2016,4.5,99,Action Drama
Spellbound,1945,7.3,160,Drama Mystery Thriller
Exotica,1994,6.5,64,Drama Mystery
Buffalo '66,1998,7.1,166,Romance Comedy Crime Drama
Insidious,2010,6.8,1737,Horror Thriller
Repo Man,1984,6.7,144,Comedy Crime Science Fiction Thriller
Nine Queens,2000,7.4,153,Crime Drama Thriller
The Gatekeepers,2012,6.5,39,Documentary
The Ballad of Jack and Rose,2005,6.5,43,Drama
The To Do List,2013,5.5,342,Comedy Romance
Killing Zoe,1993,6.1,111,Action Crime Drama Thriller
The Believer,2001,6.8,151,Drama
Snow Angels,2008,6.5,48,Drama Romance
Unsullied,2015,3.0,1,Thriller Action Horror
Session 9,2001,6.2,251,Horror Mystery
I Want Someone to Eat Cheese With,2006,5.7,12,Comedy Romance
Mooz-lum,2011,4.5,3,Drama
Hatchet,2006,5.7,159,Comedy Horror
Modern Times,1936,8.1,856,Drama Comedy
Stolen Summer,2002,6.4,9,Drama Family Comedy
My Name Is Bruce,2007,5.9,107,Comedy Horror
The Salon,2005,3.5,1,Comedy
Road Hard,2015,6.6,8,Comedy
Forty Shades of Blue,2005,6.0,2,Drama Romance
Amigo,2010,6.0,2,Drama History War
Pontypool,2009,6.6,183,Horror Mystery Science Fiction
Trucker,2008,6.8,16,Drama
Me You and Five Bucks,2015,10.0,2,Romance Comedy Drama
The Lords of Salem,2012,5.1,242,Horror Thriller
Housebound,2014,6.5,358,Horror Comedy Thriller
Wal-Mart: The High Cost of Low Price,2005,6.9,24,Documentary
Fetching Cody,2005,6.8,6,Comedy Drama Fantasy Romance Science Fiction
Last I Heard,2013,6.0,1,Drama Comedy
Closer to the Moon,2013,6.4,13,Comedy Drama
Mutant World,2014,2.6,9,Science Fiction
Growing Up Smith,2017,7.4,7,Comedy Family Drama
Checkmate,2015,4.2,13,Thriller Action Crime
#Horror,2015,3.3,52,Drama Mystery Horror Thriller
Wind Walkers,2016,7.5,6,Action Horror Thriller
Snow White and the Seven Dwarfs,1937,6.9,1914,Fantasy Animation Family
The Holy Girl,2004,6.8,10,Drama Foreign
Shalako,1968,5.4,12,Western
Incident at Loch Ness,2004,5.9,18,Adventure Comedy Horror
The Dog Lover,2016,5.3,6,Drama
GirlHouse,2014,5.2,97,Horror Thriller
The Blue Room,2014,6.2,32,Drama Crime Thriller
House at the End of the Drive,2014,0.0,0,Thriller Horror
Batman,1966,6.1,203,Family Adventure Comedy Science Fiction Crime
"Lock, Stock and Two Smoking Barrels",1998,7.5,1648,Comedy Crime
The Ballad of Gregorio Cortez,1983,0.0,0,Western
The Celebration,1998,7.7,207,Drama
Trees Lounge,1996,6.7,51,Comedy Drama
Journey from the Fall,2006,5.0,1,Drama
The Basket,2000,6.5,6,Drama
Eddie: The Sleepwalking Cannibal,2012,6.1,30,Horror Comedy
Queen of the Mountains,2014,0.0,0,Drama Action
Def-Con 4,1985,2.8,10,Science Fiction
The Hebrew Hammer,2003,5.9,18,Action Comedy
Neal 'n' Nikki,2005,2.3,4,Comedy Romance
The 41–Year–Old Virgin Who Knocked Up Sarah Marshall and Felt Superbad About It,2010,3.2,34,Comedy
Forget Me Not,2009,5.0,66,Drama Horror Romance
Rebecca,1940,7.7,336,Drama Mystery
Friday the 13th Part 2,1981,6.0,315,Horror Thriller
The Lost Weekend,1945,7.4,112,Drama
C.H.U.D.,1984,5.3,62,Horror Science Fiction
Filly Brown,2013,5.9,10,Drama
The Lion of Judah,2011,5.8,2,Adventure Animation Comedy Family
Niagara,1953,6.7,79,Crime Drama Thriller
How Green Was My Valley,1941,6.8,72,Drama
Da Sweet Blood of Jesus,2014,4.1,13,Thriller Comedy Romance
"Sex, Lies, and Videotape",1989,6.7,185,Drama
Saw,2004,7.2,2184,Horror Mystery Crime
Super Troopers,2001,6.6,362,Comedy Crime Mystery
The Algerian,2015,0.0,0,Unknown
The Amazing Catfish,2013,5.7,17,Comedy Drama
Monsoon Wedding,2001,6.8,57,Comedy Drama Romance
You Can Count on Me,2000,6.8,88,Drama Romance
The Trouble with Harry,1955,6.9,149,Comedy Mystery Thriller
But I'm a Cheerleader,1999,6.5,101,Comedy
Home Run,2013,6.3,24,Drama
Reservoir Dogs,1992,8.0,3697,Crime Thriller
The Blue Bird,1940,6.4,8,Drama Family Fantasy
"The Good, the Bad and the Ugly",1966,8.1,2311,Western
The Second Mother,2015,7.8,165,Drama
Blue Like Jazz,2012,5.8,25,Drama Comedy
Down & Out With The Dolls,2003,0.0,0,Comedy Music
"Pink Ribbons, Inc.",2011,6.8,6,Documentary
Certifiably Jonathan,2007,0.0,0,Comedy
Desire,2011,4.1,140,Drama Romance
The Blade of Don Juan,2013,0.0,0,Drama Comedy
Grand Theft Parsons,2003,6.0,11,Crime Comedy Drama Adventure
Extreme Movie,2008,3.9,44,Comedy
The Charge of the Light Brigade,1936,6.8,18,Action Adventure Drama War
Below Zero,2011,4.4,12,Thriller Horror
Crowsnest,2012,4.8,12,Unknown
Airborne,1993,6.1,20,Action Adventure Comedy
Cotton Comes to Harlem,1970,6.7,13,Action Adventure
The Wicked Within,2015,4.2,26,Horror
Bleeding Hearts,2013,2.0,1,Horror
Waiting...,2005,6.2,237,Comedy
Dead Man's Shoes,2004,7.2,151,Drama Thriller Crime
From a Whisper to a Scream,1987,6.8,15,Comedy Horror
Sex With Strangers,2002,5.0,1,Documentary
Dracula: Pages from a Virgin's Diary,2002,6.9,8,Horror
Faith Like Potatoes,2006,6.0,9,Drama
Beyond the Black Rainbow,2010,5.7,77,Fantasy Science Fiction Horror
The Raid,2011,7.3,1055,Action Thriller Crime
The Dead Undead,2010,3.1,6,Horror Science Fiction Action
The Vatican Exorcisms,2013,4.4,11,Horror Documentary Mystery
Casablanca,1942,7.9,1422,Drama Romance
Lake Mungo,2008,6.1,90,Horror Thriller
Rocket Singh: Salesman of the Year,2009,7.0,27,Drama Comedy Romance
Silent Running,1972,6.3,177,Adventure Drama Science Fiction
Rocky,1976,7.5,1791,Drama
The Sleepwalker,2014,4.1,7,Drama
Tom Jones,1963,6.1,39,Adventure Comedy History Romance
Unfriended,2015,5.5,1047,Horror Thriller
Taxi Driver,1976,8.0,2535,Crime Drama
The Howling,1981,6.4,161,Drama Horror
Dr. No,1962,6.9,940,Adventure Action Thriller
Chernobyl Diaries,2012,4.9,483,Horror Thriller
Hellraiser,1987,6.9,449,Horror
God's Not Dead 2,2016,5.7,72,Drama
Cry_Wolf,2005,5.6,126,Horror Thriller
Godzilla 2000,1999,5.9,43,Adventure Horror Action Science Fiction
Blue Valentine,2010,6.9,890,Drama Romance
Transamerica,2005,6.9,144,Drama
The Devil Inside,2012,4.6,262,Thriller Horror
Beyond the Valley of the Dolls,1970,6.6,53,Comedy Drama Thriller
Love Me Tender,1956,5.5,21,Drama Action Western Music Romance
An Inconvenient Truth,2006,6.7,251,Documentary
Sands of Iwo Jima,1949,6.2,33,Action Drama History War
Shine a Light,2008,7.2,44,Documentary Music
The Green Inferno,2014,5.0,349,Action Adventure Horror Thriller
Departure,2016,7.5,12,Drama Romance Family
The Sessions,2012,6.6,179,Drama Romance Comedy
"Food, Inc.",2008,7.4,217,Documentary
October Baby,2011,6.8,35,Drama
Next Stop Wonderland,1998,6.0,20,Comedy Drama Romance
The Skeleton Twins,2014,6.7,292,Drama
Martha Marcy May Marlene,2011,6.7,277,Drama Thriller
Obvious Child,2014,6.7,187,Comedy Romance
Frozen River,2008,6.7,99,Drama
20 Feet from Stardom,2013,7.4,85,Documentary Music
Two Girls and a Guy,1997,5.4,24,Drama Romance
Walking and Talking,1996,6.6,7,Comedy Drama Romance
Who Killed the Electric Car?,2006,7.2,59,Documentary
The Broken Hearts Club: A Romantic Comedy,2000,6.3,25,Comedy Drama Romance
Bubba Ho-tep,2002,6.7,191,Comedy Horror Thriller Mystery Fantasy
Slam,1998,6.7,7,Drama
Brigham City,2001,7.3,4,Crime Drama Mystery Thriller
Fiza,2000,6.1,7,Drama Foreign Romance
Orgazmo,1997,6.2,115,Comedy
All the Real Girls,2003,5.9,30,Drama Romance
Dream with the Fishes,1997,7.7,10,Comedy
Blue Car,2002,6.7,13,Drama
Palo Alto,2014,6.4,348,Drama
Ajami,2009,6.8,27,Crime Drama
Wristcutters: A Love Story,2006,6.7,160,Comedy Drama Fantasy Romance
I Origins,2014,7.5,1063,Science Fiction Drama
The Battle of Shaker Heights,2003,5.6,17,Comedy Drama Romance
The Act of Killing,2012,7.5,210,Documentary
Taxi to the Dark Side,2007,6.6,53,Documentary
Once in a Lifetime: The Extraordinary Story of the New York Cosmos,2006,4.7,3,Documentary
Guiana 1838,2004,2.8,3,Drama
Lisa Picard Is Famous,2000,4.0,1,Unknown
Antarctica: A Year on Ice,2013,7.2,29,Drama Adventure Documentary
A LEGO Brickumentary,2015,6.4,55,Documentary
Hardflip,2012,4.7,5,Drama Action
Chocolate: Deep Dark Secrets,2005,3.4,6,Thriller
The House of the Devil,2009,6.0,197,Mystery Horror
The Perfect Host,2010,6.2,135,Comedy Thriller Crime
Safe Men,1998,6.3,16,Comedy Crime
Speedway Junky,1999,5.2,7,Romance Drama Crime
The Last Big Thing,1998,6.0,3,Comedy Drama
The Specials,2000,5.5,11,Action Comedy
16 to Life,2009,4.4,5,Comedy Romance
Alone With Her,2006,6.2,20,Crime Drama Romance Thriller
Creative Control,2016,5.4,25,Drama Science Fiction
Special,2006,6.6,32,Drama Fantasy Science Fiction
Sparkler,1999,0.0,1,Unknown
The Helix... Loaded,2005,4.8,2,Action Comedy Science Fiction
In Her Line of Fire,2006,3.3,9,Drama Action Thriller
The Jimmy Show,2002,8.0,1,Comedy Drama
Heli,2013,6.2,32,Crime Drama
Karachi se Lahore,2015,8.0,1,Family Comedy
Loving Annabelle,2006,6.4,55,Drama Romance
Hits,2014,4.9,23,Drama Comedy
Jimmy and Judy,2006,5.4,8,Action Crime Drama Thriller
Frat Party,2009,3.5,4,Comedy Romance
The Party's Over,1965,6.1,6,Drama
Proud,2004,5.5,3,Drama
The Poker House,2008,6.1,47,Drama
Childless,2015,4.5,2,Unknown
ZMD: Zombies of Mass Destruction,2009,4.7,31,Horror
Snow White: A Deadly Summer,2012,4.8,11,Horror Thriller
Hidden Away,2014,7.6,26,Romance Drama
My Last Day Without You,2011,5.7,3,Comedy Drama Romance
Steppin: The Movie,2009,5.0,4,Comedy Romance
Doc Holliday's Revenge,2014,3.2,3,Western
Black Rock,2012,4.9,78,Thriller Horror
Truth or Dare,2012,5.7,117,Horror Thriller Mystery
The Pet,2006,5.3,3,Drama Thriller
Bang Bang Baby,2014,6.6,8,Science Fiction Drama Music
Fear Clinic,2014,4.0,42,Horror
Zombie Hunter,2013,3.5,34,Comedy Action Science Fiction Thriller
A Fine Step,2014,4.1,7,Drama
Charly,1968,6.6,28,Drama Romance Science Fiction
Banshee Chapter,2013,5.7,92,Horror Thriller
Ask Me Anything,2014,5.5,155,Drama Mystery Thriller
And Then Came Love,2007,5.0,1,Comedy Romance
Food Chains,2014,7.4,8,Documentary
On the Waterfront,1954,8.0,357,Crime Drama
L!fe Happens,2011,5.3,66,Comedy
"4 Months, 3 Weeks and 2 Days",2007,7.3,156,Drama
The Horror Network Vol. 1,2015,5.0,2,Horror
Hard Candy,2005,6.8,701,Drama Thriller
The Quiet,2005,6.1,73,Drama Thriller
Circumstance,2011,7.4,23,Drama
Fruitvale Station,2013,7.3,390,Drama
The Brass Teapot,2012,5.8,160,Comedy Fantasy Thriller
Bambi,1942,6.8,1405,Animation Drama Family
The Hammer,2007,6.5,15,Comedy
Latter Days,2003,6.7,56,Drama Comedy Romance
Elza,2011,0.0,0,Drama
1982,2013,5.0,1,Drama
"For a Good Time, Call...",2012,5.8,110,Comedy
Celeste & Jesse Forever,2012,6.4,163,Comedy Drama Romance
Time Changer,2002,5.2,9,Comedy Drama Family Science Fiction
London to Brighton,2006,6.5,34,Crime Drama Thriller
American Hero,2015,5.0,62,Action Comedy Science Fiction
Windsor Drive,2015,2.0,1,Thriller Mystery
A Separation,2011,7.7,469,Drama
Crying with Laughter,2009,7.0,1,Comedy Drama Thriller
Welcome to the Dollhouse,1995,6.9,103,Comedy Drama
Ruby in Paradise,1993,5.6,10,Drama Romance
Raising Victor Vargas,2002,7.8,13,Drama Romance
Pandora's Box,1929,7.6,45,Drama Thriller Romance
Harrison Montgomery,2008,0.0,0,Unknown
Live-In Maid,2004,7.8,3,Drama Foreign
Deterrence,2000,6.1,7,Action Drama Mystery Thriller
The Mudge Boy,2003,7.3,23,Drama
The Young Unknowns,2000,0.0,0,Drama
Not Cool,2014,3.7,25,Comedy
Dead Snow,2009,6.1,311,Horror Comedy
Saints and Soldiers,2003,6.6,98,Action Adventure Drama History War
Vessel,2012,5.9,8,Horror Science Fiction
American Graffiti,1973,6.9,324,Comedy Drama
Iraq for Sale: The War Profiteers,2006,8.0,6,Documentary
Aqua Teen Hunger Force Colon Movie Film for Theaters,2007,6.5,35,Animation Comedy
Safety Not Guaranteed,2012,6.8,556,Comedy Romance Science Fiction Drama
Kevin Hart: Laugh at My Pain,2011,7.7,43,Comedy Documentary
Kill List,2011,6.0,210,Horror Thriller Crime
The Innkeepers,2011,5.4,219,Horror Thriller
The Conformist,1970,7.6,127,Drama
Interview with the Assassin,2002,5.6,5,Drama Thriller
Donkey Punch,2008,4.5,52,Horror Drama Thriller Crime
All the Boys Love Mandy Lane,2008,5.7,209,Horror Mystery Thriller
Bled,2008,3.8,4,Horror
High Noon,1952,7.6,334,Western
Hoop Dreams,1994,7.7,87,Documentary
Rize,2005,5.9,13,Documentary
L.I.E.,2001,6.7,31,Drama
The Sisterhood of Night,2015,6.5,31,Mystery Drama Thriller
B-Girl,2009,5.5,7,Crime Drama Music
Half Nelson,2006,6.5,240,Drama
Naturally Native,1999,0.0,0,Drama
Hav Plenty,1997,0.0,0,Action Comedy Romance Science Fiction Thriller
Adulterers,2016,5.2,16,Thriller Crime Drama
Escape from Tomorrow,2013,4.8,87,Horror Fantasy
Starsuckers,2009,6.2,5,Documentary Foreign
The Hadza:  Last of the First,2014,0.0,0,Documentary
After,2012,5.6,63,Mystery Thriller
Treachery,2013,4.8,5,Drama
Walter,2015,5.3,26,Drama Comedy
Top Hat,1935,7.4,59,Comedy Music Romance
The Blair Witch Project,1999,6.3,1055,Horror Mystery
Woodstock,1970,7.1,66,History Documentary Music
The Kentucky Fried Movie,1977,6.4,66,Comedy
Mercy Streets,2000,5.5,2,Action Adventure Drama
Carousel of Revenge,2007,0.0,0,Thriller Mystery
Broken Vessels,1998,6.0,2,Drama
Water & Power,2014,3.0,1,Crime Drama
They Will Have to Kill Us First,2015,5.0,1,Music Documentary
Light from the Darkroom,2014,0.0,0,Unknown
The Country Doctor,2016,6.0,63,Drama Comedy
The Maid's Room,2014,4.8,4,Thriller
A Hard Day's Night,1964,7.3,168,Comedy Music
The Harvest (La Cosecha),2011,0.0,0,Documentary
Love Letters,1983,4.6,4,Drama Thriller
Juliet and Alfa Romeo,2015,6.0,1,Comedy Drama
Fireproof,2008,7.0,100,Drama
Faith Connections,2013,4.2,3,Documentary Drama
Benji,1974,6.1,35,Adventure Family Romance
Open Water,2004,5.4,315,Drama Thriller
High Road,2012,5.8,22,Comedy
Kingdom of the Spiders,1977,5.7,30,Horror Science Fiction
Mad Hot Ballroom,2005,7.2,8,Documentary Family
The Station Agent,2003,7.4,210,Drama Comedy
To Save A Life,2009,6.2,21,Drama
Wordplay,2006,7.3,10,Documentary
Beyond the Mat,1999,7.8,17,Documentary
The Singles Ward,2002,7.5,4,Comedy Drama Family Romance
Osama,2003,6.3,32,Drama
Sholem Aleichem: Laughing In The Darkness,2012,7.0,2,Documentary
Groove,2000,5.6,6,Drama Music Romance
The R.M.,2003,4.8,4,Comedy Crime Family
Twin Falls Idaho,1999,7.0,11,Drama Romance
Mean Creek,2004,6.9,106,Crime Drama
Hurricane Streets,1997,4.8,4,Romance Crime Drama
Never Again,2002,4.0,3,Comedy Romance
Civil Brand,2003,5.3,4,Crime Drama Thriller
Lonesome Jim,2005,6.4,26,Comedy Drama Romance
Drinking Buddies,2013,6.0,356,Romance Drama
Deceptive Practice: The Mysteries and Mentors of Ricky Jay,2012,7.1,17,Documentary
Seven Samurai,1954,8.2,878,Action Drama
The Other Dream Team,2012,6.9,7,Documentary
Johnny Suede,1991,4.7,13,Comedy Romance
Finishing The Game,2007,4.9,8,Comedy
Rubber,2010,5.7,251,Comedy Drama Fantasy Horror Mystery
Kiss the Bride,2007,4.2,11,Drama Comedy Romance
The Slaughter Rule,2002,6.2,9,Drama
Monsters,2010,6.2,587,Drama Thriller Science Fiction
The Californians,2005,4.0,1,Drama Comedy
The Living Wake,2007,5.0,1,Comedy
Detention of the Dead,2012,4.5,34,Comedy Horror
Crazy Stone,2006,6.9,22,Action Comedy
Scott Walker: 30 Century Man,2006,7.0,8,Documentary Music
Everything Put Together,2001,5.0,2,Drama
Good Kill,2015,5.9,208,Action Drama Thriller
The Outrageous Sophie Tucker,2014,0.0,0,Unknown
Now Is Good,2012,7.3,371,Drama Romance
Girls Gone Dead,2012,3.5,14,Horror Comedy
Subconscious,2015,3.4,4,Action Thriller Mystery
Enter Nowhere,2011,6.5,49,Mystery Science Fiction Thriller
El Rey de Najayo,2012,0.0,0,Crime Drama
Fight to the Finish,2016,5.2,3,Romance Action
Alleluia! The Devil's Carnival,2016,6.0,2,Music Horror
The Sound and the Shadow,2014,0.0,0,Thriller Comedy Mystery
Rodeo Girl,2016,5.5,1,Family
Born to Fly: Elizabeth Streb vs. Gravity,2014,5.0,1,Documentary
The Little Ponderosa Zoo,2014,2.0,1,Unknown
The Toxic Avenger,1984,6.3,113,Science Fiction Action Comedy Horror
Straight Out of Brooklyn,1991,4.3,4,Drama
Bloody Sunday,2002,7.2,53,Action Adventure Drama History
Diamond Ruff,2015,2.4,4,Unknown
Conversations with Other Women,2006,6.2,38,Drama Romance
Poultrygeist: Night of the Chicken Dead,2006,5.9,41,Horror Comedy
Mutual Friends,2014,0.0,0,Unknown
42nd Street,1933,6.1,37,Music Comedy Romance
Rise of the Entrepreneur: The Search for a Better Way,2014,8.0,1,Unknown
Metropolitan,1990,7.0,38,Comedy Drama
As It Is in Heaven,2004,6.9,42,Romance Drama Comedy Music
Roadside,2013,4.2,5,Horror Drama
Napoleon Dynamite,2004,6.7,554,Comedy
Blue Ruin,2014,6.9,462,Crime Thriller
Paranormal Activity,2007,5.9,1316,Horror Mystery
Dogtown and Z-Boys,2001,7.2,52,Documentary
Monty Python and the Holy Grail,1975,7.8,1708,Adventure Comedy Fantasy
Quinceañera,2006,7.0,7,Drama
Gory Gory Hallelujah,2003,1.0,1,Unknown
Tarnation,2003,7.5,22,Documentary Drama
I Want Your Money,2010,3.8,5,Documentary
Love in the Time of Monsters,2014,5.0,2,Horror Comedy
The Beyond,1981,6.6,117,Horror
What Happens in Vegas,2008,5.8,923,Comedy Romance
The Dark Hours,2005,5.5,22,Horror Science Fiction Thriller
My Beautiful Laundrette,1985,6.6,51,Romance Drama Comedy
Fabled,2002,0.0,0,Drama Mystery Thriller
Show Me,2004,5.6,4,Drama Thriller
Cries and Whispers,1972,7.8,115,Drama
Intolerance,1916,7.4,60,Drama
Trekkies,1997,6.3,22,Documentary
The Broadway Melody,1929,5.0,19,Drama Music Romance
The Evil Dead,1981,7.3,894,Horror
Maniac,2012,6.0,316,Horror
Censored Voices,2015,5.1,8,History Documentary
Murderball,2005,6.9,23,Documentary
American Ninja 2: The Confrontation,1987,4.9,49,Action Adventure Drama
51 Birch Street,2006,6.8,6,Documentary
Rotor DR1,2015,4.7,3,Science Fiction Family
12 Angry Men,1957,8.2,2078,Drama
My Dog Tulip,2009,7.6,9,Animation Comedy Drama
It Happened One Night,1934,7.7,275,Comedy Romance
Dogtooth,2009,6.9,332,Drama
Tupac: Resurrection,2003,8.0,26,Music Documentary
Tumbleweeds,1999,6.2,11,Comedy Drama
The Prophecy,1995,6.4,138,Fantasy Horror Thriller
When the Cat's Away,1996,6.1,16,Comedy
Pieces of April,2003,6.4,64,Comedy Drama
The Big Swap,1998,0.0,0,Unknown
Old Joy,2006,6.3,36,Drama
Wendy and Lucy,2008,6.4,64,Drama
3 Backyards,2010,4.8,4,Drama
Pierrot le Fou,1965,7.6,127,Drama Thriller
Sisters in Law,2005,7.3,2,Documentary
Ayurveda: Art of Being,2001,5.5,3,Documentary
Nothing But a Man,1964,7.0,2,Drama
"First Love, Last Rites",1998,3.0,1,Drama
Fighting Tommy Riley,2005,5.3,4,Action Adventure Drama
Royal Kill,2009,2.8,6,Action Thriller
The Looking Glass,2015,7.0,1,Unknown
Death Race 2000,1975,5.9,124,Action Comedy Science Fiction
Locker 13,2014,6.8,3,Horror Drama Thriller
Midnight Cabaret,1990,0.0,0,Horror
Anderson's Cross,2010,0.0,0,Romance Comedy Drama
Bizarre,2015,6.2,11,Drama Romance
Graduation Day,1981,5.0,22,Horror
Some Guy Who Kills People,2011,5.7,45,Comedy Horror Thriller
Compliance,2012,6.3,221,Drama Thriller Crime
Chasing Amy,1997,6.7,433,Comedy Drama Romance
Lovely & Amazing,2001,6.3,23,Comedy Drama Romance
Death Calls,2010,0.0,0,Unknown
Better Luck Tomorrow,2002,6.5,27,Crime Drama
The Incredibly True Adventure of Two Girls In Love,1995,5.7,13,Comedy Drama Romance
Chuck & Buck,2000,5.7,16,Comedy Drama
American Desi,2001,5.0,4,Drama Comedy Romance
Amidst the Devil's Wings,2014,0.0,0,Drama Action Crime
Cube,1997,6.9,1069,Thriller Science Fiction Mystery
Love and Other Catastrophes,1996,5.8,9,Comedy Romance
I Married a Strange Person!,1998,7.5,12,Drama Comedy Animation
November,2004,4.9,11,Drama Mystery Thriller
Like Crazy,2011,6.4,381,Drama Romance
Teeth and Blood,2015,3.0,1,Horror
Sugar Town,1999,5.5,2,Comedy
The Motel,2005,7.0,3,Drama Comedy
The Canyons,2013,4.1,75,Thriller Drama
On the Outs,2004,5.9,6,Drama
Shotgun Stories,2007,6.9,57,Drama Thriller
Exam,2009,6.6,523,Thriller Mystery
The Sticky Fingers of Time,1997,4.8,3,Science Fiction Drama
Sunday School Musical,2008,5.5,4,Music
Rust,2010,0.0,0,Drama
Ink,2009,6.4,101,Action Fantasy
The Christmas Bunny,2010,5.7,7,Drama Family
Butterfly,1982,5.0,12,Crime Drama
UnDivided,2013,0.0,0,Unknown
The Frozen,2012,4.2,14,Horror Thriller
Horse Camp,2015,5.5,2,Family Drama
Give Me Shelter,2014,0.0,0,Documentary
The Big Parade,1925,7.0,21,Drama Romance War
Little Big Top,2006,10.0,1,Comedy
Along the Roadside,2013,7.7,3,Romance Comedy Music
Bronson,2008,6.9,733,Drama Action Crime
Western Religion,2015,0.0,0,Western
Burn,2012,6.9,6,Foreign Documentary
Urbania,2000,5.2,10,Romance Drama
The Stewardesses,1969,4.3,5,Comedy
"The Beast from 20,000 Fathoms",1953,6.7,41,Adventure Horror Science Fiction
Mad Max,1979,6.6,1213,Adventure Action Thriller Science Fiction
Swingers,1996,6.8,253,Comedy Romance
A Fistful of Dollars,1964,7.6,883,Western
She Done Him Wrong,1933,5.1,27,Comedy
Short Cut to Nirvana: Kumbh Mela,2004,0.0,0,Unknown
The Grace Card,2011,6.5,10,Drama
Middle of Nowhere,2012,6.6,7,Drama
Three,2010,6.3,31,Romance Drama Comedy
The Business of Fancydancing,2002,8.0,2,Music Drama
Call + Response,2008,8.0,1,Documentary
Malevolence,2004,4.9,14,Crime Horror Thriller
Reality Show,2015,5.5,2,Unknown
Super Hybrid,2010,4.6,24,Horror
Baghead,2008,5.8,23,Drama Comedy Horror
American Beast,2014,0.0,0,Horror
The Case of the Grinning Cat,2004,7.7,3,Documentary
Ordet,1955,7.8,65,Drama
Good Dick,2008,6.1,34,Comedy Drama Romance
The Man from Earth,2007,7.7,687,Science Fiction Drama
The Trials Of Darryl Hunt,2007,6.8,4,Documentary
Samantha: An American Girl Holiday,2004,4.6,9,Drama Family
Yesterday Was a Lie,2008,6.0,4,Drama Mystery Science Fiction Thriller
Theresa Is a Mother,2015,0.0,0,Music Comedy Drama
H.,2014,6.5,4,Thriller Drama Science Fiction
Archaeology of a Woman,2014,0.0,0,Drama
Children of Heaven,1997,7.8,112,Drama Comedy Family
Weekend,2011,7.4,163,Drama Romance
She's Gotta Have It,1986,6.1,25,Comedy Romance
Butterfly Girl,2014,0.0,0,Documentary
The World Is Mine,2015,0.0,0,Drama
Another Earth,2011,6.8,527,Drama Science Fiction
Sweet Sweetback's Baadasssss Song,1971,4.6,18,Action Drama Romance
Perfect Cowboy,2014,5.0,1,Drama
Tadpole,2002,5.5,19,Comedy Drama Romance
Once,2007,7.3,453,Drama Music Romance
The Woman Chaser,1999,4.9,4,Drama
The Horse Boy,2009,5.5,2,Documentary
When the Lights Went Out,2012,5.8,49,Thriller Drama Horror
Heroes of Dirt,2015,0.0,0,Action Drama
A Charlie Brown Christmas,1965,7.5,153,Animation Family Comedy TV Movie
Antarctic Edge: 70° South,2015,0.0,0,Documentary
Aroused,2013,7.2,11,Documentary
Top Spin,2014,6.8,6,Documentary
Roger & Me,1989,7.4,90,Documentary History
An American in Hollywood,2014,0.0,0,Unknown
Sound of My Voice,2011,6.3,108,Science Fiction Drama Mystery
The Blood of My Brother: A Story of Death in Iraq,2005,0.0,0,Unknown
Your Sister's Sister,2011,6.5,137,Drama Comedy
A Dog's Breakfast,2007,5.9,24,Comedy
The Married Woman,1964,7.1,20,Drama Romance
The Birth of a Nation,2016,6.5,178,Drama
The Work and The Story,2003,0.0,0,Comedy
Facing the Giants,2006,6.6,64,Drama
The Gallows,2015,4.9,361,Horror Thriller
Eraserhead,1977,7.5,485,Drama Fantasy Horror Science Fiction
Hollywood Shuffle,1987,5.7,19,Comedy
The Mighty,1998,7.1,51,Comedy Drama
Penitentiary,1979,4.9,8,Action Drama
The Lost Skeleton of Cadavra,2001,6.5,30,Comedy Horror Science Fiction
Dude Where's My Dog?,2014,0.0,0,Family
Cheap Thrills,2013,6.3,155,Drama Comedy Crime
Indie Game: The Movie,2012,7.4,203,Documentary
Straightheads,2007,5.2,40,Thriller
Open Secret,1948,7.0,2,Crime Mystery Thriller
Echo Dr.,2013,5.0,1,Thriller Action Drama Science Fiction
The Night Visitor,1971,7.3,6,Crime Horror
The Past Is a Grotesque Animal,2014,5.5,2,Documentary Music
"Peace, Propaganda & the Promised Land",2005,6.4,4,Documentary
Pi,1998,7.1,586,Mystery Drama Thriller
"I Love You, Don't Touch Me!",1997,6.0,1,Comedy Romance
20 Dates,1998,3.7,3,Romance Comedy
Queen Crab,2015,3.3,3,Science Fiction
Super Size Me,2004,6.6,506,Documentary Comedy Drama
The FP,2011,4.5,11,Comedy
Happy Christmas,2014,5.2,58,Comedy Drama
The Brain That Wouldn't Die,1962,4.4,32,Horror Science Fiction
Tiger Orange,2014,6.4,4,Drama
Supporting Characters,2012,6.7,10,Drama Comedy
Absentia,2011,5.8,121,Mystery Horror Thriller
The Brothers McMullen,1995,6.3,23,Comedy Drama Romance
The Dirties,2013,6.0,42,Drama
Gabriela,1983,6.0,2,Drama Romance
Tiny Furniture,2010,5.6,59,Romance Comedy Drama
Hayride,2012,5.1,6,Thriller Horror
The Naked Ape,2006,5.0,1,Drama Comedy Family
Counting,2015,8.3,3,Documentary
The Call of Cthulhu,2005,6.9,41,Horror Thriller Fantasy
Bending Steel,2013,5.0,1,Documentary
The Signal,2014,5.8,631,Thriller Science Fiction
The Image Revolution,2013,5.7,3,Documentary
This Is Martin Bonner,2013,6.6,4,Drama
A True Story,2013,6.8,2,Comedy
George Washington,2000,6.4,36,Drama
Smiling Fish & Goat On Fire,1999,7.0,1,Comedy Romance
Dawn of the Crescent Moon,2014,2.0,1,Thriller Drama Science Fiction
Raymond Did It,2011,3.2,8,Horror
The Last Waltz,1978,7.9,64,Documentary Music
"Run, Hide, Die",2015,3.5,2,Thriller Horror
The Exploding Girl,2009,6.4,15,Drama Romance
The Legend of God's Gun,2007,0.0,0,Action Western
Mutual Appreciation,2005,6.1,8,Drama Comedy
Her Cry: La Llorona Investigation,2013,0.0,0,Horror
Down Terrace,2009,6.3,26,Drama Action Comedy
Clerks,1994,7.4,755,Comedy
Pink Narcissus,1971,6.0,9,Drama Romance
Funny Ha Ha,2002,6.3,8,Drama Comedy
In the Company of Men,1997,6.8,44,Comedy Drama
Manito,2002,5.5,2,Drama
Rampage,2009,6.0,131,Action Drama Crime Thriller
Slacker,1990,6.4,77,Comedy
Dutch Kills,2015,0.0,0,Thriller Crime Drama
Dry Spell,2013,6.0,1,Comedy Romance
Flywheel,2003,6.8,19,Drama Family
Backmask,2015,4.7,79,Thriller Horror
The Puffy Chair,2005,6.2,15,Drama Comedy Romance
Stories of Our Lives,2014,0.0,0,Drama
Breaking Upwards,2009,5.6,12,Comedy Romance
All Superheroes Must Die,2011,4.2,13,Science Fiction Thriller
Pink Flamingos,1972,6.2,110,Horror Comedy Crime
Clean,2004,6.7,17,Drama
The Circle,2000,6.6,17,Drama Foreign
Tin Can Man,2007,2.0,1,Horror
Cure,1997,7.4,63,Crime Horror Mystery Thriller
On The Downlow,2004,6.0,2,Drama
Sanctuary: Quite a Conundrum,2012,0.0,0,Thriller Horror Comedy
Bang,1995,6.0,1,Drama
Primer,2004,6.9,658,Science Fiction Drama Thriller
Cavite,2005,7.5,2,Foreign Thriller
El Mariachi,1992,6.6,238,Action Crime Thriller
Newlyweds,2011,5.9,5,Comedy Romance
"Signed, Sealed, Delivered",2013,7.0,6,Comedy Drama Romance TV Movie
Shanghai Calling,2012,5.7,7,Unknown
My Date with Drew,2005,6.3,16,Documentary
